Input Data File  : data/models_group1/IPC3.inp
Output File      : data/models_group1/IPC3.out
Model: VARMA(3,0)
Include mean     : yes
Diagonal AR      : no
Diagonal MA      : no
Diagonal Cov     : no
Estimation method: 1
Two-step init    : no
Frequency        : 12
Start            : 1 2002
Box-Cox lambda   : 0
Rescale factor   : 1
Differences      : d=1, D=0 (seasonal lag=12)
Deseasonalize    : harmonic (auto)
Series names     : IPC_ES IPC_FR IPC_DE
Observations     : 215 (raw 216)

Number of parameters: 36

=============================================================
  OPTIMIZER CONVERGED after 33 iterations
  Objective function = 0.857024564413
  Convergence criterion: scaled distance between last two steps <= steptol
=============================================================



=============================================================
  Estimated Parameters and Standard Deviations               
=============================================================

                        Parameter     Estimate    Std.Error   t-stat  p-val
--------------------------------------------------------------------
mu[1]                   0.001546     0.000240    6.437 0.0000 ***
mu[2]                   0.001133     0.000164    6.922 0.0000 ***
mu[3]                   0.001158     0.000156    7.442 0.0000 ***
phi[1]_11              0.330424     0.078231    4.224 0.0000 ***
phi[1]_12             -0.054043     0.113832   -0.475 0.6350    
phi[1]_13              0.232373     0.085696    2.712 0.0067 ** 
phi[1]_21              0.256920     0.058272    4.409 0.0000 ***
phi[1]_22             -0.273709     0.088046   -3.109 0.0019 ** 
phi[1]_23              0.188988     0.064373    2.936 0.0033 ** 
phi[1]_31             -0.027135     0.070203   -0.387 0.6991    
phi[1]_32              0.092717     0.107240    0.865 0.3873    
phi[1]_33              0.061562     0.078892    0.780 0.4352    
phi[2]_11             -0.081940     0.086997   -0.942 0.3463    
phi[2]_12              0.146489     0.117169    1.250 0.2112    
phi[2]_13             -0.034498     0.087053   -0.396 0.6919    
phi[2]_21              0.010883     0.064241    0.169 0.8655    
phi[2]_22              0.037858     0.088152    0.429 0.6676    
phi[2]_23             -0.086017     0.065038   -1.323 0.1860    
phi[2]_31             -0.066257     0.081895   -0.809 0.4185    
phi[2]_32              0.191037     0.109379    1.747 0.0807 .  
phi[2]_33              0.028960     0.082514    0.351 0.7256    
phi[3]_11              0.061348     0.075143    0.816 0.4143    
phi[3]_12              0.017253     0.112509    0.153 0.8781    
phi[3]_13             -0.097101     0.083865   -1.158 0.2469    
phi[3]_21              0.055857     0.060683    0.920 0.3573    
phi[3]_22              0.047699     0.086912    0.549 0.5831    
phi[3]_23             -0.135408     0.064130   -2.111 0.0347 *  
phi[3]_31             -0.060638     0.073545   -0.824 0.4097    
phi[3]_32              0.184665     0.104014    1.775 0.0758 .  
phi[3]_33             -0.191168     0.076565   -2.497 0.0125 *  
cov[1,1]               1.247621     0.083626   14.919 0.0000 ***
cov[2,1]               0.432132     0.053035    8.148 0.0000 ***
cov[2,2]               0.639578     0.066874    9.564 0.0000 ***
cov[3,1]               0.595043     0.059614    9.982 0.0000 ***
cov[3,2]               0.436272     0.051173    8.525 0.0000 ***
cov[3,3]               1.058064     0.085104   12.433 0.0000 ***
--------------------------------------------------------------------
Signif. codes:  0 '***' 0.001 '**' 0.01 '*' 0.05 '.' 0.1 ' ' 1



=============================================================
           JOINT HYPOTHESIS TESTS (WALD)                    
=============================================================

Test of joint significance of last lag (AR(3) and MA(0)):
  Wald chi2(9) = 12.6162, p-value = 0.1808
  Conclusion: Cannot reject H0 → last lag is not significant.

Test of joint significance of last AR lag (AR(3)):
  Wald chi2(9) = 12.6162, p-value = 0.1808
  Conclusion: Cannot reject H0 → last AR lag is not significant.

Test of joint significance of all cross effects:
  H0: all cross coefficients = 0
  Wald chi2(18) = 64.3149, p-value = 0.0000
  Conclusion: REJECT H0 → cross effects are jointly significant.

--- Directional cross-effects tests ---

IPC_ES: effects of other variables on it:
  H0: all coefficients in equation IPC_ES from other vars = 0
  Wald chi2(6) = 12.4341, p-value = 0.0530
  Conclusion: Cannot reject H0 → IPC_ES is not influenced by others.

IPC_ES: effects of it on other variables:
  H0: all coefficients of IPC_ES in other equations = 0
  Wald chi2(6) = 34.4300, p-value = 0.0000
  Conclusion: REJECT H0 → IPC_ES influences others.

IPC_FR: effects of other variables on it:
  H0: all coefficients in equation IPC_FR from other vars = 0
  Wald chi2(6) = 41.3944, p-value = 0.0000
  Conclusion: REJECT H0 → IPC_FR is influenced by others.

IPC_FR: effects of it on other variables:
  H0: all coefficients of IPC_FR in other equations = 0
  Wald chi2(6) = 7.6107, p-value = 0.2680
  Conclusion: Cannot reject H0 → IPC_FR does not influence others.

IPC_DE: effects of other variables on it:
  H0: all coefficients in equation IPC_DE from other vars = 0
  Wald chi2(6) = 5.4009, p-value = 0.4935
  Conclusion: Cannot reject H0 → IPC_DE is not influenced by others.

IPC_DE: effects of it on other variables:
  H0: all coefficients of IPC_DE in other equations = 0
  Wald chi2(6) = 16.3225, p-value = 0.0121
  Conclusion: REJECT H0 → IPC_DE influences others.


=============================================================
           ORTHOGONALIZED IMPULSE RESPONSE FUNCTIONS        
=============================================================
Shocks are orthogonalized via Cholesky decomposition of Sigma Matrix.
Order of variables: as in the model.

Shock to IPC_ES:
Horizon   IPC_ES   IPC_FR   IPC_DE
    0     0.0025   0.0009   0.0012
    1     0.0011   0.0006   0.0001
    2     0.0002   0.0001   0.0001
    3     0.0001   0.0001  -0.0002
    4     0.0001   0.0001   0.0000
    5     0.0000   0.0000  -0.0000
    6     0.0000   0.0000   0.0000
    7     0.0000   0.0000   0.0000
    8     0.0000   0.0000   0.0000
    9     0.0000   0.0000  -0.0000
   10     0.0000   0.0000  -0.0000
   11    -0.0000  -0.0000  -0.0000
   12     0.0000   0.0000   0.0000
   13     0.0000   0.0000   0.0000
   14     0.0000   0.0000   0.0000
   15     0.0000   0.0000   0.0000
   16     0.0000   0.0000   0.0000
   17     0.0000  -0.0000  -0.0000
   18    -0.0000  -0.0000  -0.0000
   19    -0.0000  -0.0000  -0.0000
   20     0.0000   0.0000   0.0000

Shock to IPC_FR:
Horizon   IPC_ES   IPC_FR   IPC_DE
    0     0.0000   0.0016   0.0007
    1     0.0001  -0.0003   0.0002
    2     0.0003   0.0001   0.0003
    3     0.0001   0.0000   0.0001
    4     0.0000  -0.0000  -0.0001
    5    -0.0000  -0.0000  -0.0001
    6    -0.0000  -0.0000  -0.0000
    7    -0.0000   0.0000  -0.0000
    8     0.0000   0.0000   0.0000
    9     0.0000   0.0000   0.0000
   10     0.0000   0.0000   0.0000
   11     0.0000  -0.0000   0.0000
   12    -0.0000  -0.0000  -0.0000
   13    -0.0000  -0.0000  -0.0000
   14    -0.0000  -0.0000  -0.0000
   15    -0.0000   0.0000   0.0000
   16     0.0000   0.0000   0.0000
   17     0.0000   0.0000   0.0000
   18     0.0000   0.0000   0.0000
   19     0.0000  -0.0000  -0.0000
   20    -0.0000  -0.0000  -0.0000

Shock to IPC_DE:
Horizon   IPC_ES   IPC_FR   IPC_DE
    0     0.0000   0.0000   0.0018
    1     0.0004   0.0003   0.0001
    2     0.0001  -0.0001   0.0001
    3    -0.0001  -0.0002  -0.0003
    4    -0.0001  -0.0000  -0.0000
    5    -0.0001  -0.0000  -0.0001
    6    -0.0000   0.0000   0.0000
    7     0.0000   0.0000   0.0000
    8     0.0000   0.0000   0.0000
    9     0.0000  -0.0000  -0.0000
   10    -0.0000  -0.0000  -0.0000
   11    -0.0000  -0.0000  -0.0000
   12    -0.0000  -0.0000  -0.0000
   13    -0.0000  -0.0000  -0.0000
   14     0.0000   0.0000   0.0000
   15     0.0000   0.0000   0.0000
   16     0.0000   0.0000   0.0000
   17     0.0000  -0.0000  -0.0000
   18    -0.0000  -0.0000  -0.0000
   19    -0.0000  -0.0000  -0.0000
   20    -0.0000  -0.0000  -0.0000


=============================================================
        ACCUMULATED IMPULSE RESPONSE FUNCTIONS               
=============================================================
Cumulative response of each variable to a one-s.d. shock
(sum of responses up to each horizon).

Shock to IPC_ES:
Horizon   IPC_ES   IPC_FR   IPC_DE
    0     0.0025   0.0009   0.0012
    1     0.0036   0.0015   0.0013
    2     0.0038   0.0016   0.0014
    3     0.0039   0.0017   0.0012
    4     0.0040   0.0017   0.0012
    5     0.0040   0.0018   0.0012
    6     0.0041   0.0018   0.0013
    7     0.0041   0.0018   0.0013
    8     0.0041   0.0018   0.0013
    9     0.0041   0.0018   0.0013
   10     0.0041   0.0018   0.0013
   11     0.0041   0.0018   0.0013
   12     0.0041   0.0018   0.0013
   13     0.0041   0.0018   0.0013
   14     0.0041   0.0018   0.0013
   15     0.0041   0.0018   0.0013
   16     0.0041   0.0018   0.0013
   17     0.0041   0.0018   0.0013
   18     0.0041   0.0018   0.0013
   19     0.0041   0.0018   0.0013
   20     0.0041   0.0018   0.0013

Shock to IPC_FR:
Horizon   IPC_ES   IPC_FR   IPC_DE
    0     0.0000   0.0016   0.0007
    1     0.0001   0.0013   0.0009
    2     0.0004   0.0014   0.0012
    3     0.0004   0.0015   0.0014
    4     0.0005   0.0014   0.0013
    5     0.0004   0.0014   0.0012
    6     0.0004   0.0014   0.0012
    7     0.0004   0.0014   0.0012
    8     0.0004   0.0014   0.0012
    9     0.0004   0.0014   0.0012
   10     0.0004   0.0014   0.0012
   11     0.0004   0.0014   0.0012
   12     0.0004   0.0014   0.0012
   13     0.0004   0.0014   0.0012
   14     0.0004   0.0014   0.0012
   15     0.0004   0.0014   0.0012
   16     0.0004   0.0014   0.0012
   17     0.0004   0.0014   0.0012
   18     0.0004   0.0014   0.0012
   19     0.0004   0.0014   0.0012
   20     0.0004   0.0014   0.0012

Shock to IPC_DE:
Horizon   IPC_ES   IPC_FR   IPC_DE
    0     0.0000   0.0000   0.0018
    1     0.0004   0.0003   0.0020
    2     0.0005   0.0002   0.0020
    3     0.0004   0.0001   0.0017
    4     0.0003   0.0000   0.0017
    5     0.0002   0.0000   0.0016
    6     0.0002   0.0000   0.0016
    7     0.0002   0.0000   0.0016
    8     0.0002   0.0000   0.0017
    9     0.0002   0.0000   0.0017
   10     0.0002   0.0000   0.0017
   11     0.0002   0.0000   0.0016
   12     0.0002   0.0000   0.0016
   13     0.0002   0.0000   0.0016
   14     0.0002   0.0000   0.0016
   15     0.0002   0.0000   0.0016
   16     0.0002   0.0000   0.0016
   17     0.0002   0.0000   0.0016
   18     0.0002   0.0000   0.0016
   19     0.0002   0.0000   0.0016
   20     0.0002   0.0000   0.0016


=============================================================
  LONG‑RUN GAIN, SHOCK STD. DEVIATIONS AND MEAN LAG        
=============================================================

Structural shock standard deviations (one‑s.d. shock size):
  IPC_ES   : 0.0025
  IPC_FR   : 0.0016
  IPC_DE   : 0.0018

Shock to IPC_ES:
  IPC_ES   : gain =   0.0041  mean lag =   0.72 months
  IPC_FR   : gain =   0.0018  mean lag =   1.01 months
  IPC_DE   : gain =   0.0013  mean lag =   0.20 months

Shock to IPC_FR:
  IPC_ES   : gain =   0.0004  mean lag =   1.55 months
  IPC_FR   : gain =   0.0014  mean lag =  -0.11 months
  IPC_DE   : gain =   0.0012  mean lag =   0.44 months

Shock to IPC_DE:
  IPC_ES   : gain =   0.0002  mean lag =  -1.59 months
  IPC_FR   : gain =   0.0000  mean lag = undefined
  IPC_DE   : gain =   0.0016  mean lag =  -0.55 months
=============================================================



=============================================================
           FORECAST ERROR VARIANCE DECOMPOSITION             
=============================================================
Values are percentages of forecast error variance accounted for by each shock.
Shocks are orthogonalized via Cholesky decomposition.

IPC_ES:
Horizon   IPC_ES   IPC_FR   IPC_DE
    1     100.00     0.00     0.00
    2      97.52     0.10     2.39
    3      96.35     1.21     2.44
    4      96.16     1.25     2.59
    5      96.02     1.25     2.73
    6      95.98     1.25     2.77
    7      95.97     1.26     2.77
    8      95.97     1.26     2.77
    9      95.97     1.26     2.77
   10      95.97     1.26     2.77
   11      95.97     1.26     2.77
   12      95.97     1.26     2.77
   13      95.97     1.26     2.77
   14      95.97     1.26     2.77
   15      95.97     1.26     2.77
   16      95.97     1.26     2.77
   17      95.97     1.26     2.77
   18      95.97     1.26     2.77
   19      95.97     1.26     2.77
   20      95.97     1.26     2.77

IPC_FR:
Horizon   IPC_ES   IPC_FR   IPC_DE
    1      23.40    76.60     0.00
    2      30.16    66.71     3.13
    3      30.00    66.52     3.48
    4      29.93    65.88     4.19
    5      29.97    65.83     4.20
    6      29.98    65.81     4.21
    7      30.00    65.79     4.21
    8      30.01    65.78     4.21
    9      30.01    65.78     4.21
   10      30.01    65.78     4.21
   11      30.01    65.78     4.21
   12      30.01    65.78     4.21
   13      30.01    65.78     4.21
   14      30.01    65.78     4.21
   15      30.01    65.78     4.21
   16      30.01    65.78     4.21
   17      30.01    65.78     4.21
   18      30.01    65.78     4.21
   19      30.01    65.78     4.21
   20      30.01    65.78     4.21

IPC_DE:
Horizon   IPC_ES   IPC_FR   IPC_DE
    1      26.82    10.22    62.96
    2      26.68    10.79    62.53
    3      26.26    12.27    61.47
    4      26.07    12.20    61.72
    5      26.05    12.28    61.67
    6      26.01    12.30    61.68
    7      26.04    12.31    61.65
    8      26.04    12.31    61.65
    9      26.04    12.31    61.65
   10      26.04    12.31    61.65
   11      26.04    12.31    61.65
   12      26.04    12.31    61.65
   13      26.04    12.31    61.65
   14      26.04    12.31    61.65
   15      26.04    12.31    61.65
   16      26.04    12.31    61.65
   17      26.04    12.31    61.65
   18      26.04    12.31    61.65
   19      26.04    12.31    61.65
   20      26.04    12.31    61.65



=============================================================
           MULTIVARIATE RESIDUAL DIAGNOSTICS                
=============================================================

Hosking's Multivariate Portmanteau Test (lag 14):
  Q(126) = 151.2169, p-value = 0.0624
  Cannot reject H0: residuals appear white noise.

Multivariate Jarque-Bera Test (normality):
  JB(6) = 1.9172, p-value = 0.9272
  Cannot reject H0: residuals appear normal.
=============================================================

Normalized model:
mu vector:
      0.001546
      0.001133
      0.001158
phi(1) matrix:
      0.330424     -0.054043      0.232373
      0.256920     -0.273709      0.188988
     -0.027135      0.092717      0.061562
phi(2) matrix:
     -0.081940      0.146489     -0.034498
      0.010883      0.037858     -0.086017
     -0.066257      0.191037      0.028960
phi(3) matrix:
      0.061348      0.017253     -0.097101
      0.055857      0.047699     -0.135408
     -0.060638      0.184665     -0.191168
Q matrix:
      1.247621
      0.432132      0.639578
      0.595043      0.436272      1.058064
Sigma = sigma2 * Q:
      0.000006
      0.000002      0.000003
      0.000003      0.000002      0.000005

Inverse roots of |phi(B)|=0:
      0.382955     -0.422040 i  (modulus     0.569888)
      0.382955      0.422040 i  (modulus     0.569888)
      0.522159      0.000000 i  (modulus     0.522159)
     -0.552878      0.000000 i  (modulus     0.552878)
     -0.088694     -0.441444 i  (modulus     0.450266)
     -0.088694      0.441444 i  (modulus     0.450266)
     -0.011004      0.000000 i  (modulus     0.011004)
     -0.214260     -0.201262 i  (modulus     0.293962)
     -0.214260      0.201262 i  (modulus     0.293962)



=============================================================
                RESIDUAL DIAGNOSTICS                         
=============================================================

--- Residual series a[1] (IPC_ES) ---
Unconditional residuals (seasonal period: 12)
215 observations: from 2/2002 to 12/2019

                  Mean:           0.000001
Standard error of mean:           0.000172
              Variance:           0.000006
    Standard deviation:           0.002520
              Skewness:          -0.052073
              Kurtosis:          -0.027081
               Minimum:          -0.007336 at  1/2016 (observation 168)
               Maximum:           0.006766 at  9/2012 (observation 128)

Standardized time series plot (original values on right-side column):

                     -2      -1        0       +1      +2         
-------------+--------+-------+--------+--------+-------+--------+--------------
   1  2/2002 |        :       :        | *      :       :        |  0.0004833981
   2  3/2002 |        :       :        |     *  :       :        |  0.0018744299
   3  4/2002 |        :       :        |  *     :       :        |  0.0008613146
   4  5/2002 |        :       :        |    *   :       :        |  0.0013687183
   5  6/2002 |        :       :*       |        :       :        | -0.0022208092
   6  7/2002 |        :       :        |      * :       :        |  0.0019830993
   7  8/2002 |        :       :        |  *     :       :        |  0.0008791299
   8  9/2002 |        :       :        |     *  :       :        |  0.0016522982
   9 10/2002 |        :       :       *|        :       :        | -0.0002264926
  10 11/2002 |        :       :    *   |        :       :        | -0.0012471137
  11 12/2002 +        :       :        |        :  *    :        +  0.0034425354
  12  1/2003>|        :       :        |        :       :   *    |> 0.0061293952
  13  2/2003 |        :       :   *    |        :       :        | -0.0014813969
  14  3/2003 |        :       :        |*       :       :        |  0.0001997813
  15  4/2003 |        :  *    :        |        :       :        | -0.0039795896
  16  5/2003 |        :       :   *    |        :       :        | -0.0015444636
  17  6/2003 |        :       :        |  *     :       :        |  0.0007901888
  18  7/2003 |        :       :        |    *   :       :        |  0.0015219520
  19  8/2003 |        :       :        |       *:       :        |  0.0022532047
  20  9/2003 |        :       :        | *      :       :        |  0.0005293025
  21 10/2003 |        :       *        |        :       :        | -0.0026395954
  22 11/2003 |        :       :        |  *     :       :        |  0.0008786888
  23 12/2003 +        :       :        | *      :       :        +  0.0007145967
  24  1/2004 |        :       :        |        :    *  :        |  0.0040206786
  25  2/2004 |        :       :*       |        :       :        | -0.0022687273
  26  3/2004 |        :       :        |     *  :       :        |  0.0016381013
  27  4/2004 |        :       :        |   *    :       :        |  0.0011940123
  28  5/2004 |        :       :        |       *:       :        |  0.0024005735
  29  6/2004 |        :       :    *   |        :       :        | -0.0010516429
  30  7/2004 |        :       :        | *      :       :        |  0.0004561887
  31  8/2004 |        :       :        |        *       :        |  0.0027562382
  32  9/2004 |        :       :   *    |        :       :        | -0.0013339242
  33 10/2004 |        :       :        |      * :       :        |  0.0021013175
  34 11/2004 |        :       :     *  |        :       :        | -0.0009756414
  35 12/2004 +        :       : *      |        :       :        + -0.0019389635
  36  1/2005 |        :       :        |       *:       :        |  0.0022077475
  37  2/2005 |        :       :        |     *  :       :        |  0.0019090514
  38  3/2005 |        :       :        |        *       :        |  0.0027603120
  39  4/2005 |        :       :        |   *    :       :        |  0.0011467153
  40  5/2005 |        :       :     *  |        :       :        | -0.0007485967
  41  6/2005 |        :       :        |  *     :       :        |  0.0008171114
  42  7/2005 |        :       :        | *      :       :        |  0.0006198659
  43  8/2005 |        :       :        |     *  :       :        |  0.0017770993
  44  9/2005 |        :       :        |        : *     :        |  0.0033760079
  45 10/2005 |        :       :  *     |        :       :        | -0.0018741142
  46 11/2005 |        :       :    *   |        :       :        | -0.0011491944
  47 12/2005 +        :       :        |     *  :       :        +  0.0018852821
  48  1/2006>|        :       :        |        :       :   *    |> 0.0062426381
  49  2/2006 |        :       : *      |        :       :        | -0.0020269387
  50  3/2006 |        :       :        |     *  :       :        |  0.0016493353
  51  4/2006 |        :       :        |        *       :        |  0.0026260910
  52  5/2006 |        :       :        *        :       :        | -0.0000441158
  53  6/2006 |        :       :       *|        :       :        | -0.0002722544
  54  7/2006 |        :       :        | *      :       :        |  0.0005812277
  55  8/2006 |        :       :      * |        :       :        | -0.0004785394
  56  9/2006 |        :       *        |        :       :        | -0.0026091401
  57 10/2006 |        :       *        |        :       :        | -0.0026849502
  58 11/2006 |        :       :        | *      :       :        |  0.0005994442
  59 12/2006 +        :       :        |     *  :       :        +  0.0018581982
  60  1/2007 |        :       :        |        :*      :        |  0.0029557483
  61  2/2007 |        :       :  *     |        :       :        | -0.0017877458
  62  3/2007 |        :       :        |        *       :        |  0.0026770183
  63  4/2007 |        :       :        |        *       :        |  0.0027096659
  64  5/2007 |        :       :    *   |        :       :        | -0.0012604559
  65  6/2007 |        :       :        |*       :       :        |  0.0003464988
  66  7/2007 |        :       :       *|        :       :        | -0.0004218531
  67  8/2007 |        :       :    *   |        :       :        | -0.0010440306
  68  9/2007 |        :       :        |      * :       :        |  0.0021614694
  69 10/2007 |        :       :        |        :   *   :        |  0.0038654816
  70 11/2007 |        :       :        |        *       :        |  0.0025725198
  71 12/2007 +        :       :        |  *     :       :        +  0.0007877874
  72  1/2008 |        :       :        |        *       :        |  0.0025929007
  73  2/2008 |        :       :        *        :       :        |  0.0000184060
  74  3/2008 |        :       :        |        :*      :        |  0.0028077800
  75  4/2008 |        :       :    *   |        :       :        | -0.0010774926
  76  5/2008 |        :       :        |        :       *        |  0.0049724728
  77  6/2008 |        :       :        |    *   :       :        |  0.0015953021
  78  7/2008 |        :       :       *|        :       :        | -0.0004277809
  79  8/2008>|       *:       :        |        :       :        |>-0.0051538514
  80  9/2008 |        :       :        |*       :       :        |  0.0002440151
  81 10/2008 |        :   *   :        |        :       :        | -0.0037523217
  82 11/2008 |        *       :        |        :       :        | -0.0048877384
  83 12/2008 +        :     * :        |        :       :        + -0.0032708060
  84  1/2009 |        :       :        |*       :       :        |  0.0002151162
  85  2/2009 |        :       :        | *      :       :        |  0.0006375470
  86  3/2009 |        :   *   :        |        :       :        | -0.0038093932
  87  4/2009 |        :       :        |    *   :       :        |  0.0013236560
  88  5/2009 |        :       :*       |        :       :        | -0.0022312622
  89  6/2009 |        :       :        |        :   *   :        |  0.0039505162
  90  7/2009 |        :   *   :        |        :       :        | -0.0036836214
  91  8/2009 |        :       :        |        :*      :        |  0.0030609348
  92  9/2009 |        :*      :        |        :       :        | -0.0048280400
  93 10/2009 |        :       :        |   *    :       :        |  0.0011105283
  94 11/2009 |        :       :        |        :*      :        |  0.0029479097
  95 12/2009 +        :       : *      |        :       :        + -0.0021280415
  96  1/2010 |        :       :        *        :       :        | -0.0001418796
  97  2/2010 |        :       : *      |        :       :        | -0.0021705167
  98  3/2010 |        :       :        |        : *     :        |  0.0032539281
  99  4/2010 |        :       :  *     |        :       :        | -0.0017677505
 100  5/2010 |        :       :        |*       :       :        |  0.0001926767
 101  6/2010 |        :       :        | *      :       :        |  0.0006568538
 102  7/2010 |        :       :        |      * :       :        |  0.0020479253
 103  8/2010 |        :       :        |*       :       :        |  0.0003341834
 104  9/2010 |        :       :   *    |        :       :        | -0.0013635067
 105 10/2010 |        :       :        |     *  :       :        |  0.0016594093
 106 11/2010 |        :       :        |       *:       :        |  0.0024099761
 107 12/2010 +        :       :        |        :   *   :        +  0.0039533977
 108  1/2011 |        :       :        | *      :       :        |  0.0004821528
 109  2/2011 |        :       :        *        :       :        | -0.0000282874
 110  3/2011 |        :       :        |    *   :       :        |  0.0013889484
 111  4/2011 |        :       :        |  *     :       :        |  0.0010085985
 112  5/2011 |        :     * :        |        :       :        | -0.0032853858
 113  6/2011 |        :       :  *     |        :       :        | -0.0017957732
 114  7/2011 |        :       :        |    *   :       :        |  0.0015066446
 115  8/2011 |        :       :    *   |        :       :        | -0.0011040687
 116  9/2011 |        :       :        |    *   :       :        |  0.0014480395
 117 10/2011 |        :       :     *  |        :       :        | -0.0008052687
 118 11/2011 |        :       :        |     *  :       :        |  0.0017235320
 119 12/2011 +        :       :      * |        :       :        + -0.0005024268
 120  1/2012 |        :       :    *   |        :       :        | -0.0011487311
 121  2/2012 |        :       :        *        :       :        |  0.0000248554
 122  3/2012 |        :       :        | *      :       :        |  0.0005838754
 123  4/2012 |        :       :        |        :  *    :        |  0.0035401969
 124  5/2012 |        *       :        |        :       :        | -0.0049269584
 125  6/2012 |        :       :    *   |        :       :        | -0.0012431290
 126  7/2012 |        :       :        |        :       *        |  0.0048747286
 127  8/2012 |        :       :        |      * :       :        |  0.0020048611
 128  9/2012>|        :       :        |        :       :     *  |> 0.0067660699
 129 10/2012 |        :       :*       |        :       :        | -0.0023127786
 130 11/2012 |        :       *        |        :       :        | -0.0027219888
 131 12/2012 +        :       :        |*       :       :        +  0.0003363203
 132  1/2013 |        :     * :        |        :       :        | -0.0033346118
 133  2/2013 |        :       :        |       *:       :        |  0.0024592061
 134  3/2013 |        :       :*       |        :       :        | -0.0023988559
 135  4/2013>|       *:       :        |        :       :        |>-0.0052506727
 136  5/2013 |        :       :        |      * :       :        |  0.0020157007
 137  6/2013 |        :       :      * |        :       :        | -0.0006160521
 138  7/2013 |        :       :        |  *     :       :        |  0.0009967860
 139  8/2013 |        :       :        |  *     :       :        |  0.0007849593
 140  9/2013 |        :    *  :        |        :       :        | -0.0035592376
 141 10/2013 |        :       :*       |        :       :        | -0.0024147976
 142 11/2013 |        :       :        |   *    :       :        |  0.0011482756
 143 12/2013 +        :       :       *|        :       :        + -0.0003658403
 144  1/2014 |        :   *   :        |        :       :        | -0.0038936230
 145  2/2014 |        :       :        |  *     :       :        |  0.0009626070
 146  3/2014 |        :       *        |        :       :        | -0.0027728513
 147  4/2014 |        :       :        *        :       :        | -0.0000901489
 148  5/2014 |        :       :  *     |        :       :        | -0.0016389515
 149  6/2014 |        :       :        |*       :       :        |  0.0002295489
 150  7/2014 |        :    *  :        |        :       :        | -0.0035071911
 151  8/2014 |        :       :        | *      :       :        |  0.0007301309
 152  9/2014 |        :       :        |*       :       :        |  0.0001781896
 153 10/2014 |        :      *:        |        :       :        | -0.0029647506
 154 11/2014 |        :       :    *   |        :       :        | -0.0011560952
 155 12/2014>+    *   :       :        |        :       :        +>-0.0061480823
 156  1/2015 |        :    *  :        |        :       :        | -0.0034144853
 157  2/2015 |        :       :        |        :     * :        |  0.0044599652
 158  3/2015 |        :       :        |*       :       :        |  0.0003093227
 159  4/2015 |        :       :  *     |        :       :        | -0.0017873018
 160  5/2015 |        :       :        |     *  :       :        |  0.0018669898
 161  6/2015 |        :       :        | *      :       :        |  0.0005209434
 162  7/2015 |        :      *:        |        :       :        | -0.0030765978
 163  8/2015 |        :   *   :        |        :       :        | -0.0038342208
 164  9/2015 |        :      *:        |        :       :        | -0.0028608881
 165 10/2015 |        :       :        *        :       :        |  0.0001280860
 166 11/2015 |        :       :        |      * :       :        |  0.0020049050
 167 12/2015 +        :      *:        |        :       :        + -0.0028373250
 168  1/2016>|*       :       :        |        :       :        |>-0.0073361584
 169  2/2016 |        :       :   *    |        :       :        | -0.0013630138
 170  3/2016 |        :       :        |        *       :        |  0.0025754000
 171  4/2016 |        :   *   :        |        :       :        | -0.0038636893
 172  5/2016 |        :       :        |        :    *  :        |  0.0039745775
 173  6/2016 |        :       :        |    *   :       :        |  0.0014626463
 174  7/2016 |        :       : *      |        :       :        | -0.0020229815
 175  8/2016 |        :       :        *        :       :        | -0.0000176964
 176  9/2016 |        :       :    *   |        :       :        | -0.0011505318
 177 10/2016 |        :       :        |        :    *  :        |  0.0040379709
 178 11/2016 |        :       :        *        :       :        | -0.0001182902
 179 12/2016>+        :       :        |        :       :    *   +> 0.0065816410
 180  1/2017 |        :       :        |    *   :       :        |  0.0013479480
 181  2/2017>|       *:       :        |        :       :        |>-0.0052162723
 182  3/2017 |        :  *    :        |        :       :        | -0.0042371582
 183  4/2017 |        :       :        |    *   :       :        |  0.0015085249
 184  5/2017 |        :  *    :        |        :       :        | -0.0040730799
 185  6/2017 |        :       :        | *      :       :        |  0.0005935292
 186  7/2017 |        :       :     *  |        :       :        | -0.0009314920
 187  8/2017 |        :       :        |*       :       :        |  0.0002005987
 188  9/2017 |        :       :        |*       :       :        |  0.0004248518
 189 10/2017 |        :       :        |     *  :       :        |  0.0016164480
 190 11/2017 |        :       :        |      * :       :        |  0.0021540119
 191 12/2017 +        :       :       *|        :       :        + -0.0002171192
 192  1/2018 |        :       :  *     |        :       :        | -0.0018532237
 193  2/2018 |        :       :        |   *    :       :        |  0.0011221033
 194  3/2018 |        : *     :        |        :       :        | -0.0045424649
 195  4/2018 |        :       :        *        :       :        |  0.0001406505
 196  5/2018>|        :       :        |        :       : *      |> 0.0054495891
 197  6/2018 |        :       : *      |        :       :        | -0.0019587322
 198  7/2018 |        :       :    *   |        :       :        | -0.0011769966
 199  8/2018 |        :       :        *        :       :        |  0.0000911801
 200  9/2018 |        :       :        | *      :       :        |  0.0005509792
 201 10/2018 |        :       :        |  *     :       :        |  0.0010141189
 202 11/2018 |        :   *   :        |        :       :        | -0.0037741657
 203 12/2018 +        :      *:        |        :       :        + -0.0027995813
 204  1/2019 |        :       :   *    |        :       :        | -0.0014434720
 205  2/2019 |        :       :        |        :  *    :        |  0.0035156554
 206  3/2019 |        :       :*       |        :       :        | -0.0024272376
 207  4/2019 |        :       :        |   *    :       :        |  0.0012869267
 208  5/2019 |        :      *:        |        :       :        | -0.0030720958
 209  6/2019 |        :       *        |        :       :        | -0.0024952319
 210  7/2019 |        :       :        |  *     :       :        |  0.0008425490
 211  8/2019 |        :      *:        |        :       :        | -0.0028401520
 212  9/2019 |        :       :        *        :       :        | -0.0001447934
 213 10/2019 |        :       :        |       *:       :        |  0.0024345019
 214 11/2019 |        :       :    *   |        :       :        | -0.0011123948
 215 12/2019 +        :       :        | *      :       :        +  0.0006198817
-------------+--------+-------+--------+--------+-------+--------+--------------
                     -2      -1        0       +1      +2         

                 +------------------------------------------+
                 |       Table of standardized values       |
                 |       greater than or equal to 2.0       |
                 +------------------------------------------+
                 |                                          |
                 | Observation    Date   Standardized value |
                 |                                          |
                 |     12        1/2003         2.43        |
                 |     48        1/2006         2.48        |
                 |     79        8/2008        -2.05        |
                 |    128        9/2012         2.68        |
                 |    135        4/2013        -2.08        |
                 |    155       12/2014        -2.44        |
                 |    168        1/2016        -2.91        |
                 |    179       12/2016         2.61        |
                 |    181        2/2017        -2.07        |
                 |    196        5/2018         2.16        |
                 +------------------------------------------+

Standardized time series histogram:

       -4      -3      -2      -1       0      +1      +2      +3      +4
        +---+---+---+---+---+---+---+---+---+---+---+---+---+---+---+---+
        |                                 50                            |
        |                                ....                            |
        |                                ....                            |
        |                                ....                            |
        |                                .... 37                         |
        |                             32 ........                        |
        |                            ............                        |
        |                         28 ............                        |
        |                        ................                        |
        |                     21 ................                        |
        |                    .................... 17                     |
        |                    ........................                    |
        |                 11 ........................                    |
        |                ............................  9                 |
        |              4 ................................                |
        |          1 .................................... 3  2           |
        |        ................................................        |
        +---+---+---+---+---+---+---+---+---+---+---+---+---+---+---+---+
       -4      -3      -2      -1       0      +1      +2      +3      +4

              68 values outside (-1,+1): 31.63 % (31.74 % expected)
              10 values outside (-2,+2):  4.65 % ( 4.56 % expected)

Autocorrelation function (acf bands =  0.136):

            -1                         0                         1  L-B Q  DF
-------------+-------------------------+-------------------------+--------------
   1  -0.007 |                      :  |  :                      | 
   2  -0.016 |                      :  |  :                      | 
   3   0.005 |                      :  |  :                      | 
   4   0.023 |                      :  |* :                      | 
   5   0.098 |                      :  |**:                      | 
   6   0.028 |                      :  |* :                      | 
   7   0.023 |                      :  |* :                      | 
   8  -0.005 |                      :  |  :                      | 
   9   0.053 |                      :  |* :                      | 
  10   0.019 |                      :  |  :                      | 
  11   0.028 |                      :  |* :                      | 
  12   0.021 +                      :  |+ :                      +   3.60  12
  13   0.055 |                      :  |* :                      | 
  14  -0.014 |                      :  |  :                      | 
  15   0.017 |                      :  |  :                      | 
  16   0.023 |                      :  |* :                      | 
  17   0.026 |                      :  |* :                      | 
  18   0.049 |                      :  |* :                      | 
  19  -0.013 |                      :  |  :                      | 
  20   0.106 |                      :  |***                      | 
  21   0.058 |                      :  |* :                      | 
  22   0.032 |                      :  |* :                      | 
  23  -0.075 |                      :**|  :                      | 
  24   0.003 +                      :  |  :                      +  10.46  24
  25   0.022 |                      :  |* :                      | 
  26   0.077 |                      :  |**:                      | 
  27  -0.013 |                      :  |  :                      | 
  28  -0.034 |                      : *|  :                      | 
  29   0.039 |                      :  |* :                      | 
  30   0.060 |                      :  |* :                      | 
  31   0.029 |                      :  |* :                      | 
  32   0.032 |                      :  |* :                      | 
  33  -0.016 |                      :  |  :                      | 
  34   0.043 |                      :  |* :                      | 
  35  -0.002 |                      :  |  :                      | 
  36   0.022 +                      :  |+ :                      +  14.79  36
  37  -0.052 |                      : *|  :                      | 
  38   0.040 |                      :  |* :                      | 
  39   0.067 |                      :  |**:                      | 
  40   0.009 |                      :  |  :                      | 
  41  -0.005 |                      :  |  :                      | 
  42  -0.033 |                      : *|  :                      |  17.45  42
-------------+-------------------------+-------------------------+--------------
            -1                         0                         1  L-B Q  DF

Partial autocorrelation function (pacf bands =  0.136):

            -1                         0                         1
-------------+-------------------------+-------------------------+--------------
   1  -0.007 |                      :  |  :                      | 
   2  -0.016 |                      :  |  :                      | 
   3   0.005 |                      :  |  :                      | 
   4   0.023 |                      :  |* :                      | 
   5   0.098 |                      :  |**:                      | 
   6   0.030 |                      :  |* :                      | 
   7   0.027 |                      :  |* :                      | 
   8  -0.005 |                      :  |  :                      | 
   9   0.049 |                      :  |* :                      | 
  10   0.009 |                      :  |  :                      | 
  11   0.023 |                      :  |* :                      | 
  12   0.016 +                      :  |  :                      + 
  13   0.055 |                      :  |* :                      | 
  14  -0.024 |                      : *|  :                      | 
  15   0.013 |                      :  |  :                      | 
  16   0.013 |                      :  |  :                      | 
  17   0.020 |                      :  |* :                      | 
  18   0.036 |                      :  |* :                      | 
  19  -0.013 |                      :  |  :                      | 
  20   0.102 |                      :  |***                      | 
  21   0.056 |                      :  |* :                      | 
  22   0.026 |                      :  |* :                      | 
  23  -0.085 |                      :**|  :                      | 
  24  -0.006 +                      :  |  :                      + 
  25  -0.008 |                      :  |  :                      | 
  26   0.060 |                      :  |* :                      | 
  27  -0.026 |                      : *|  :                      | 
  28  -0.022 |                      : *|  :                      | 
  29   0.028 |                      :  |* :                      | 
  30   0.053 |                      :  |* :                      | 
  31   0.006 |                      :  |  :                      | 
  32   0.040 |                      :  |* :                      | 
  33  -0.027 |                      : *|  :                      | 
  34   0.041 |                      :  |* :                      | 
  35  -0.022 |                      : *|  :                      | 
  36   0.020 +                      :  |+ :                      + 
  37  -0.074 |                      :**|  :                      | 
  38   0.029 |                      :  |* :                      | 
  39   0.048 |                      :  |* :                      | 
  40   0.010 |                      :  |  :                      | 
  41  -0.018 |                      :  |  :                      | 
  42  -0.043 |                      : *|  :                      | 
-------------+-------------------------+-------------------------+--------------
            -1                         0                         1


--- Residual series a[2] (IPC_FR) ---
Unconditional residuals (seasonal period: 12)
215 observations: from 2/2002 to 12/2019

                  Mean:          -0.000003
Standard error of mean:           0.000123
              Variance:           0.000003
    Standard deviation:           0.001803
              Skewness:           0.032753
              Kurtosis:          -0.056154
               Minimum:          -0.004770 at  1/2016 (observation 168)
               Maximum:           0.004522 at  5/2008 (observation  76)

Standardized time series plot (original values on right-side column):

                   -2        -1        0       +1        +2       
-------------+------+---------+--------+--------+---------+------+--------------
   1  2/2002 |      :     *   :        |        :         :      | -0.0024473354
   2  3/2002 |      :   *     :        |        :         :      | -0.0028262286
   3  4/2002 |      :         :        |    *   :         :      |  0.0009077010
   4  5/2002 |      :         :       *|        :         :      | -0.0001639593
   5  6/2002 |      :         *        |        :         :      | -0.0016616210
   6  7/2002 |      :         :        |        :       * :      |  0.0031756682
   7  8/2002 |      :         :  *     |        :         :      | -0.0011233894
   8  9/2002 |      :         :        |        :  *      :      |  0.0023202914
   9 10/2002 |      :         :        |  *     :         :      |  0.0005236159
  10 11/2002 |      :         :        |*       :         :      |  0.0002278883
  11 12/2002 +      :         :     *  |        :         :      + -0.0005887915
  12  1/2003>|      :         :        |        :         :  *   |> 0.0041012754
  13  2/2003 |      :         :        |        :*        :      |  0.0018269508
  14  3/2003 |      :        *:        |        :         :      | -0.0018796083
  15  4/2003>|      *         :        |        :         :      |>-0.0036158376
  16  5/2003 |      :    *    :        |        :         :      | -0.0026340678
  17  6/2003 |      :         :        |       *:         :      |  0.0014568683
  18  7/2003 |      :         :        |        :*        :      |  0.0018627347
  19  8/2003 |      :         : *      |        :         :      | -0.0013166861
  20  9/2003>|      :         :        |        :         : *    |> 0.0040207301
  21 10/2003 |      :         :        |        :*        :      |  0.0019153427
  22 11/2003 |      :         :        |        : *       :      |  0.0020419327
  23 12/2003 +      :         :*       |        :         :      + -0.0014895221
  24  1/2004 |      :         :        |        :     *   :      |  0.0029496467
  25  2/2004 |      :         :     *  |        :         :      | -0.0005736103
  26  3/2004 |      :         : *      |        :         :      | -0.0013880977
  27  4/2004 |      :         :      * |        :         :      | -0.0002967493
  28  5/2004 |      :         :        |    *   :         :      |  0.0009898820
  29  6/2004 |      :         :    *   |        :         :      | -0.0007575520
  30  7/2004 |      :         :        |       *:         :      |  0.0016057651
  31  8/2004 |      :         : *      |        :         :      | -0.0013909079
  32  9/2004 |      :         :        | *      :         :      |  0.0004429782
  33 10/2004 |      :         :        |        :   *     :      |  0.0025449323
  34 11/2004 |      :         :        | *      :         :      |  0.0004177565
  35 12/2004 +      :         *        |        :         :      + -0.0016734606
  36  1/2005 |      :     *   :        |        :         :      | -0.0025343399
  37  2/2005 |      :         :        |        :  *      :      |  0.0022821391
  38  3/2005 |      :         :        |    *   :         :      |  0.0010236143
  39  4/2005 |      :         : *      |        :         :      | -0.0013742677
  40  5/2005 |      :         : *      |        :         :      | -0.0013289719
  41  6/2005 |      :         :      * |        :         :      | -0.0003102946
  42  7/2005 |      :         :        |   *    :         :      |  0.0007535099
  43  8/2005 |      :         :       *|        :         :      | -0.0002287875
  44  9/2005>|      :         :        |        :         :  *   |> 0.0041951046
  45 10/2005 |      :         :   *    |        :         :      | -0.0008815547
  46 11/2005 |      :       * :        |        :         :      | -0.0021736717
  47 12/2005 +      :         *        |        :         :      + -0.0016556313
  48  1/2006 |      :         :        |        :*        :      |  0.0018842479
  49  2/2006 |      :         :    *   |        :         :      | -0.0007576099
  50  3/2006 |      : *       :        |        :         :      | -0.0032385670
  51  4/2006 |      :         :        |      * :         :      |  0.0014135009
  52  5/2006 |      :         :        |       *:         :      |  0.0016000167
  53  6/2006 |      :         :      * |        :         :      | -0.0003822101
  54  7/2006 |      :         :        |  *     :         :      |  0.0006611639
  55  8/2006 |      :         :   *    |        :         :      | -0.0009334206
  56  9/2006 |      :         :     *  |        :         :      | -0.0005991990
  57 10/2006 |      :       * :        |        :         :      | -0.0020784904
  58 11/2006 |      :         :        |   *    :         :      |  0.0007198313
  59 12/2006 +      :         :       *|        :         :      + -0.0001029938
  60  1/2007 |      :         :       *|        :         :      | -0.0001267458
  61  2/2007 |      :  *      :        |        :         :      | -0.0030807277
  62  3/2007 |      :         :*       |        :         :      | -0.0015982568
  63  4/2007 |      :         :        |        :   *     :      |  0.0025595984
  64  5/2007 |      :         :       *|        :         :      | -0.0001753443
  65  6/2007 |      :         :        |   *    :         :      |  0.0008443565
  66  7/2007 |      :         :        | *      :         :      |  0.0004329536
  67  8/2007 |      :         :       *|        :         :      | -0.0002578696
  68  9/2007 |      :         :        |        :    *    :      |  0.0027582813
  69 10/2007 |      :         :        |        *         :      |  0.0017805440
  70 11/2007>|      :         :        |        :         :  *   |> 0.0042109218
  71 12/2007 +      :         :        |*       :         :      +  0.0001987205
  72  1/2008 |      :         :        |        : *       :      |  0.0021856572
  73  2/2008 |      :         :*       |        :         :      | -0.0014462779
  74  3/2008 |      :         :        |  *     :         :      |  0.0005643622
  75  4/2008 |      :         :        |  *     :         :      |  0.0006297623
  76  5/2008>|      :         :        |        :         :    * |> 0.0045222722
  77  6/2008 |      :         :        |       *:         :      |  0.0014788869
  78  7/2008 |      :         :      * |        :         :      | -0.0004723404
  79  8/2008>|*     :         :        |        :         :      |>-0.0047541818
  80  9/2008 |      :         :        |     *  :         :      |  0.0011308444
  81 10/2008 |      :         :     *  |        :         :      | -0.0006398825
  82 11/2008 |      :*        :        |        :         :      | -0.0034818597
  83 12/2008>+     *:         :        |        :         :      +>-0.0038919226
  84  1/2009 |      :         :        |*       :         :      |  0.0002698047
  85  2/2009 |      :         :        |    *   :         :      |  0.0009446390
  86  3/2009>|    * :         :        |        :         :      |>-0.0040131563
  87  4/2009 |      :         :        |   *    :         :      |  0.0006768965
  88  5/2009 |      :         :        *        :         :      | -0.0000444971
  89  6/2009 |      :         :        |     *  :         :      |  0.0011532170
  90  7/2009 |      :   *     :        |        :         :      | -0.0029383286
  91  8/2009 |      :         :        |        :*        :      |  0.0019885438
  92  9/2009 |      :        *:        |        :         :      | -0.0018969056
  93 10/2009 |      :         :        |       *:         :      |  0.0015460367
  94 11/2009 |      :         :        |      * :         :      |  0.0013410591
  95 12/2009 +      :         :      * |        :         :      + -0.0004392889
  96  1/2010 |      :         :        |      * :         :      |  0.0012902258
  97  2/2010 |      :         :        |        :    *    :      |  0.0027527217
  98  3/2010 |      :         :        |  *     :         :      |  0.0005837813
  99  4/2010 |      :         :   *    |        :         :      | -0.0009155098
 100  5/2010 |      :         :       *|        :         :      | -0.0002567759
 101  6/2010 |      :         :     *  |        :         :      | -0.0005908304
 102  7/2010 |      :         :     *  |        :         :      | -0.0005184415
 103  8/2010 |      :        *:        |        :         :      | -0.0019352386
 104  9/2010 |      :         :    *   |        :         :      | -0.0007572588
 105 10/2010 |      :         :        |   *    :         :      |  0.0007464669
 106 11/2010 |      :         :        |    *   :         :      |  0.0008564676
 107 12/2010 +      :         :        |     *  :         :      +  0.0011044354
 108  1/2011 |      :         :        |*       :         :      |  0.0001979220
 109  2/2011 |      :         :        |    *   :         :      |  0.0009361401
 110  3/2011 |      :         :        |        :*        :      |  0.0018547124
 111  4/2011 |      :         :        |      * :         :      |  0.0013248778
 112  5/2011 |      :         :   *    |        :         :      | -0.0009887761
 113  6/2011 |      :         :        |  *     :         :      |  0.0005745692
 114  7/2011 |      :         :*       |        :         :      | -0.0014335983
 115  8/2011 |      :         :        |    *   :         :      |  0.0008560548
 116  9/2011 |      :         :        |   *    :         :      |  0.0007991914
 117 10/2011 |      :         :        |     *  :         :      |  0.0011640771
 118 11/2011 |      :         :        |        :      *  :      |  0.0031240944
 119 12/2011 +      :         :        |       *:         :      +  0.0015844593
 120  1/2012 |      :         :        |    *   :         :      |  0.0009290058
 121  2/2012 |      :         :        | *      :         :      |  0.0003300735
 122  3/2012 |      :         :        |        :*        :      |  0.0019704401
 123  4/2012 |      :         :        *        :         :      |  0.0000710130
 124  5/2012 |      :   *     :        |        :         :      | -0.0027905956
 125  6/2012 |      :         :        |*       :         :      |  0.0002473240
 126  7/2012 |      :         :  *     |        :         :      | -0.0012184544
 127  8/2012 |      :         :        |     *  :         :      |  0.0011821052
 128  9/2012 |      :     *   :        |        :         :      | -0.0024666073
 129 10/2012 |      :         :*       |        :         :      | -0.0015859520
 130 11/2012 |      :         :  *     |        :         :      | -0.0012243793
 131 12/2012 +      :         :        |   *    :         :      +  0.0007188310
 132  1/2013 |      :         :   *    |        :         :      | -0.0010294788
 133  2/2013 |      :         :        | *      :         :      |  0.0002984414
 134  3/2013 |      :         :        |     *  :         :      |  0.0010615281
 135  4/2013 |      :      *  :        |        :         :      | -0.0022387735
 136  5/2013 |      :         :        |  *     :         :      |  0.0005782000
 137  6/2013 |      :         :        *        :         :      | -0.0000367431
 138  7/2013 |      :         :       *|        :         :      | -0.0001749999
 139  8/2013 |      :         :        |   *    :         :      |  0.0007575254
 140  9/2013 |      :         : *      |        :         :      | -0.0013101341
 141 10/2013 |      :         :*       |        :         :      | -0.0015150322
 142 11/2013 |      :         :        |*       :         :      |  0.0002321410
 143 12/2013 +      :         :        |  *     :         :      +  0.0005334789
 144  1/2014 |      :         :*       |        :         :      | -0.0015960321
 145  2/2014 |      :         :        |        :        *:      |  0.0035064689
 146  3/2014 |      :         :    *   |        :         :      | -0.0007016359
 147  4/2014 |      :         :*       |        :         :      | -0.0015255528
 148  5/2014 |      :         :*       |        :         :      | -0.0015184308
 149  6/2014 |      :         :     *  |        :         :      | -0.0006242012
 150  7/2014 |      :         :  *     |        :         :      | -0.0011495140
 151  8/2014 |      :         :        |      * :         :      |  0.0013566699
 152  9/2014 |      :      *  :        |        :         :      | -0.0022056583
 153 10/2014 |      :         :  *     |        :         :      | -0.0010653244
 154 11/2014 |      :         :    *   |        :         :      | -0.0006703221
 155 12/2014 +      :         :*       |        :         :      + -0.0014898527
 156  1/2015>|   *  :         :        |        :         :      |>-0.0041988795
 157  2/2015>|      :         :        |        :         :   *  |> 0.0043454574
 158  3/2015 |      :         :        |*       :         :      |  0.0002687435
 159  4/2015 |      :         :  *     |        :         :      | -0.0010862870
 160  5/2015 |      :         :        |*       :         :      |  0.0002786990
 161  6/2015 |      :         *        |        :         :      | -0.0016864828
 162  7/2015 |      :         :*       |        :         :      | -0.0016007974
 163  8/2015 |      :         :        *        :         :      | -0.0000408984
 164  9/2015 |      :         *        |        :         :      | -0.0017366940
 165 10/2015 |      :         :        | *      :         :      |  0.0004610305
 166 11/2015 |      :         :*       |        :         :      | -0.0014702917
 167 12/2015 +      :         :        |*       :         :      +  0.0002085028
 168  1/2016>|*     :         :        |        :         :      |>-0.0047695839
 169  2/2016 |      :         :      * |        :         :      | -0.0003687814
 170  3/2016 |      :         :        |        :*        :      |  0.0018927213
 171  4/2016 |      :         : *      |        :         :      | -0.0012859478
 172  5/2016 |      :         :        |        :      *  :      |  0.0030511386
 173  6/2016 |      :         :        *        :         :      | -0.0000077439
 174  7/2016 |      :         :*       |        :         :      | -0.0015122706
 175  8/2016 |      :         :      * |        :         :      | -0.0002931300
 176  9/2016 |      :         : *      |        :         :      | -0.0013031151
 177 10/2016 |      :         :     *  |        :         :      | -0.0006427567
 178 11/2016 |      :         :*       |        :         :      | -0.0015166644
 179 12/2016 +      :         :        |       *:         :      +  0.0015418693
 180  1/2017 |      :         :   *    |        :         :      | -0.0010178259
 181  2/2017 |      : *       :        |        :         :      | -0.0032175187
 182  3/2017 |      :         :        |   *    :         :      |  0.0007329784
 183  4/2017 |      :         :        |  *     :         :      |  0.0006540446
 184  5/2017 |      :         *        |        :         :      | -0.0017155545
 185  6/2017 |      :         :        | *      :         :      |  0.0004004625
 186  7/2017 |      :         :    *   |        :         :      | -0.0008488469
 187  8/2017 |      :         :        |       *:         :      |  0.0014634745
 188  9/2017 |      :         :        *        :         :      |  0.0000747591
 189 10/2017 |      :         :        |*       :         :      |  0.0002323929
 190 11/2017 |      :         :        |   *    :         :      |  0.0007847486
 191 12/2017 +      :         :        |    *   :         :      +  0.0009334598
 192  1/2018 |      :         :        |        : *       :      |  0.0021125340
 193  2/2018 |      :   *     :        |        :         :      | -0.0028668563
 194  3/2018 |      :         :        |        :       * :      |  0.0032796549
 195  4/2018 |      :         :        |       *:         :      |  0.0015779124
 196  5/2018 |      :         :        |        :   *     :      |  0.0024345077
 197  6/2018 |      :      *  :        |        :         :      | -0.0023473262
 198  7/2018 |      :         :        |        *         :      |  0.0017507633
 199  8/2018 |      :         :        |        : *       :      |  0.0020709054
 200  9/2018 |      :         :   *    |        :         :      | -0.0009353121
 201 10/2018 |      :         :     *  |        :         :      | -0.0005062257
 202 11/2018 |      :     *   :        |        :         :      | -0.0025201650
 203 12/2018 +      :         :     *  |        :         :      + -0.0005932287
 204  1/2019 |      :         :        |*       :         :      |  0.0001040641
 205  2/2019 |      :        *:        |        :         :      | -0.0018917824
 206  3/2019 |      :         :        |   *    :         :      |  0.0007917640
 207  4/2019 |      :         :        |        : *       :      |  0.0020451988
 208  5/2019 |      :        *:        |        :         :      | -0.0019933952
 209  6/2019 |      :         :        |        : *       :      |  0.0021088310
 210  7/2019 |      :         :        |        :  *      :      |  0.0022891311
 211  8/2019 |      :         :        |      * :         :      |  0.0012997216
 212  9/2019 |      :         :   *    |        :         :      | -0.0010393844
 213 10/2019 |      :         :*       |        :         :      | -0.0014593438
 214 11/2019 |      :         :      * |        :         :      | -0.0004067430
 215 12/2019>+      :         :        |        :         *      +> 0.0036972166
-------------+------+---------+--------+--------+---------+------+--------------
                   -2        -1        0       +1        +2       

                 +------------------------------------------+
                 |       Table of standardized values       |
                 |       greater than or equal to 2.0       |
                 +------------------------------------------+
                 |                                          |
                 | Observation    Date   Standardized value |
                 |                                          |
                 |     12        1/2003         2.28        |
                 |     15        4/2003        -2.00        |
                 |     20        9/2003         2.23        |
                 |     44        9/2005         2.33        |
                 |     70       11/2007         2.34        |
                 |     76        5/2008         2.51        |
                 |     79        8/2008        -2.63        |
                 |     83       12/2008        -2.16        |
                 |     86        3/2009        -2.22        |
                 |    156        1/2015        -2.33        |
                 |    157        2/2015         2.41        |
                 |    168        1/2016        -2.64        |
                 |    215       12/2019         2.05        |
                 +------------------------------------------+

Standardized time series histogram:

       -4      -3      -2      -1       0      +1      +2      +3      +4
        +---+---+---+---+---+---+---+---+---+---+---+---+---+---+---+---+
        |                         42     42                            
        |                        .... 37 ....                            |
        |                        ............                            |
        |                        ............                            |
        |                        ............ 30                         |
        |                        ................                        |
        |                        ................                        |
        |                        ................                        |
        |                        ................ 20                     |
        |                        ....................                    |
        |                     15 ....................                    |
        |                    ........................                    |
        |                  8 ........................ 8                  |
        |                ................................  6             |
        |              4 ....................................            |
        |          2 ........................................ 1          |
        |        ................................................        |
        +---+---+---+---+---+---+---+---+---+---+---+---+---+---+---+---+
       -4      -3      -2      -1       0      +1      +2      +3      +4

              64 values outside (-1,+1): 29.77 % (31.74 % expected)
              13 values outside (-2,+2):  6.05 % ( 4.56 % expected)

Autocorrelation function (acf bands =  0.136):

            -1                         0                         1  L-B Q  DF
-------------+-------------------------+-------------------------+--------------
   1  -0.012 |                      :  |  :                      | 
   2  -0.024 |                      : *|  :                      | 
   3   0.006 |                      :  |  :                      | 
   4   0.142 |                      :  |****                     | 
   5  -0.037 |                      : *|  :                      | 
   6  -0.027 |                      : *|  :                      | 
   7  -0.018 |                      :  |  :                      | 
   8  -0.012 |                      :  |  :                      | 
   9  -0.003 |                      :  |  :                      | 
  10  -0.081 |                      :**|  :                      | 
  11  -0.055 |                      : *|  :                      | 
  12   0.147 +                      :  |++++                     +  12.31  12
  13  -0.039 |                      : *|  :                      | 
  14  -0.077 |                      :**|  :                      | 
  15   0.010 |                      :  |  :                      | 
  16  -0.019 |                      :  |  :                      | 
  17  -0.046 |                      : *|  :                      | 
  18  -0.066 |                      :**|  :                      | 
  19  -0.063 |                      :**|  :                      | 
  20   0.064 |                      :  |**:                      | 
  21   0.116 |                      :  |***                      | 
  22   0.061 |                      :  |**:                      | 
  23  -0.132 |                      ***|  :                      | 
  24   0.127 +                      :  |+++                      +  29.91  24
  25   0.069 |                      :  |**:                      | 
  26   0.046 |                      :  |* :                      | 
  27  -0.020 |                      : *|  :                      | 
  28  -0.032 |                      : *|  :                      | 
  29  -0.051 |                      : *|  :                      | 
  30  -0.060 |                      :**|  :                      | 
  31  -0.030 |                      : *|  :                      | 
  32   0.008 |                      :  |  :                      | 
  33  -0.028 |                      : *|  :                      | 
  34   0.010 |                      :  |  :                      | 
  35  -0.078 |                      :**|  :                      | 
  36  -0.022 +                      : +|  :                      +  35.68  36
  37  -0.050 |                      : *|  :                      | 
  38   0.009 |                      :  |  :                      | 
  39  -0.024 |                      : *|  :                      | 
  40   0.017 |                      :  |  :                      | 
  41  -0.023 |                      : *|  :                      | 
  42   0.012 |                      :  |  :                      |  36.77  42
-------------+-------------------------+-------------------------+--------------
            -1                         0                         1  L-B Q  DF

Partial autocorrelation function (pacf bands =  0.136):

            -1                         0                         1
-------------+-------------------------+-------------------------+--------------
   1  -0.012 |                      :  |  :                      | 
   2  -0.024 |                      : *|  :                      | 
   3   0.005 |                      :  |  :                      | 
   4   0.142 |                      :  |****                     | 
   5  -0.034 |                      : *|  :                      | 
   6  -0.021 |                      : *|  :                      | 
   7  -0.022 |                      : *|  :                      | 
   8  -0.034 |                      : *|  :                      | 
   9   0.007 |                      :  |  :                      | 
  10  -0.077 |                      :**|  :                      | 
  11  -0.053 |                      : *|  :                      | 
  12   0.152 +                      :  |++++                     + 
  13  -0.043 |                      : *|  :                      | 
  14  -0.053 |                      : *|  :                      | 
  15   0.017 |                      :  |  :                      | 
  16  -0.075 |                      :**|  :                      | 
  17  -0.029 |                      : *|  :                      | 
  18  -0.055 |                      : *|  :                      | 
  19  -0.079 |                      :**|  :                      | 
  20   0.085 |                      :  |**:                      | 
  21   0.119 |                      :  |***                      | 
  22   0.100 |                      :  |**:                      | 
  23  -0.112 |                      ***|  :                      | 
  24   0.063 +                      :  |++:                      + 
  25   0.044 |                      :  |* :                      | 
  26   0.044 |                      :  |* :                      | 
  27  -0.001 |                      :  |  :                      | 
  28  -0.071 |                      :**|  :                      | 
  29  -0.065 |                      :**|  :                      | 
  30  -0.052 |                      : *|  :                      | 
  31   0.003 |                      :  |  :                      | 
  32   0.022 |                      :  |* :                      | 
  33  -0.066 |                      :**|  :                      | 
  34   0.019 |                      :  |  :                      | 
  35  -0.024 |                      : *|  :                      | 
  36  -0.066 +                      :++|  :                      + 
  37  -0.066 |                      :**|  :                      | 
  38   0.016 |                      :  |  :                      | 
  39   0.007 |                      :  |  :                      | 
  40   0.059 |                      :  |* :                      | 
  41  -0.021 |                      : *|  :                      | 
  42  -0.007 |                      :  |  :                      | 
-------------+-------------------------+-------------------------+--------------
            -1                         0                         1


--- Residual series a[3] (IPC_DE) ---
Unconditional residuals (seasonal period: 12)
215 observations: from 2/2002 to 12/2019

                  Mean:          -0.000005
Standard error of mean:           0.000158
              Variance:           0.000005
    Standard deviation:           0.002320
              Skewness:           0.135164
              Kurtosis:           0.349155
               Minimum:          -0.005465 at  1/2015 (observation 156)
               Maximum:           0.007624 at  4/2019 (observation 207)

Standardized time series plot (original values on right-side column):

               -3      -2     -1       0      +1     +2      +3   
-------------+--+-------+------+-------+-------+------+-------+--+--------------
   1  2/2002 |          :      :  *    |       :      :          | -0.0014810840
   2  3/2002 |          :      :    *  |       :      :          | -0.0009822020
   3  4/2002 |          :      :  *    |       :      :          | -0.0013807139
   4  5/2002 |          :      :       |*      :      :          |  0.0004230028
   5  6/2002 |          :      :  *    |       :      :          | -0.0013851649
   6  7/2002 |          :      *       |       :      :          | -0.0024443249
   7  8/2002 |          :      :   *   |       :      :          | -0.0012079203
   8  9/2002 |          :      :       *       :      :          |  0.0000133021
   9 10/2002 |          :      : *     |       :      :          | -0.0019266840
  10 11/2002 |          :      :  *    |       :      :          | -0.0016692187
  11 12/2002 +          :      :       |       : *    :          +  0.0031164668
  12  1/2003>|          :      :       |       :      :*         |> 0.0048123436
  13  2/2003 |          :      :       |*      :      :          |  0.0003479887
  14  3/2003 |          : *    :       |       :      :          | -0.0039548563
  15  4/2003 |          :    * :       |       :      :          | -0.0031675781
  16  5/2003 |          :   *  :       |       :      :          | -0.0034404994
  17  6/2003 |          :      :       |       : *    :          |  0.0029443931
  18  7/2003 |          :      :*      |       :      :          | -0.0021631958
  19  8/2003 |          :      :    *  |       :      :          | -0.0008370328
  20  9/2003 |          :      :       | *     :      :          |  0.0005951372
  21 10/2003 |          :      :     * |       :      :          | -0.0005668509
  22 11/2003 |          :      :     * |       :      :          | -0.0007042460
  23 12/2003 +          :      :       |  *    :      :          +  0.0009207447
  24  1/2004>|          :      :       |       :      *          |> 0.0046542724
  25  2/2004 |          :    * :       |       :      :          | -0.0031495078
  26  3/2004 |          :      :       |*      :      :          |  0.0001930162
  27  4/2004 |          :      :       |       *      :          |  0.0023028747
  28  5/2004 |          :      :       | *     :      :          |  0.0006431582
  29  6/2004 |          :      :   *   |       :      :          | -0.0012453985
  30  7/2004 |          :      : *     |       :      :          | -0.0018025637
  31  8/2004 |          :      :       |   *   :      :          |  0.0013468985
  32  9/2004 |          :      *       |       :      :          | -0.0023621641
  33 10/2004 |          :      :       |  *    :      :          |  0.0010479781
  34 11/2004 |          :      :       |   *   :      :          |  0.0013011638
  35 12/2004>+          :      :       |       :      *          +> 0.0046434150
  36  1/2005 |          :     *:       |       :      :          | -0.0027467648
  37  2/2005 |          :      :    *  |       :      :          | -0.0009647404
  38  3/2005 |          :      :       |       :*     :          |  0.0028825398
  39  4/2005>|         *:      :       |       :      :          |>-0.0049508386
  40  5/2005 |          :      :       | *     :      :          |  0.0006695487
  41  6/2005 |          :      :       |*      :      :          |  0.0003785994
  42  7/2005 |          :      :       |   *   :      :          |  0.0010768268
  43  8/2005 |          :      :       |   *   :      :          |  0.0012844237
  44  9/2005 |          :      :       |   *   :      :          |  0.0012635624
  45 10/2005 |          :      :       *       :      :          | -0.0001574011
  46 11/2005 |          :      :      *|       :      :          | -0.0003713002
  47 12/2005 +          :      :       |      *:      :          +  0.0020561056
  48  1/2006 |          :      :       |     * :      :          |  0.0018477761
  49  2/2006 |          :      :       |*      :      :          |  0.0002015662
  50  3/2006 |          :    * :       |       :      :          | -0.0031760064
  51  4/2006 |          :      :       |       :  *   :          |  0.0033460202
  52  5/2006 |          :      :   *   |       :      :          | -0.0011980574
  53  6/2006 |          :      :       |*      :      :          |  0.0004357796
  54  7/2006 |          :      :       |*      :      :          |  0.0003026002
  55  8/2006 |          :    * :       |       :      :          | -0.0031725433
  56  9/2006 |          :    * :       |       :      :          | -0.0029325161
  57 10/2006 |          :      :       |    *  :      :          |  0.0015367803
  58 11/2006 |          :      :       |      *:      :          |  0.0020790642
  59 12/2006 +          :      :       |       :*     :          +  0.0026267614
  60  1/2007>|          :      :       |       :      :*         |> 0.0049967900
  61  2/2007 |          :      :   *   |       :      :          | -0.0013435446
  62  3/2007 |          :      :      *|       :      :          | -0.0002645130
  63  4/2007>|          :      :       |       :      :  *       |> 0.0055594457
  64  5/2007 |          :      :  *    |       :      :          | -0.0014958064
  65  6/2007 |          :      :     * |       :      :          | -0.0005709753
  66  7/2007 |          :      :       |     * :      :          |  0.0018130716
  67  8/2007 |          :      : *     |       :      :          | -0.0018796028
  68  9/2007 |          :      :       |   *   :      :          |  0.0012766526
  69 10/2007 |          :      :       |      *:      :          |  0.0022548521
  70 11/2007>|          :      :       |       :      :       *  |> 0.0071662329
  71 12/2007 +          :      :      *|       :      :          + -0.0002068609
  72  1/2008 |          :      :       | *     :      :          |  0.0006075721
  73  2/2008 |          :      :       |*      :      :          |  0.0003370088
  74  3/2008 |          :      :       |  *    :      :          |  0.0010328290
  75  4/2008 |          :    * :       |       :      :          | -0.0030620145
  76  5/2008 |          :      :       |       :     *:          |  0.0043918980
  77  6/2008 |          :      :       |    *  :      :          |  0.0014147279
  78  7/2008 |          :      :       |  *    :      :          |  0.0009240717
  79  8/2008 |          :  *   :       |       :      :          | -0.0036602540
  80  9/2008 |          :      :       |  *    :      :          |  0.0007836792
  81 10/2008 |          :      :   *   |       :      :          | -0.0013340909
  82 11/2008 |          :     *:       |       :      :          | -0.0027132409
  83 12/2008 +          :      *       |       :      :          + -0.0023939486
  84  1/2009 |          :      :       | *     :      :          |  0.0005736363
  85  2/2009 |          :      :       |    *  :      :          |  0.0014836770
  86  3/2009>|         *:      :       |       :      :          |>-0.0049034590
  87  4/2009 |          :      :     * |       :      :          | -0.0005711938
  88  5/2009 |          :      :    *  |       :      :          | -0.0007943697
  89  6/2009 |          :      :       |    *  :      :          |  0.0016301275
  90  7/2009 |          :   *  :       |       :      :          | -0.0034944841
  91  8/2009 |          :      :       |      *:      :          |  0.0020819761
  92  9/2009 |          :  *   :       |       :      :          | -0.0037881457
  93 10/2009 |          :      :       |  *    :      :          |  0.0007792112
  94 11/2009 |          :      :       |   *   :      :          |  0.0012397070
  95 12/2009 +          :      :       |      *:      :          +  0.0019930841
  96  1/2010 |          :      :   *   |       :      :          | -0.0012921291
  97  2/2010 |          :      :  *    |       :      :          | -0.0015481245
  98  3/2010 |          :      :       |      *:      :          |  0.0021553995
  99  4/2010 |          :      : *     |       :      :          | -0.0019492318
 100  5/2010 |          :      :*      |       :      :          | -0.0021452801
 101  6/2010 |          :      :     * |       :      :          | -0.0007393268
 102  7/2010 |          :      : *     |       :      :          | -0.0019455754
 103  8/2010 |          :      :       |   *   :      :          |  0.0012142348
 104  9/2010 |          :      :     * |       :      :          | -0.0006798235
 105 10/2010 |          :      :       |   *   :      :          |  0.0011338045
 106 11/2010 |          :      :       |       :   *  :          |  0.0035144481
 107 12/2010 +          :      :       |   *   :      :          +  0.0013102595
 108  1/2011 |          :      :       |   *   :      :          |  0.0010796695
 109  2/2011 |          :      :       |       *      :          |  0.0023398116
 110  3/2011 |          :      :       |      *:      :          |  0.0019985516
 111  4/2011 |          :      :  *    |       :      :          | -0.0013785609
 112  5/2011 |          :      : *     |       :      :          | -0.0018123955
 113  6/2011 |          :      :      *|       :      :          | -0.0002762019
 114  7/2011 |          :      :   *   |       :      :          | -0.0011435087
 115  8/2011 |          :      :       |  *    :      :          |  0.0007665524
 116  9/2011 |          :      :       |   *   :      :          |  0.0012932897
 117 10/2011 |          :      :       |  *    :      :          |  0.0008155419
 118 11/2011 |          :      :       |       :*     :          |  0.0027226623
 119 12/2011 +          :    * :       |       :      :          + -0.0030819692
 120  1/2012 |          :      :       |       :*     :          |  0.0027567898
 121  2/2012 |          :      :       |    *  :      :          |  0.0016497711
 122  3/2012 |          :      :       |  *    :      :          |  0.0008232509
 123  4/2012 |          :      :*      |       :      :          | -0.0020257250
 124  5/2012 |          :      *       |       :      :          | -0.0025978277
 125  6/2012 |          :      : *     |       :      :          | -0.0018983053
 126  7/2012 |          :      :       | *     :      :          |  0.0005502444
 127  8/2012 |          :      :       |       :    * :          |  0.0040549626
 128  9/2012 |          :      :       |  *    :      :          |  0.0008312933
 129 10/2012 |          :      :       |*      :      :          |  0.0003474633
 130 11/2012 |          :      :       |       : *    :          |  0.0031359129
 131 12/2012 +          :      :     * |       :      :          + -0.0006946640
 132  1/2013 |          :      :       *       :      :          | -0.0001300326
 133  2/2013 |          :      :       |   *   :      :          |  0.0011613031
 134  3/2013 |          :      :       | *     :      :          |  0.0005005558
 135  4/2013>|       *  :      :       |       :      :          |>-0.0053539084
 136  5/2013 |          :      :       |       : *    :          |  0.0030054092
 137  6/2013 |          :      :      *|       :      :          | -0.0003842205
 138  7/2013 |          :      :       | *     :      :          |  0.0005809891
 139  8/2013 |          :      :       |*      :      :          |  0.0003484610
 140  9/2013 |          :      :       *       :      :          |  0.0000077200
 141 10/2013 |          :      : *     |       :      :          | -0.0019551577
 142 11/2013 |          :      :       |       :     *:          |  0.0041488529
 143 12/2013 +          :      :      *|       :      :          + -0.0003339112
 144  1/2014 |          :      *       |       :      :          | -0.0025181921
 145  2/2014 |          :      :       |    *  :      :          |  0.0016348735
 146  3/2014 |          :      :  *    |       :      :          | -0.0016552328
 147  4/2014 |          :     *:       |       :      :          | -0.0027205704
 148  5/2014 |          :     *:       |       :      :          | -0.0026118900
 149  6/2014 |          :      :       |   *   :      :          |  0.0011010810
 150  7/2014 |          :      :       |*      :      :          |  0.0004344026
 151  8/2014 |          :      :     * |       :      :          | -0.0004671074
 152  9/2014 |          :      :       |*      :      :          |  0.0002635886
 153 10/2014 |          :      :*      |       :      :          | -0.0022039727
 154 11/2014 |          :      :       |       *      :          |  0.0023109317
 155 12/2014>+        * :      :       |       :      :          +>-0.0052552264
 156  1/2015>|       *  :      :       |       :      :          |>-0.0054653707
 157  2/2015 |          :      :       |       :     *:          |  0.0041657716
 158  3/2015 |          :      :       |   *   :      :          |  0.0011807016
 159  4/2015 |          :      :       |      *:      :          |  0.0022390141
 160  5/2015 |          :      :       |*      :      :          |  0.0002594206
 161  6/2015 |          :      :   *   |       :      :          | -0.0012411167
 162  7/2015 |          :      :       *       :      :          |  0.0001404258
 163  8/2015 |          :      :     * |       :      :          | -0.0006016144
 164  9/2015 |          :      :     * |       :      :          | -0.0007331155
 165 10/2015 |          :      :      *|       :      :          | -0.0002235949
 166 11/2015>|          *      :       |       :      :          |>-0.0046633051
 167 12/2015 +          : *    :       |       :      :          + -0.0041079950
 168  1/2016 |          :      *       |       :      :          | -0.0024766933
 169  2/2016 |          :      :   *   |       :      :          | -0.0013679844
 170  3/2016 |          :      :       |       *      :          |  0.0025130063
 171  4/2016 |          :      :      *|       :      :          | -0.0003489727
 172  5/2016 |          :      :       |       : *    :          |  0.0030965912
 173  6/2016 |          :      :      *|       :      :          | -0.0003750472
 174  7/2016 |          :      :       *       :      :          | -0.0000571640
 175  8/2016 |          :      :     * |       :      :          | -0.0006072030
 176  9/2016 |          :      :       |    *  :      :          |  0.0014623886
 177 10/2016 |          :      :       |   *   :      :          |  0.0011812828
 178 11/2016 |          *      :       |       :      :          | -0.0044375576
 179 12/2016 +          :      :       |       :*     :          +  0.0027107554
 180  1/2017 |          :      :      *|       :      :          | -0.0003438779
 181  2/2017 |          :      :       |*      :      :          |  0.0002378158
 182  3/2017 |          :      :     * |       :      :          | -0.0006821352
 183  4/2017 |          :      :       |       : *    :          |  0.0029693675
 184  5/2017 |          :      : *     |       :      :          | -0.0018797944
 185  6/2017 |          :      :       |   *   :      :          |  0.0011367329
 186  7/2017 |          :      :       |      *:      :          |  0.0019946661
 187  8/2017 |          :      :       | *     :      :          |  0.0005609044
 188  9/2017 |          :      :       |*      :      :          |  0.0004045709
 189 10/2017 |          :      :   *   |       :      :          | -0.0010885954
 190 11/2017 |          :      :*      |       :      :          | -0.0022313775
 191 12/2017 +          :      :       *       :      :          + -0.0000644362
 192  1/2018 |          :      :   *   |       :      :          | -0.0012554894
 193  2/2018 |          :      :*      |       :      :          | -0.0022128606
 194  3/2018 |          :      :       |    *  :      :          |  0.0014261462
 195  4/2018 |          :      :       |    *  :      :          |  0.0014653482
 196  5/2018>|          :      :       |       :      *          |> 0.0046957080
 197  6/2018 |          :      : *     |       :      :          | -0.0017073825
 198  7/2018 |          :      :       |    *  :      :          |  0.0014196735
 199  8/2018 |          :      :       |     * :      :          |  0.0017429011
 200  9/2018 |          :      :       |    *  :      :          |  0.0016413458
 201 10/2018 |          :      :       |*      :      :          |  0.0003951195
 202 11/2018 |          :*     :       |       :      :          | -0.0042468131
 203 12/2018 +          :   *  :       |       :      :          + -0.0034013416
 204  1/2019 |          :   *  :       |       :      :          | -0.0032574018
 205  2/2019 |          :      :     * |       :      :          | -0.0005343074
 206  3/2019 |          :      :       |*      :      :          |  0.0003428786
 207  4/2019>|          :      :       |       :      :         *|> 0.0076242698
 208  5/2019 |          :      :      *|       :      :          | -0.0002161830
 209  6/2019 |          :      :       | *     :      :          |  0.0006902260
 210  7/2019 |          :      :       |      *:      :          |  0.0022225576
 211  8/2019 |          :      : *     |       :      :          | -0.0017240581
 212  9/2019 |          :      :      *|       :      :          | -0.0003122499
 213 10/2019 |          :      :      *|       :      :          | -0.0002231335
 214 11/2019>|        * :      :       |       :      :          |>-0.0053182967
 215 12/2019 +          :      :       |    *  :      :          +  0.0015785332
-------------+--+-------+------+-------+-------+------+-------+--+--------------
               -3      -2     -1       0      +1     +2      +3   

                 +------------------------------------------+
                 |       Table of standardized values       |
                 |       greater than or equal to 2.0       |
                 +------------------------------------------+
                 |                                          |
                 | Observation    Date   Standardized value |
                 |                                          |
                 |     12        1/2003         2.08        |
                 |     24        1/2004         2.01        |
                 |     35       12/2004         2.00        |
                 |     39        4/2005        -2.13        |
                 |     60        1/2007         2.16        |
                 |     63        4/2007         2.40        |
                 |     70       11/2007         3.09        |
                 |     86        3/2009        -2.11        |
                 |    135        4/2013        -2.31        |
                 |    155       12/2014        -2.26        |
                 |    156        1/2015        -2.35        |
                 |    166       11/2015        -2.01        |
                 |    196        5/2018         2.03        |
                 |    207        4/2019         3.29        |
                 |    214       11/2019        -2.29        |
                 +------------------------------------------+

Standardized time series histogram:

       -4      -3      -2      -1       0      +1      +2      +3      +4
        +---+---+---+---+---+---+---+---+---+---+---+---+---+---+---+---+
        |                                 45                            |
        |                                ....                            |
        |                                .... 39                         |
        |                         34 36  ........                        |
        |                        ................                        |
        |                        ................                        |
        |                        ................                        |
        |                        ................                        |
        |                     20 ................                        |
        |                    ....................                        |
        |                    ....................                        |
        |                    .................... 14                     |
        |                    ........................                    |
        |              7  7  ........................    6               |
        |            ................................  5 ....            |
        |            ........................................      2     |
        |            ........................................    ....    |
        +---+---+---+---+---+---+---+---+---+---+---+---+---+---+---+---+
       -4      -3      -2      -1       0      +1      +2      +3      +4

              61 values outside (-1,+1): 28.37 % (31.74 % expected)
              15 values outside (-2,+2):  6.98 % ( 4.56 % expected)

Autocorrelation function (acf bands =  0.136):

            -1                         0                         1  L-B Q  DF
-------------+-------------------------+-------------------------+--------------
   1  -0.013 |                      :  |  :                      | 
   2  -0.019 |                      :  |  :                      | 
   3   0.002 |                      :  |  :                      | 
   4  -0.052 |                      : *|  :                      | 
   5  -0.144 |                     ****|  :                      | 
   6  -0.032 |                      : *|  :                      | 
   7   0.016 |                      :  |  :                      | 
   8  -0.084 |                      :**|  :                      | 
   9   0.043 |                      :  |* :                      | 
  10   0.012 |                      :  |  :                      | 
  11   0.195 |                      :  |*****                    | 
  12   0.122 +                      :  |+++                      +  19.77  12
  13   0.035 |                      :  |* :                      | 
  14  -0.045 |                      : *|  :                      | 
  15   0.023 |                      :  |* :                      | 
  16  -0.047 |                      : *|  :                      | 
  17  -0.069 |                      :**|  :                      | 
  18  -0.043 |                      : *|  :                      | 
  19  -0.050 |                      : *|  :                      | 
  20  -0.057 |                      : *|  :                      | 
  21   0.008 |                      :  |  :                      | 
  22   0.047 |                      :  |* :                      | 
  23   0.018 |                      :  |  :                      | 
  24   0.020 +                      :  |  :                      +  24.84  24
  25   0.083 |                      :  |**:                      | 
  26  -0.073 |                      :**|  :                      | 
  27  -0.025 |                      : *|  :                      | 
  28  -0.082 |                      :**|  :                      | 
  29  -0.058 |                      : *|  :                      | 
  30  -0.044 |                      : *|  :                      | 
  31  -0.024 |                      : *|  :                      | 
  32  -0.014 |                      :  |  :                      | 
  33  -0.023 |                      : *|  :                      | 
  34  -0.005 |                      :  |  :                      | 
  35  -0.005 |                      :  |  :                      | 
  36   0.169 +                      :  |++++                     +  38.76  36
  37   0.033 |                      :  |* :                      | 
  38  -0.063 |                      :**|  :                      | 
  39  -0.052 |                      : *|  :                      | 
  40  -0.060 |                      : *|  :                      | 
  41  -0.085 |                      :**|  :                      | 
  42   0.004 |                      :  |  :                      |  43.69  42
-------------+-------------------------+-------------------------+--------------
            -1                         0                         1  L-B Q  DF

Partial autocorrelation function (pacf bands =  0.136):

            -1                         0                         1
-------------+-------------------------+-------------------------+--------------
   1  -0.013 |                      :  |  :                      | 
   2  -0.019 |                      :  |  :                      | 
   3   0.001 |                      :  |  :                      | 
   4  -0.052 |                      : *|  :                      | 
   5  -0.146 |                     ****|  :                      | 
   6  -0.040 |                      : *|  :                      | 
   7   0.009 |                      :  |  :                      | 
   8  -0.090 |                      :**|  :                      | 
   9   0.024 |                      :  |* :                      | 
  10  -0.015 |                      :  |  :                      | 
  11   0.193 |                      :  |*****                    | 
  12   0.133 +                      :  |+++                      + 
  13   0.036 |                      :  |* :                      | 
  14  -0.032 |                      : *|  :                      | 
  15   0.052 |                      :  |* :                      | 
  16   0.015 |                      :  |  :                      | 
  17  -0.016 |                      :  |  :                      | 
  18  -0.053 |                      : *|  :                      | 
  19  -0.042 |                      : *|  :                      | 
  20  -0.058 |                      : *|  :                      | 
  21  -0.012 |                      :  |  :                      | 
  22  -0.027 |                      : *|  :                      | 
  23  -0.045 |                      : *|  :                      | 
  24  -0.034 +                      : +|  :                      + 
  25   0.078 |                      :  |**:                      | 
  26  -0.078 |                      :**|  :                      | 
  27  -0.023 |                      : *|  :                      | 
  28  -0.087 |                      :**|  :                      | 
  29  -0.023 |                      : *|  :                      | 
  30  -0.008 |                      :  |  :                      | 
  31  -0.018 |                      :  |  :                      | 
  32  -0.029 |                      : *|  :                      | 
  33  -0.039 |                      : *|  :                      | 
  34  -0.046 |                      : *|  :                      | 
  35  -0.008 |                      :  |  :                      | 
  36   0.133 +                      :  |+++                      + 
  37   0.048 |                      :  |* :                      | 
  38  -0.051 |                      : *|  :                      | 
  39  -0.023 |                      : *|  :                      | 
  40  -0.034 |                      : *|  :                      | 
  41  -0.021 |                      : *|  :                      | 
  42   0.017 |                      :  |  :                      | 
-------------+-------------------------+-------------------------+--------------
            -1                         0                         1


--- Cross-correlation functions between residuals ---

CROSS CORRELATION a[2] (IPC_FR) - a[1] (IPC_ES)
      IPC_FR --> IPC_ES IF k > 0
      IPC_ES --> IPC_FR IF k < 0
CCF BANDS  2.0/SQRT(N) =  0.13640:

            -1                         0                         1
-------------+-------------------------+-------------------------+--------------
  -9   0.004 |                      :  |  :                      |                            
  -8   0.036 |                      :  |* :                      |                            
  -7  -0.068 |                      :**|  :                      |                            
  -6   0.117 |                      :  |***                      |                            
  -5   0.001 |                      :  |  :                      |                            
  -4   0.070 |                      :  |**:                      |                            
  -3  -0.012 |                      :  |  :                      |                            
  -2  -0.020 |                      :  |  :                      |                            
  -1  -0.005 |                      :  |  :                      |                            
   0   0.484 |                      :  |************             |                            
   1  -0.015 |                      :  |  :                      |                            
   2  -0.021 |                      : *|  :                      |                            
   3   0.007 |                      :  |  :                      |                            
   4   0.060 |                      :  |**:                      |                            
   5  -0.043 |                      : *|  :                      |                            
   6   0.190 |                      :  |*****                    |                            
   7   0.061 |                      :  |**:                      |                            
   8  -0.042 |                      : *|  :                      |                            
   9   0.069 |                      :  |**:                      |                            
-------------+-------------------------+-------------------------+--------------
            -1                         0                         1
Q(10) = 62.437     k >= 0      Q( 9) = 11.705      k > 0
Q(10) = 56.337     k <= 0      Q( 9) =  5.605      k < 0

CROSS CORRELATION a[3] (IPC_DE) - a[1] (IPC_ES)
      IPC_DE --> IPC_ES IF k > 0
      IPC_ES --> IPC_DE IF k < 0
CCF BANDS  2.0/SQRT(N) =  0.13640:

            -1                         0                         1
-------------+-------------------------+-------------------------+--------------
  -9   0.024 |                      :  |* :                      |                            
  -8  -0.022 |                      : *|  :                      |                            
  -7   0.029 |                      :  |* :                      |                            
  -6  -0.011 |                      :  |  :                      |                            
  -5   0.026 |                      :  |* :                      |                            
  -4   0.079 |                      :  |**:                      |                            
  -3  -0.011 |                      :  |  :                      |                            
  -2  -0.013 |                      :  |  :                      |                            
  -1  -0.009 |                      :  |  :                      |                            
   0   0.518 |                      :  |*************            |                            
   1  -0.015 |                      :  |  :                      |                            
   2   0.003 |                      :  |  :                      |                            
   3   0.002 |                      :  |  :                      |                            
   4  -0.039 |                      : *|  :                      |                            
   5  -0.064 |                      :**|  :                      |                            
   6   0.068 |                      :  |**:                      |                            
   7   0.105 |                      :  |***                      |                            
   8  -0.043 |                      : *|  :                      |                            
   9   0.030 |                      :  |* :                      |                            
-------------+-------------------------+-------------------------+--------------
            -1                         0                         1
Q(10) = 63.750     k >= 0      Q( 9) =  5.417      k > 0
Q(10) = 60.385     k <= 0      Q( 9) =  2.052      k < 0

CROSS CORRELATION a[3] (IPC_DE) - a[2] (IPC_FR)
      IPC_DE --> IPC_FR IF k > 0
      IPC_FR --> IPC_DE IF k < 0
CCF BANDS  2.0/SQRT(N) =  0.13640:

            -1                         0                         1
-------------+-------------------------+-------------------------+--------------
  -9   0.055 |                      :  |* :                      |                            
  -8  -0.080 |                      :**|  :                      |                            
  -7   0.046 |                      :  |* :                      |                            
  -6  -0.009 |                      :  |  :                      |                            
  -5  -0.023 |                      : *|  :                      |                            
  -4   0.053 |                      :  |* :                      |                            
  -3  -0.016 |                      :  |  :                      |                            
  -2  -0.030 |                      : *|  :                      |                            
  -1  -0.016 |                      :  |  :                      |                            
   0   0.531 |                      :  |*************            |                            
   1  -0.018 |                      :  |  :                      |                            
   2  -0.028 |                      : *|  :                      |                            
   3   0.011 |                      :  |  :                      |                            
   4  -0.003 |                      :  |  :                      |                            
   5  -0.085 |                      :**|  :                      |                            
   6   0.012 |                      :  |  :                      |                            
   7   0.013 |                      :  |  :                      |                            
   8   0.003 |                      :  |  :                      |                            
   9   0.075 |                      :  |**:                      |                            
-------------+-------------------------+-------------------------+--------------
            -1                         0                         1
Q(10) = 64.299     k >= 0      Q( 9) =  3.214      k > 0
Q(10) = 64.749     k <= 0      Q( 9) =  3.664      k < 0

=============================================================
