Input Data File  : data/models_group1/IPC3_ext.inp
Output File      : data/models_group1/IPC3_ext.out
Model: VARMA(3,0)
Include mean     : yes
Diagonal AR      : no
Diagonal MA      : no
Diagonal Cov     : no
Estimation method: 1
Two-step init    : no
Frequency        : 12
Start            : 1 2002
Box-Cox lambda   : 0
Rescale factor   : 1
Differences      : d=1, D=0 (seasonal lag=12)
Deseasonalize    : harmonic (auto)
Series names     : IPC_ES IPC_FR IPC_DE
Observations     : 262 (raw 263)

Number of parameters: 36

=============================================================
  OPTIMIZER CONVERGED after 36 iterations
  Objective function = 0.577010398961
  Convergence criterion: scaled distance between last two steps <= steptol
=============================================================



=============================================================
  Estimated Parameters and Standard Deviations               
=============================================================

                        Parameter     Estimate    Std.Error   t-stat  p-val
--------------------------------------------------------------------
mu[1]                   0.001546     0.000274    5.638 0.0000 ***
mu[2]                   0.001133     0.000158    7.184 0.0000 ***
mu[3]                   0.001158     0.000159    7.269 0.0000 ***
phi[1]_11              0.330424     0.072434    4.562 0.0000 ***
phi[1]_12             -0.054042     0.112745   -0.479 0.6317    
phi[1]_13              0.232373     0.086260    2.694 0.0071 ** 
phi[1]_21              0.256920     0.056467    4.550 0.0000 ***
phi[1]_22             -0.273708     0.080874   -3.384 0.0007 ***
phi[1]_23              0.188988     0.062595    3.019 0.0025 ** 
phi[1]_31             -0.027135     0.066699   -0.407 0.6841    
phi[1]_32              0.092717     0.100959    0.918 0.3584    
phi[1]_33              0.061562     0.078449    0.785 0.4326    
phi[2]_11             -0.081940     0.082683   -0.991 0.3217    
phi[2]_12              0.146489     0.117137    1.251 0.2111    
phi[2]_13             -0.034498     0.087170   -0.396 0.6923    
phi[2]_21              0.010883     0.063985    0.170 0.8649    
phi[2]_22              0.037858     0.084073    0.450 0.6525    
phi[2]_23             -0.086017     0.063998   -1.344 0.1789    
phi[2]_31             -0.066257     0.080436   -0.824 0.4101    
phi[2]_32              0.191036     0.107434    1.778 0.0754 .  
phi[2]_33              0.028960     0.078648    0.368 0.7127    
phi[3]_11              0.061348     0.075167    0.816 0.4144    
phi[3]_12              0.017253     0.109635    0.157 0.8750    
phi[3]_13             -0.097101     0.077900   -1.246 0.2126    
phi[3]_21              0.055857     0.056133    0.995 0.3197    
phi[3]_22              0.047699     0.081302    0.587 0.5574    
phi[3]_23             -0.135408     0.060670   -2.232 0.0256 *  
phi[3]_31             -0.060638     0.069939   -0.867 0.3859    
phi[3]_32              0.184665     0.103019    1.793 0.0730 .  
phi[3]_33             -0.191168     0.071626   -2.669 0.0076 ** 
cov[1,1]               1.190049     0.073146   16.269 0.0000 ***
cov[2,1]               0.412191     0.048586    8.484 0.0000 ***
cov[2,2]               0.610065     0.060974   10.005 0.0000 ***
cov[3,1]               0.567584     0.055745   10.182 0.0000 ***
cov[3,2]               0.416140     0.045021    9.243 0.0000 ***
cov[3,3]               1.009239     0.073084   13.809 0.0000 ***
--------------------------------------------------------------------
Signif. codes:  0 '***' 0.001 '**' 0.01 '*' 0.05 '.' 0.1 ' ' 1



=============================================================
           JOINT HYPOTHESIS TESTS (WALD)                    
=============================================================

Test of joint significance of last lag (AR(3) and MA(0)):
  Wald chi2(9) = 16.0160, p-value = 0.0665
  Conclusion: Cannot reject H0 → last lag is not significant.

Test of joint significance of last AR lag (AR(3)):
  Wald chi2(9) = 16.0160, p-value = 0.0665
  Conclusion: Cannot reject H0 → last AR lag is not significant.

Test of joint significance of all cross effects:
  H0: all cross coefficients = 0
  Wald chi2(18) = 68.4962, p-value = 0.0000
  Conclusion: REJECT H0 → cross effects are jointly significant.

--- Directional cross-effects tests ---

IPC_ES: effects of other variables on it:
  H0: all coefficients in equation IPC_ES from other vars = 0
  Wald chi2(6) = 11.6114, p-value = 0.0712
  Conclusion: Cannot reject H0 → IPC_ES is not influenced by others.

IPC_ES: effects of it on other variables:
  H0: all coefficients of IPC_ES in other equations = 0
  Wald chi2(6) = 36.2705, p-value = 0.0000
  Conclusion: REJECT H0 → IPC_ES influences others.

IPC_FR: effects of other variables on it:
  H0: all coefficients in equation IPC_FR from other vars = 0
  Wald chi2(6) = 44.3606, p-value = 0.0000
  Conclusion: REJECT H0 → IPC_FR is influenced by others.

IPC_FR: effects of it on other variables:
  H0: all coefficients of IPC_FR in other equations = 0
  Wald chi2(6) = 7.9876, p-value = 0.2390
  Conclusion: Cannot reject H0 → IPC_FR does not influence others.

IPC_DE: effects of other variables on it:
  H0: all coefficients in equation IPC_DE from other vars = 0
  Wald chi2(6) = 5.5387, p-value = 0.4768
  Conclusion: Cannot reject H0 → IPC_DE is not influenced by others.

IPC_DE: effects of it on other variables:
  H0: all coefficients of IPC_DE in other equations = 0
  Wald chi2(6) = 16.1155, p-value = 0.0131
  Conclusion: REJECT H0 → IPC_DE influences others.


=============================================================
           ORTHOGONALIZED IMPULSE RESPONSE FUNCTIONS        
=============================================================
Shocks are orthogonalized via Cholesky decomposition of Sigma Matrix.
Order of variables: as in the model.

Shock to IPC_ES:
Horizon   IPC_ES   IPC_FR   IPC_DE
    0     0.0025   0.0009   0.0012
    1     0.0011   0.0006   0.0001
    2     0.0002   0.0001   0.0001
    3     0.0001   0.0001  -0.0002
    4     0.0001   0.0001   0.0000
    5     0.0000   0.0000  -0.0000
    6     0.0000   0.0000   0.0000
    7     0.0000   0.0000   0.0000
    8     0.0000   0.0000   0.0000
    9     0.0000   0.0000  -0.0000
   10     0.0000   0.0000  -0.0000
   11    -0.0000  -0.0000  -0.0000
   12     0.0000   0.0000   0.0000
   13     0.0000   0.0000   0.0000
   14     0.0000   0.0000   0.0000
   15     0.0000   0.0000   0.0000
   16     0.0000   0.0000   0.0000
   17     0.0000  -0.0000  -0.0000
   18    -0.0000  -0.0000  -0.0000
   19    -0.0000  -0.0000  -0.0000
   20     0.0000   0.0000   0.0000

Shock to IPC_FR:
Horizon   IPC_ES   IPC_FR   IPC_DE
    0     0.0000   0.0016   0.0007
    1     0.0001  -0.0003   0.0002
    2     0.0003   0.0001   0.0003
    3     0.0001   0.0000   0.0001
    4     0.0000  -0.0000  -0.0001
    5    -0.0000  -0.0000  -0.0001
    6    -0.0000  -0.0000  -0.0000
    7    -0.0000   0.0000  -0.0000
    8     0.0000   0.0000   0.0000
    9     0.0000   0.0000   0.0000
   10     0.0000   0.0000   0.0000
   11     0.0000  -0.0000   0.0000
   12    -0.0000  -0.0000  -0.0000
   13    -0.0000  -0.0000  -0.0000
   14    -0.0000  -0.0000  -0.0000
   15    -0.0000   0.0000   0.0000
   16     0.0000   0.0000   0.0000
   17     0.0000   0.0000   0.0000
   18     0.0000   0.0000   0.0000
   19     0.0000  -0.0000  -0.0000
   20    -0.0000  -0.0000  -0.0000

Shock to IPC_DE:
Horizon   IPC_ES   IPC_FR   IPC_DE
    0     0.0000   0.0000   0.0018
    1     0.0004   0.0003   0.0001
    2     0.0001  -0.0001   0.0001
    3    -0.0001  -0.0002  -0.0003
    4    -0.0001  -0.0000  -0.0000
    5    -0.0001  -0.0000  -0.0001
    6    -0.0000   0.0000   0.0000
    7     0.0000   0.0000   0.0000
    8     0.0000   0.0000   0.0000
    9     0.0000  -0.0000  -0.0000
   10    -0.0000  -0.0000  -0.0000
   11    -0.0000  -0.0000  -0.0000
   12    -0.0000  -0.0000  -0.0000
   13    -0.0000  -0.0000  -0.0000
   14     0.0000   0.0000   0.0000
   15     0.0000   0.0000   0.0000
   16     0.0000   0.0000   0.0000
   17     0.0000  -0.0000  -0.0000
   18    -0.0000  -0.0000  -0.0000
   19    -0.0000  -0.0000  -0.0000
   20    -0.0000  -0.0000  -0.0000


=============================================================
        ACCUMULATED IMPULSE RESPONSE FUNCTIONS               
=============================================================
Cumulative response of each variable to a one-s.d. shock
(sum of responses up to each horizon).

Shock to IPC_ES:
Horizon   IPC_ES   IPC_FR   IPC_DE
    0     0.0025   0.0009   0.0012
    1     0.0036   0.0015   0.0013
    2     0.0038   0.0016   0.0014
    3     0.0039   0.0017   0.0012
    4     0.0040   0.0017   0.0012
    5     0.0040   0.0018   0.0012
    6     0.0041   0.0018   0.0013
    7     0.0041   0.0018   0.0013
    8     0.0041   0.0018   0.0013
    9     0.0041   0.0018   0.0013
   10     0.0041   0.0018   0.0013
   11     0.0041   0.0018   0.0013
   12     0.0041   0.0018   0.0013
   13     0.0041   0.0018   0.0013
   14     0.0041   0.0018   0.0013
   15     0.0041   0.0018   0.0013
   16     0.0041   0.0018   0.0013
   17     0.0041   0.0018   0.0013
   18     0.0041   0.0018   0.0013
   19     0.0041   0.0018   0.0013
   20     0.0041   0.0018   0.0013

Shock to IPC_FR:
Horizon   IPC_ES   IPC_FR   IPC_DE
    0     0.0000   0.0016   0.0007
    1     0.0001   0.0013   0.0009
    2     0.0004   0.0014   0.0012
    3     0.0004   0.0015   0.0014
    4     0.0005   0.0014   0.0013
    5     0.0004   0.0014   0.0012
    6     0.0004   0.0014   0.0012
    7     0.0004   0.0014   0.0012
    8     0.0004   0.0014   0.0012
    9     0.0004   0.0014   0.0012
   10     0.0004   0.0014   0.0012
   11     0.0004   0.0014   0.0012
   12     0.0004   0.0014   0.0012
   13     0.0004   0.0014   0.0012
   14     0.0004   0.0014   0.0012
   15     0.0004   0.0014   0.0012
   16     0.0004   0.0014   0.0012
   17     0.0004   0.0014   0.0012
   18     0.0004   0.0014   0.0012
   19     0.0004   0.0014   0.0012
   20     0.0004   0.0014   0.0012

Shock to IPC_DE:
Horizon   IPC_ES   IPC_FR   IPC_DE
    0     0.0000   0.0000   0.0018
    1     0.0004   0.0003   0.0020
    2     0.0005   0.0002   0.0020
    3     0.0004   0.0001   0.0017
    4     0.0003   0.0000   0.0017
    5     0.0002   0.0000   0.0016
    6     0.0002   0.0000   0.0016
    7     0.0002   0.0000   0.0016
    8     0.0002   0.0000   0.0017
    9     0.0002   0.0000   0.0017
   10     0.0002   0.0000   0.0017
   11     0.0002   0.0000   0.0016
   12     0.0002   0.0000   0.0016
   13     0.0002   0.0000   0.0016
   14     0.0002   0.0000   0.0016
   15     0.0002   0.0000   0.0016
   16     0.0002   0.0000   0.0016
   17     0.0002   0.0000   0.0016
   18     0.0002   0.0000   0.0016
   19     0.0002   0.0000   0.0016
   20     0.0002   0.0000   0.0016


=============================================================
  LONG‑RUN GAIN, SHOCK STD. DEVIATIONS AND MEAN LAG        
=============================================================

Structural shock standard deviations (one‑s.d. shock size):
  IPC_ES   : 0.0025
  IPC_FR   : 0.0016
  IPC_DE   : 0.0018

Shock to IPC_ES:
  IPC_ES   : gain =   0.0041  mean lag =   0.72 months
  IPC_FR   : gain =   0.0018  mean lag =   1.01 months
  IPC_DE   : gain =   0.0013  mean lag =   0.20 months

Shock to IPC_FR:
  IPC_ES   : gain =   0.0004  mean lag =   1.55 months
  IPC_FR   : gain =   0.0014  mean lag =  -0.11 months
  IPC_DE   : gain =   0.0012  mean lag =   0.44 months

Shock to IPC_DE:
  IPC_ES   : gain =   0.0002  mean lag =  -1.59 months
  IPC_FR   : gain =   0.0000  mean lag = undefined
  IPC_DE   : gain =   0.0016  mean lag =  -0.55 months
=============================================================



=============================================================
           FORECAST ERROR VARIANCE DECOMPOSITION             
=============================================================
Values are percentages of forecast error variance accounted for by each shock.
Shocks are orthogonalized via Cholesky decomposition.

IPC_ES:
Horizon   IPC_ES   IPC_FR   IPC_DE
    1     100.00     0.00     0.00
    2      97.52     0.10     2.39
    3      96.35     1.21     2.44
    4      96.16     1.25     2.59
    5      96.02     1.25     2.73
    6      95.98     1.25     2.77
    7      95.97     1.26     2.77
    8      95.97     1.26     2.77
    9      95.97     1.26     2.77
   10      95.97     1.26     2.77
   11      95.97     1.26     2.77
   12      95.97     1.26     2.77
   13      95.97     1.26     2.77
   14      95.97     1.26     2.77
   15      95.97     1.26     2.77
   16      95.97     1.26     2.77
   17      95.97     1.26     2.77
   18      95.97     1.26     2.77
   19      95.97     1.26     2.77
   20      95.97     1.26     2.77

IPC_FR:
Horizon   IPC_ES   IPC_FR   IPC_DE
    1      23.40    76.60     0.00
    2      30.16    66.71     3.13
    3      30.00    66.52     3.48
    4      29.93    65.88     4.19
    5      29.97    65.83     4.20
    6      29.98    65.81     4.21
    7      30.00    65.79     4.21
    8      30.01    65.78     4.21
    9      30.01    65.78     4.21
   10      30.01    65.78     4.21
   11      30.01    65.78     4.21
   12      30.01    65.78     4.21
   13      30.01    65.78     4.21
   14      30.01    65.78     4.21
   15      30.01    65.78     4.21
   16      30.01    65.78     4.21
   17      30.01    65.78     4.21
   18      30.01    65.78     4.21
   19      30.01    65.78     4.21
   20      30.01    65.78     4.21

IPC_DE:
Horizon   IPC_ES   IPC_FR   IPC_DE
    1      26.82    10.22    62.96
    2      26.68    10.79    62.53
    3      26.26    12.27    61.47
    4      26.07    12.20    61.72
    5      26.05    12.28    61.67
    6      26.01    12.30    61.68
    7      26.04    12.31    61.65
    8      26.04    12.31    61.65
    9      26.04    12.31    61.65
   10      26.04    12.31    61.65
   11      26.04    12.31    61.65
   12      26.04    12.31    61.65
   13      26.04    12.31    61.65
   14      26.04    12.31    61.65
   15      26.04    12.31    61.65
   16      26.04    12.31    61.65
   17      26.04    12.31    61.65
   18      26.04    12.31    61.65
   19      26.04    12.31    61.65
   20      26.04    12.31    61.65



=============================================================
           MULTIVARIATE RESIDUAL DIAGNOSTICS                
=============================================================

Hosking's Multivariate Portmanteau Test (lag 14):
  Q(126) = 151.2169, p-value = 0.0624
  Cannot reject H0: residuals appear white noise.

Multivariate Jarque-Bera Test (normality):
  JB(6) = 1.9172, p-value = 0.9272
  Cannot reject H0: residuals appear normal.
=============================================================

Normalized model:
mu vector:
      0.001546
      0.001133
      0.001158
phi(1) matrix:
      0.330424     -0.054042      0.232373
      0.256920     -0.273708      0.188988
     -0.027135      0.092717      0.061562
phi(2) matrix:
     -0.081940      0.146489     -0.034498
      0.010883      0.037858     -0.086017
     -0.066257      0.191036      0.028960
phi(3) matrix:
      0.061348      0.017253     -0.097101
      0.055857      0.047699     -0.135408
     -0.060638      0.184665     -0.191168
Q matrix:
      1.190049
      0.412191      0.610065
      0.567584      0.416140      1.009239
Sigma = sigma2 * Q:
      0.000006
      0.000002      0.000003
      0.000003      0.000002      0.000005

Inverse roots of |phi(B)|=0:
      0.382955     -0.422040 i  (modulus     0.569888)
      0.382955      0.422040 i  (modulus     0.569888)
      0.522159      0.000000 i  (modulus     0.522159)
     -0.552878      0.000000 i  (modulus     0.552878)
     -0.088694     -0.441444 i  (modulus     0.450266)
     -0.088694      0.441444 i  (modulus     0.450266)
     -0.011004      0.000000 i  (modulus     0.011004)
     -0.214260     -0.201262 i  (modulus     0.293962)
     -0.214260      0.201262 i  (modulus     0.293962)



=============================================================
                RESIDUAL DIAGNOSTICS                         
=============================================================

--- Residual series a[1] (IPC_ES) ---
Unconditional residuals (seasonal period: 12)
215 observations: from 2/2002 to 12/2019

                  Mean:           0.000001
Standard error of mean:           0.000172
              Variance:           0.000006
    Standard deviation:           0.002520
              Skewness:          -0.052073
              Kurtosis:          -0.027081
               Minimum:          -0.007336 at  1/2016 (observation 168)
               Maximum:           0.006766 at  9/2012 (observation 128)

Standardized time series plot (original values on right-side column):

                     -2      -1        0       +1      +2         
-------------+--------+-------+--------+--------+-------+--------+--------------
   1  2/2002 |        :       :        | *      :       :        |  0.0004833981
   2  3/2002 |        :       :        |     *  :       :        |  0.0018744303
   3  4/2002 |        :       :        |  *     :       :        |  0.0008613147
   4  5/2002 |        :       :        |    *   :       :        |  0.0013687179
   5  6/2002 |        :       :*       |        :       :        | -0.0022208089
   6  7/2002 |        :       :        |      * :       :        |  0.0019830990
   7  8/2002 |        :       :        |  *     :       :        |  0.0008791302
   8  9/2002 |        :       :        |     *  :       :        |  0.0016522984
   9 10/2002 |        :       :       *|        :       :        | -0.0002264930
  10 11/2002 |        :       :    *   |        :       :        | -0.0012471135
  11 12/2002 +        :       :        |        :  *    :        +  0.0034425353
  12  1/2003>|        :       :        |        :       :   *    |> 0.0061293955
  13  2/2003 |        :       :   *    |        :       :        | -0.0014813969
  14  3/2003 |        :       :        |*       :       :        |  0.0001997810
  15  4/2003 |        :  *    :        |        :       :        | -0.0039795887
  16  5/2003 |        :       :   *    |        :       :        | -0.0015444644
  17  6/2003 |        :       :        |  *     :       :        |  0.0007901891
  18  7/2003 |        :       :        |    *   :       :        |  0.0015219515
  19  8/2003 |        :       :        |       *:       :        |  0.0022532052
  20  9/2003 |        :       :        | *      :       :        |  0.0005293027
  21 10/2003 |        :       *        |        :       :        | -0.0026395962
  22 11/2003 |        :       :        |  *     :       :        |  0.0008786889
  23 12/2003 +        :       :        | *      :       :        +  0.0007145972
  24  1/2004 |        :       :        |        :    *  :        |  0.0040206785
  25  2/2004 |        :       :*       |        :       :        | -0.0022687275
  26  3/2004 |        :       :        |     *  :       :        |  0.0016381015
  27  4/2004 |        :       :        |   *    :       :        |  0.0011940126
  28  5/2004 |        :       :        |       *:       :        |  0.0024005731
  29  6/2004 |        :       :    *   |        :       :        | -0.0010516427
  30  7/2004 |        :       :        | *      :       :        |  0.0004561886
  31  8/2004 |        :       :        |        *       :        |  0.0027562383
  32  9/2004 |        :       :   *    |        :       :        | -0.0013339238
  33 10/2004 |        :       :        |      * :       :        |  0.0021013170
  34 11/2004 |        :       :     *  |        :       :        | -0.0009756411
  35 12/2004 +        :       : *      |        :       :        + -0.0019389637
  36  1/2005 |        :       :        |       *:       :        |  0.0022077470
  37  2/2005 |        :       :        |     *  :       :        |  0.0019090525
  38  3/2005 |        :       :        |        *       :        |  0.0027603114
  39  4/2005 |        :       :        |   *    :       :        |  0.0011467156
  40  5/2005 |        :       :     *  |        :       :        | -0.0007485962
  41  6/2005 |        :       :        |  *     :       :        |  0.0008171107
  42  7/2005 |        :       :        | *      :       :        |  0.0006198663
  43  8/2005 |        :       :        |     *  :       :        |  0.0017770991
  44  9/2005 |        :       :        |        : *     :        |  0.0033760082
  45 10/2005 |        :       :  *     |        :       :        | -0.0018741143
  46 11/2005 |        :       :    *   |        :       :        | -0.0011491945
  47 12/2005 +        :       :        |     *  :       :        +  0.0018852822
  48  1/2006>|        :       :        |        :       :   *    |> 0.0062426382
  49  2/2006 |        :       : *      |        :       :        | -0.0020269382
  50  3/2006 |        :       :        |     *  :       :        |  0.0016493347
  51  4/2006 |        :       :        |        *       :        |  0.0026260920
  52  5/2006 |        :       :        *        :       :        | -0.0000441166
  53  6/2006 |        :       :       *|        :       :        | -0.0002722541
  54  7/2006 |        :       :        | *      :       :        |  0.0005812278
  55  8/2006 |        :       :      * |        :       :        | -0.0004785395
  56  9/2006 |        :       *        |        :       :        | -0.0026091400
  57 10/2006 |        :       *        |        :       :        | -0.0026849505
  58 11/2006 |        :       :        | *      :       :        |  0.0005994439
  59 12/2006 +        :       :        |     *  :       :        +  0.0018581983
  60  1/2007 |        :       :        |        :*      :        |  0.0029557485
  61  2/2007 |        :       :  *     |        :       :        | -0.0017877458
  62  3/2007 |        :       :        |        *       :        |  0.0026770183
  63  4/2007 |        :       :        |        *       :        |  0.0027096663
  64  5/2007 |        :       :    *   |        :       :        | -0.0012604565
  65  6/2007 |        :       :        |*       :       :        |  0.0003464992
  66  7/2007 |        :       :       *|        :       :        | -0.0004218530
  67  8/2007 |        :       :    *   |        :       :        | -0.0010440309
  68  9/2007 |        :       :        |      * :       :        |  0.0021614695
  69 10/2007 |        :       :        |        :   *   :        |  0.0038654815
  70 11/2007 |        :       :        |        *       :        |  0.0025725201
  71 12/2007 +        :       :        |  *     :       :        +  0.0007877867
  72  1/2008 |        :       :        |        *       :        |  0.0025929015
  73  2/2008 |        :       :        *        :       :        |  0.0000184059
  74  3/2008 |        :       :        |        :*      :        |  0.0028077801
  75  4/2008 |        :       :    *   |        :       :        | -0.0010774924
  76  5/2008 |        :       :        |        :       *        |  0.0049724728
  77  6/2008 |        :       :        |    *   :       :        |  0.0015953022
  78  7/2008 |        :       :       *|        :       :        | -0.0004277808
  79  8/2008>|       *:       :        |        :       :        |>-0.0051538516
  80  9/2008 |        :       :        |*       :       :        |  0.0002440151
  81 10/2008 |        :   *   :        |        :       :        | -0.0037523219
  82 11/2008 |        *       :        |        :       :        | -0.0048877386
  83 12/2008 +        :     * :        |        :       :        + -0.0032708061
  84  1/2009 |        :       :        |*       :       :        |  0.0002151161
  85  2/2009 |        :       :        | *      :       :        |  0.0006375467
  86  3/2009 |        :   *   :        |        :       :        | -0.0038093933
  87  4/2009 |        :       :        |    *   :       :        |  0.0013236561
  88  5/2009 |        :       :*       |        :       :        | -0.0022312624
  89  6/2009 |        :       :        |        :   *   :        |  0.0039505158
  90  7/2009 |        :   *   :        |        :       :        | -0.0036836208
  91  8/2009 |        :       :        |        :*      :        |  0.0030609343
  92  9/2009 |        :*      :        |        :       :        | -0.0048280399
  93 10/2009 |        :       :        |   *    :       :        |  0.0011105281
  94 11/2009 |        :       :        |        :*      :        |  0.0029479098
  95 12/2009 +        :       : *      |        :       :        + -0.0021280412
  96  1/2010 |        :       :        *        :       :        | -0.0001418804
  97  2/2010 |        :       : *      |        :       :        | -0.0021705162
  98  3/2010 |        :       :        |        : *     :        |  0.0032539277
  99  4/2010 |        :       :  *     |        :       :        | -0.0017677499
 100  5/2010 |        :       :        |*       :       :        |  0.0001926761
 101  6/2010 |        :       :        | *      :       :        |  0.0006568540
 102  7/2010 |        :       :        |      * :       :        |  0.0020479254
 103  8/2010 |        :       :        |*       :       :        |  0.0003341836
 104  9/2010 |        :       :   *    |        :       :        | -0.0013635071
 105 10/2010 |        :       :        |     *  :       :        |  0.0016594091
 106 11/2010 |        :       :        |       *:       :        |  0.0024099764
 107 12/2010 +        :       :        |        :   *   :        +  0.0039533976
 108  1/2011 |        :       :        | *      :       :        |  0.0004821531
 109  2/2011 |        :       :        *        :       :        | -0.0000282877
 110  3/2011 |        :       :        |    *   :       :        |  0.0013889483
 111  4/2011 |        :       :        |  *     :       :        |  0.0010085987
 112  5/2011 |        :     * :        |        :       :        | -0.0032853856
 113  6/2011 |        :       :  *     |        :       :        | -0.0017957737
 114  7/2011 |        :       :        |    *   :       :        |  0.0015066445
 115  8/2011 |        :       :    *   |        :       :        | -0.0011040681
 116  9/2011 |        :       :        |    *   :       :        |  0.0014480386
 117 10/2011 |        :       :     *  |        :       :        | -0.0008052683
 118 11/2011 |        :       :        |     *  :       :        |  0.0017235316
 119 12/2011 +        :       :      * |        :       :        + -0.0005024268
 120  1/2012 |        :       :    *   |        :       :        | -0.0011487308
 121  2/2012 |        :       :        *        :       :        |  0.0000248548
 122  3/2012 |        :       :        | *      :       :        |  0.0005838757
 123  4/2012 |        :       :        |        :  *    :        |  0.0035401968
 124  5/2012 |        *       :        |        :       :        | -0.0049269576
 125  6/2012 |        :       :    *   |        :       :        | -0.0012431302
 126  7/2012 |        :       :        |        :       *        |  0.0048747289
 127  8/2012 |        :       :        |      * :       :        |  0.0020048619
 128  9/2012>|        :       :        |        :       :     *  |> 0.0067660689
 129 10/2012 |        :       :*       |        :       :        | -0.0023127772
 130 11/2012 |        :       *        |        :       :        | -0.0027219901
 131 12/2012 +        :       :        |*       :       :        +  0.0003363203
 132  1/2013 |        :     * :        |        :       :        | -0.0033346112
 133  2/2013 |        :       :        |       *:       :        |  0.0024592055
 134  3/2013 |        :       :*       |        :       :        | -0.0023988553
 135  4/2013>|       *:       :        |        :       :        |>-0.0052506735
 136  5/2013 |        :       :        |      * :       :        |  0.0020157010
 137  6/2013 |        :       :      * |        :       :        | -0.0006160522
 138  7/2013 |        :       :        |  *     :       :        |  0.0009967859
 139  8/2013 |        :       :        |  *     :       :        |  0.0007849594
 140  9/2013 |        :    *  :        |        :       :        | -0.0035592377
 141 10/2013 |        :       :*       |        :       :        | -0.0024147981
 142 11/2013 |        :       :        |   *    :       :        |  0.0011482758
 143 12/2013 +        :       :       *|        :       :        + -0.0003658406
 144  1/2014 |        :   *   :        |        :       :        | -0.0038936229
 145  2/2014 |        :       :        |  *     :       :        |  0.0009626067
 146  3/2014 |        :       *        |        :       :        | -0.0027728514
 147  4/2014 |        :       :        *        :       :        | -0.0000901490
 148  5/2014 |        :       :  *     |        :       :        | -0.0016389512
 149  6/2014 |        :       :        |*       :       :        |  0.0002295485
 150  7/2014 |        :    *  :        |        :       :        | -0.0035071911
 151  8/2014 |        :       :        | *      :       :        |  0.0007301304
 152  9/2014 |        :       :        |*       :       :        |  0.0001781899
 153 10/2014 |        :      *:        |        :       :        | -0.0029647506
 154 11/2014 |        :       :    *   |        :       :        | -0.0011560958
 155 12/2014>+    *   :       :        |        :       :        +>-0.0061480824
 156  1/2015 |        :    *  :        |        :       :        | -0.0034144855
 157  2/2015 |        :       :        |        :     * :        |  0.0044599655
 158  3/2015 |        :       :        |*       :       :        |  0.0003093222
 159  4/2015 |        :       :  *     |        :       :        | -0.0017873017
 160  5/2015 |        :       :        |     *  :       :        |  0.0018669894
 161  6/2015 |        :       :        | *      :       :        |  0.0005209438
 162  7/2015 |        :      *:        |        :       :        | -0.0030765977
 163  8/2015 |        :   *   :        |        :       :        | -0.0038342215
 164  9/2015 |        :      *:        |        :       :        | -0.0028608883
 165 10/2015 |        :       :        *        :       :        |  0.0001280862
 166 11/2015 |        :       :        |      * :       :        |  0.0020049049
 167 12/2015 +        :      *:        |        :       :        + -0.0028373244
 168  1/2016>|*       :       :        |        :       :        |>-0.0073361593
 169  2/2016 |        :       :   *    |        :       :        | -0.0013630141
 170  3/2016 |        :       :        |        *       :        |  0.0025754001
 171  4/2016 |        :   *   :        |        :       :        | -0.0038636893
 172  5/2016 |        :       :        |        :    *  :        |  0.0039745769
 173  6/2016 |        :       :        |    *   :       :        |  0.0014626467
 174  7/2016 |        :       : *      |        :       :        | -0.0020229812
 175  8/2016 |        :       :        *        :       :        | -0.0000176969
 176  9/2016 |        :       :    *   |        :       :        | -0.0011505316
 177 10/2016 |        :       :        |        :    *  :        |  0.0040379706
 178 11/2016 |        :       :        *        :       :        | -0.0001182895
 179 12/2016>+        :       :        |        :       :    *   +> 0.0065816408
 180  1/2017 |        :       :        |    *   :       :        |  0.0013479483
 181  2/2017>|       *:       :        |        :       :        |>-0.0052162724
 182  3/2017 |        :  *    :        |        :       :        | -0.0042371590
 183  4/2017 |        :       :        |    *   :       :        |  0.0015085249
 184  5/2017 |        :  *    :        |        :       :        | -0.0040730794
 185  6/2017 |        :       :        | *      :       :        |  0.0005935287
 186  7/2017 |        :       :     *  |        :       :        | -0.0009314920
 187  8/2017 |        :       :        |*       :       :        |  0.0002005986
 188  9/2017 |        :       :        |*       :       :        |  0.0004248517
 189 10/2017 |        :       :        |     *  :       :        |  0.0016164482
 190 11/2017 |        :       :        |      * :       :        |  0.0021540120
 191 12/2017 +        :       :       *|        :       :        + -0.0002171191
 192  1/2018 |        :       :  *     |        :       :        | -0.0018532240
 193  2/2018 |        :       :        |   *    :       :        |  0.0011221032
 194  3/2018 |        : *     :        |        :       :        | -0.0045424641
 195  4/2018 |        :       :        *        :       :        |  0.0001406487
 196  5/2018>|        :       :        |        :       : *      |> 0.0054495901
 197  6/2018 |        :       : *      |        :       :        | -0.0019587319
 198  7/2018 |        :       :    *   |        :       :        | -0.0011769970
 199  8/2018 |        :       :        *        :       :        |  0.0000911797
 200  9/2018 |        :       :        | *      :       :        |  0.0005509795
 201 10/2018 |        :       :        |  *     :       :        |  0.0010141190
 202 11/2018 |        :   *   :        |        :       :        | -0.0037741657
 203 12/2018 +        :      *:        |        :       :        + -0.0027995815
 204  1/2019 |        :       :   *    |        :       :        | -0.0014434721
 205  2/2019 |        :       :        |        :  *    :        |  0.0035156555
 206  3/2019 |        :       :*       |        :       :        | -0.0024272371
 207  4/2019 |        :       :        |   *    :       :        |  0.0012869254
 208  5/2019 |        :      *:        |        :       :        | -0.0030720957
 209  6/2019 |        :       *        |        :       :        | -0.0024952317
 210  7/2019 |        :       :        |  *     :       :        |  0.0008425483
 211  8/2019 |        :      *:        |        :       :        | -0.0028401515
 212  9/2019 |        :       :        *        :       :        | -0.0001447938
 213 10/2019 |        :       :        |       *:       :        |  0.0024345022
 214 11/2019 |        :       :    *   |        :       :        | -0.0011123946
 215 12/2019 +        :       :        | *      :       :        +  0.0006198814
-------------+--------+-------+--------+--------+-------+--------+--------------
                     -2      -1        0       +1      +2         

                 +------------------------------------------+
                 |       Table of standardized values       |
                 |       greater than or equal to 2.0       |
                 +------------------------------------------+
                 |                                          |
                 | Observation    Date   Standardized value |
                 |                                          |
                 |     12        1/2003         2.43        |
                 |     48        1/2006         2.48        |
                 |     79        8/2008        -2.05        |
                 |    128        9/2012         2.68        |
                 |    135        4/2013        -2.08        |
                 |    155       12/2014        -2.44        |
                 |    168        1/2016        -2.91        |
                 |    179       12/2016         2.61        |
                 |    181        2/2017        -2.07        |
                 |    196        5/2018         2.16        |
                 +------------------------------------------+

Standardized time series histogram:

       -4      -3      -2      -1       0      +1      +2      +3      +4
        +---+---+---+---+---+---+---+---+---+---+---+---+---+---+---+---+
        |                                 50                            |
        |                                ....                            |
        |                                ....                            |
        |                                ....                            |
        |                                .... 37                         |
        |                             32 ........                        |
        |                            ............                        |
        |                         28 ............                        |
        |                        ................                        |
        |                     21 ................                        |
        |                    .................... 17                     |
        |                    ........................                    |
        |                 11 ........................                    |
        |                ............................  9                 |
        |              4 ................................                |
        |          1 .................................... 3  2           |
        |        ................................................        |
        +---+---+---+---+---+---+---+---+---+---+---+---+---+---+---+---+
       -4      -3      -2      -1       0      +1      +2      +3      +4

              68 values outside (-1,+1): 31.63 % (31.74 % expected)
              10 values outside (-2,+2):  4.65 % ( 4.56 % expected)

Autocorrelation function (acf bands =  0.136):

            -1                         0                         1  L-B Q  DF
-------------+-------------------------+-------------------------+--------------
   1  -0.007 |                      :  |  :                      | 
   2  -0.016 |                      :  |  :                      | 
   3   0.005 |                      :  |  :                      | 
   4   0.023 |                      :  |* :                      | 
   5   0.098 |                      :  |**:                      | 
   6   0.028 |                      :  |* :                      | 
   7   0.023 |                      :  |* :                      | 
   8  -0.005 |                      :  |  :                      | 
   9   0.053 |                      :  |* :                      | 
  10   0.019 |                      :  |  :                      | 
  11   0.028 |                      :  |* :                      | 
  12   0.021 +                      :  |+ :                      +   3.60  12
  13   0.055 |                      :  |* :                      | 
  14  -0.014 |                      :  |  :                      | 
  15   0.017 |                      :  |  :                      | 
  16   0.023 |                      :  |* :                      | 
  17   0.026 |                      :  |* :                      | 
  18   0.049 |                      :  |* :                      | 
  19  -0.013 |                      :  |  :                      | 
  20   0.106 |                      :  |***                      | 
  21   0.058 |                      :  |* :                      | 
  22   0.032 |                      :  |* :                      | 
  23  -0.075 |                      :**|  :                      | 
  24   0.003 +                      :  |  :                      +  10.46  24
  25   0.022 |                      :  |* :                      | 
  26   0.077 |                      :  |**:                      | 
  27  -0.013 |                      :  |  :                      | 
  28  -0.034 |                      : *|  :                      | 
  29   0.039 |                      :  |* :                      | 
  30   0.060 |                      :  |* :                      | 
  31   0.029 |                      :  |* :                      | 
  32   0.032 |                      :  |* :                      | 
  33  -0.016 |                      :  |  :                      | 
  34   0.043 |                      :  |* :                      | 
  35  -0.002 |                      :  |  :                      | 
  36   0.022 +                      :  |+ :                      +  14.79  36
  37  -0.052 |                      : *|  :                      | 
  38   0.040 |                      :  |* :                      | 
  39   0.067 |                      :  |**:                      | 
  40   0.009 |                      :  |  :                      | 
  41  -0.005 |                      :  |  :                      | 
  42  -0.033 |                      : *|  :                      |  17.45  42
-------------+-------------------------+-------------------------+--------------
            -1                         0                         1  L-B Q  DF

Partial autocorrelation function (pacf bands =  0.136):

            -1                         0                         1
-------------+-------------------------+-------------------------+--------------
   1  -0.007 |                      :  |  :                      | 
   2  -0.016 |                      :  |  :                      | 
   3   0.005 |                      :  |  :                      | 
   4   0.023 |                      :  |* :                      | 
   5   0.098 |                      :  |**:                      | 
   6   0.030 |                      :  |* :                      | 
   7   0.027 |                      :  |* :                      | 
   8  -0.005 |                      :  |  :                      | 
   9   0.049 |                      :  |* :                      | 
  10   0.009 |                      :  |  :                      | 
  11   0.023 |                      :  |* :                      | 
  12   0.016 +                      :  |  :                      + 
  13   0.055 |                      :  |* :                      | 
  14  -0.024 |                      : *|  :                      | 
  15   0.013 |                      :  |  :                      | 
  16   0.013 |                      :  |  :                      | 
  17   0.020 |                      :  |* :                      | 
  18   0.036 |                      :  |* :                      | 
  19  -0.013 |                      :  |  :                      | 
  20   0.102 |                      :  |***                      | 
  21   0.056 |                      :  |* :                      | 
  22   0.026 |                      :  |* :                      | 
  23  -0.085 |                      :**|  :                      | 
  24  -0.006 +                      :  |  :                      + 
  25  -0.008 |                      :  |  :                      | 
  26   0.060 |                      :  |* :                      | 
  27  -0.026 |                      : *|  :                      | 
  28  -0.022 |                      : *|  :                      | 
  29   0.028 |                      :  |* :                      | 
  30   0.053 |                      :  |* :                      | 
  31   0.006 |                      :  |  :                      | 
  32   0.040 |                      :  |* :                      | 
  33  -0.027 |                      : *|  :                      | 
  34   0.041 |                      :  |* :                      | 
  35  -0.022 |                      : *|  :                      | 
  36   0.020 +                      :  |+ :                      + 
  37  -0.074 |                      :**|  :                      | 
  38   0.029 |                      :  |* :                      | 
  39   0.048 |                      :  |* :                      | 
  40   0.010 |                      :  |  :                      | 
  41  -0.018 |                      :  |  :                      | 
  42  -0.043 |                      : *|  :                      | 
-------------+-------------------------+-------------------------+--------------
            -1                         0                         1


--- Residual series a[2] (IPC_FR) ---
Unconditional residuals (seasonal period: 12)
215 observations: from 2/2002 to 12/2019

                  Mean:          -0.000003
Standard error of mean:           0.000123
              Variance:           0.000003
    Standard deviation:           0.001803
              Skewness:           0.032753
              Kurtosis:          -0.056154
               Minimum:          -0.004770 at  1/2016 (observation 168)
               Maximum:           0.004522 at  5/2008 (observation  76)

Standardized time series plot (original values on right-side column):

                   -2        -1        0       +1        +2       
-------------+------+---------+--------+--------+---------+------+--------------
   1  2/2002 |      :     *   :        |        :         :      | -0.0024473355
   2  3/2002 |      :   *     :        |        :         :      | -0.0028262283
   3  4/2002 |      :         :        |    *   :         :      |  0.0009077012
   4  5/2002 |      :         :       *|        :         :      | -0.0001639593
   5  6/2002 |      :         *        |        :         :      | -0.0016616207
   6  7/2002 |      :         :        |        :       * :      |  0.0031756680
   7  8/2002 |      :         :  *     |        :         :      | -0.0011233893
   8  9/2002 |      :         :        |        :  *      :      |  0.0023202916
   9 10/2002 |      :         :        |  *     :         :      |  0.0005236157
  10 11/2002 |      :         :        |*       :         :      |  0.0002278884
  11 12/2002 +      :         :     *  |        :         :      + -0.0005887917
  12  1/2003>|      :         :        |        :         :  *   |> 0.0041012756
  13  2/2003 |      :         :        |        :*        :      |  0.0018269508
  14  3/2003 |      :        *:        |        :         :      | -0.0018796085
  15  4/2003>|      *         :        |        :         :      |>-0.0036158372
  16  5/2003 |      :    *    :        |        :         :      | -0.0026340682
  17  6/2003 |      :         :        |       *:         :      |  0.0014568685
  18  7/2003 |      :         :        |        :*        :      |  0.0018627345
  19  8/2003 |      :         : *      |        :         :      | -0.0013166858
  20  9/2003>|      :         :        |        :         : *    |> 0.0040207303
  21 10/2003 |      :         :        |        :*        :      |  0.0019153423
  22 11/2003 |      :         :        |        : *       :      |  0.0020419327
  23 12/2003 +      :         :*       |        :         :      + -0.0014895220
  24  1/2004 |      :         :        |        :     *   :      |  0.0029496466
  25  2/2004 |      :         :     *  |        :         :      | -0.0005736105
  26  3/2004 |      :         : *      |        :         :      | -0.0013880977
  27  4/2004 |      :         :      * |        :         :      | -0.0002967491
  28  5/2004 |      :         :        |    *   :         :      |  0.0009898818
  29  6/2004 |      :         :    *   |        :         :      | -0.0007575518
  30  7/2004 |      :         :        |       *:         :      |  0.0016057650
  31  8/2004 |      :         : *      |        :         :      | -0.0013909079
  32  9/2004 |      :         :        | *      :         :      |  0.0004429785
  33 10/2004 |      :         :        |        :   *     :      |  0.0025449320
  34 11/2004 |      :         :        | *      :         :      |  0.0004177567
  35 12/2004 +      :         *        |        :         :      + -0.0016734608
  36  1/2005 |      :     *   :        |        :         :      | -0.0025343402
  37  2/2005 |      :         :        |        :  *      :      |  0.0022821397
  38  3/2005 |      :         :        |    *   :         :      |  0.0010236141
  39  4/2005 |      :         : *      |        :         :      | -0.0013742674
  40  5/2005 |      :         : *      |        :         :      | -0.0013289716
  41  6/2005 |      :         :      * |        :         :      | -0.0003102949
  42  7/2005 |      :         :        |   *    :         :      |  0.0007535101
  43  8/2005 |      :         :       *|        :         :      | -0.0002287875
  44  9/2005>|      :         :        |        :         :  *   |> 0.0041951048
  45 10/2005 |      :         :   *    |        :         :      | -0.0008815548
  46 11/2005 |      :       * :        |        :         :      | -0.0021736718
  47 12/2005 +      :         *        |        :         :      + -0.0016556313
  48  1/2006 |      :         :        |        :*        :      |  0.0018842480
  49  2/2006 |      :         :    *   |        :         :      | -0.0007576095
  50  3/2006 |      : *       :        |        :         :      | -0.0032385673
  51  4/2006 |      :         :        |      * :         :      |  0.0014135016
  52  5/2006 |      :         :        |       *:         :      |  0.0016000164
  53  6/2006 |      :         :      * |        :         :      | -0.0003822100
  54  7/2006 |      :         :        |  *     :         :      |  0.0006611639
  55  8/2006 |      :         :   *    |        :         :      | -0.0009334206
  56  9/2006 |      :         :     *  |        :         :      | -0.0005991989
  57 10/2006 |      :       * :        |        :         :      | -0.0020784906
  58 11/2006 |      :         :        |   *    :         :      |  0.0007198312
  59 12/2006 +      :         :       *|        :         :      + -0.0001029938
  60  1/2007 |      :         :       *|        :         :      | -0.0001267457
  61  2/2007 |      :  *      :        |        :         :      | -0.0030807277
  62  3/2007 |      :         :*       |        :         :      | -0.0015982567
  63  4/2007 |      :         :        |        :   *     :      |  0.0025595988
  64  5/2007 |      :         :       *|        :         :      | -0.0001753445
  65  6/2007 |      :         :        |   *    :         :      |  0.0008443566
  66  7/2007 |      :         :        | *      :         :      |  0.0004329536
  67  8/2007 |      :         :       *|        :         :      | -0.0002578698
  68  9/2007 |      :         :        |        :    *    :      |  0.0027582813
  69 10/2007 |      :         :        |        *         :      |  0.0017805440
  70 11/2007>|      :         :        |        :         :  *   |> 0.0042109220
  71 12/2007 +      :         :        |*       :         :      +  0.0001987200
  72  1/2008 |      :         :        |        : *       :      |  0.0021856575
  73  2/2008 |      :         :*       |        :         :      | -0.0014462780
  74  3/2008 |      :         :        |  *     :         :      |  0.0005643623
  75  4/2008 |      :         :        |  *     :         :      |  0.0006297624
  76  5/2008>|      :         :        |        :         :    * |> 0.0045222721
  77  6/2008 |      :         :        |       *:         :      |  0.0014788870
  78  7/2008 |      :         :      * |        :         :      | -0.0004723405
  79  8/2008>|*     :         :        |        :         :      |>-0.0047541819
  80  9/2008 |      :         :        |     *  :         :      |  0.0011308443
  81 10/2008 |      :         :     *  |        :         :      | -0.0006398826
  82 11/2008 |      :*        :        |        :         :      | -0.0034818598
  83 12/2008>+     *:         :        |        :         :      +>-0.0038919227
  84  1/2009 |      :         :        |*       :         :      |  0.0002698047
  85  2/2009 |      :         :        |    *   :         :      |  0.0009446389
  86  3/2009>|    * :         :        |        :         :      |>-0.0040131563
  87  4/2009 |      :         :        |   *    :         :      |  0.0006768966
  88  5/2009 |      :         :        *        :         :      | -0.0000444972
  89  6/2009 |      :         :        |     *  :         :      |  0.0011532168
  90  7/2009 |      :   *     :        |        :         :      | -0.0029383283
  91  8/2009 |      :         :        |        :*        :      |  0.0019885436
  92  9/2009 |      :        *:        |        :         :      | -0.0018969055
  93 10/2009 |      :         :        |       *:         :      |  0.0015460365
  94 11/2009 |      :         :        |      * :         :      |  0.0013410591
  95 12/2009 +      :         :      * |        :         :      + -0.0004392887
  96  1/2010 |      :         :        |      * :         :      |  0.0012902254
  97  2/2010 |      :         :        |        :    *    :      |  0.0027527219
  98  3/2010 |      :         :        |  *     :         :      |  0.0005837810
  99  4/2010 |      :         :   *    |        :         :      | -0.0009155095
 100  5/2010 |      :         :       *|        :         :      | -0.0002567763
 101  6/2010 |      :         :     *  |        :         :      | -0.0005908302
 102  7/2010 |      :         :     *  |        :         :      | -0.0005184414
 103  8/2010 |      :        *:        |        :         :      | -0.0019352384
 104  9/2010 |      :         :    *   |        :         :      | -0.0007572588
 105 10/2010 |      :         :        |   *    :         :      |  0.0007464668
 106 11/2010 |      :         :        |    *   :         :      |  0.0008564678
 107 12/2010 +      :         :        |     *  :         :      +  0.0011044354
 108  1/2011 |      :         :        |*       :         :      |  0.0001979222
 109  2/2011 |      :         :        |    *   :         :      |  0.0009361399
 110  3/2011 |      :         :        |        :*        :      |  0.0018547123
 111  4/2011 |      :         :        |      * :         :      |  0.0013248779
 112  5/2011 |      :         :   *    |        :         :      | -0.0009887761
 113  6/2011 |      :         :        |  *     :         :      |  0.0005745689
 114  7/2011 |      :         :*       |        :         :      | -0.0014335985
 115  8/2011 |      :         :        |    *   :         :      |  0.0008560552
 116  9/2011 |      :         :        |   *    :         :      |  0.0007991909
 117 10/2011 |      :         :        |     *  :         :      |  0.0011640774
 118 11/2011 |      :         :        |        :      *  :      |  0.0031240941
 119 12/2011 +      :         :        |       *:         :      +  0.0015844593
 120  1/2012 |      :         :        |    *   :         :      |  0.0009290058
 121  2/2012 |      :         :        | *      :         :      |  0.0003300732
 122  3/2012 |      :         :        |        :*        :      |  0.0019704402
 123  4/2012 |      :         :        *        :         :      |  0.0000710129
 124  5/2012 |      :   *     :        |        :         :      | -0.0027905951
 125  6/2012 |      :         :        |*       :         :      |  0.0002473234
 126  7/2012 |      :         :  *     |        :         :      | -0.0012184542
 127  8/2012 |      :         :        |     *  :         :      |  0.0011821058
 128  9/2012 |      :     *   :        |        :         :      | -0.0024666078
 129 10/2012 |      :         :*       |        :         :      | -0.0015859510
 130 11/2012 |      :         :  *     |        :         :      | -0.0012243800
 131 12/2012 +      :         :        |   *    :         :      +  0.0007188310
 132  1/2013 |      :         :   *    |        :         :      | -0.0010294785
 133  2/2013 |      :         :        | *      :         :      |  0.0002984411
 134  3/2013 |      :         :        |     *  :         :      |  0.0010615284
 135  4/2013 |      :      *  :        |        :         :      | -0.0022387740
 136  5/2013 |      :         :        |  *     :         :      |  0.0005782000
 137  6/2013 |      :         :        *        :         :      | -0.0000367431
 138  7/2013 |      :         :       *|        :         :      | -0.0001750000
 139  8/2013 |      :         :        |   *    :         :      |  0.0007575255
 140  9/2013 |      :         : *      |        :         :      | -0.0013101342
 141 10/2013 |      :         :*       |        :         :      | -0.0015150325
 142 11/2013 |      :         :        |*       :         :      |  0.0002321411
 143 12/2013 +      :         :        |  *     :         :      +  0.0005334787
 144  1/2014 |      :         :*       |        :         :      | -0.0015960322
 145  2/2014 |      :         :        |        :        *:      |  0.0035064687
 146  3/2014 |      :         :    *   |        :         :      | -0.0007016361
 147  4/2014 |      :         :*       |        :         :      | -0.0015255529
 148  5/2014 |      :         :*       |        :         :      | -0.0015184307
 149  6/2014 |      :         :     *  |        :         :      | -0.0006242014
 150  7/2014 |      :         :  *     |        :         :      | -0.0011495139
 151  8/2014 |      :         :        |      * :         :      |  0.0013566696
 152  9/2014 |      :      *  :        |        :         :      | -0.0022056581
 153 10/2014 |      :         :  *     |        :         :      | -0.0010653243
 154 11/2014 |      :         :    *   |        :         :      | -0.0006703224
 155 12/2014 +      :         :*       |        :         :      + -0.0014898527
 156  1/2015>|   *  :         :        |        :         :      |>-0.0041988797
 157  2/2015>|      :         :        |        :         :   *  |> 0.0043454576
 158  3/2015 |      :         :        |*       :         :      |  0.0002687433
 159  4/2015 |      :         :  *     |        :         :      | -0.0010862869
 160  5/2015 |      :         :        |*       :         :      |  0.0002786987
 161  6/2015 |      :         *        |        :         :      | -0.0016864825
 162  7/2015 |      :         :*       |        :         :      | -0.0016007973
 163  8/2015 |      :         :        *        :         :      | -0.0000408987
 164  9/2015 |      :         *        |        :         :      | -0.0017366941
 165 10/2015 |      :         :        | *      :         :      |  0.0004610306
 166 11/2015 |      :         :*       |        :         :      | -0.0014702918
 167 12/2015 +      :         :        |*       :         :      +  0.0002085032
 168  1/2016>|*     :         :        |        :         :      |>-0.0047695843
 169  2/2016 |      :         :      * |        :         :      | -0.0003687815
 170  3/2016 |      :         :        |        :*        :      |  0.0018927213
 171  4/2016 |      :         : *      |        :         :      | -0.0012859478
 172  5/2016 |      :         :        |        :      *  :      |  0.0030511382
 173  6/2016 |      :         :        *        :         :      | -0.0000077438
 174  7/2016 |      :         :*       |        :         :      | -0.0015122705
 175  8/2016 |      :         :      * |        :         :      | -0.0002931303
 176  9/2016 |      :         : *      |        :         :      | -0.0013031149
 177 10/2016 |      :         :     *  |        :         :      | -0.0006427568
 178 11/2016 |      :         :*       |        :         :      | -0.0015166640
 179 12/2016 +      :         :        |       *:         :      +  0.0015418693
 180  1/2017 |      :         :   *    |        :         :      | -0.0010178255
 181  2/2017 |      : *       :        |        :         :      | -0.0032175187
 182  3/2017 |      :         :        |   *    :         :      |  0.0007329780
 183  4/2017 |      :         :        |  *     :         :      |  0.0006540444
 184  5/2017 |      :         *        |        :         :      | -0.0017155542
 185  6/2017 |      :         :        | *      :         :      |  0.0004004620
 186  7/2017 |      :         :    *   |        :         :      | -0.0008488469
 187  8/2017 |      :         :        |       *:         :      |  0.0014634744
 188  9/2017 |      :         :        *        :         :      |  0.0000747590
 189 10/2017 |      :         :        |*       :         :      |  0.0002323930
 190 11/2017 |      :         :        |   *    :         :      |  0.0007847487
 191 12/2017 +      :         :        |    *   :         :      +  0.0009334599
 192  1/2018 |      :         :        |        : *       :      |  0.0021125338
 193  2/2018 |      :   *     :        |        :         :      | -0.0028668565
 194  3/2018 |      :         :        |        :       * :      |  0.0032796554
 195  4/2018 |      :         :        |       *:         :      |  0.0015779113
 196  5/2018 |      :         :        |        :   *     :      |  0.0024345082
 197  6/2018 |      :      *  :        |        :         :      | -0.0023473262
 198  7/2018 |      :         :        |        *         :      |  0.0017507630
 199  8/2018 |      :         :        |        : *       :      |  0.0020709052
 200  9/2018 |      :         :   *    |        :         :      | -0.0009353120
 201 10/2018 |      :         :     *  |        :         :      | -0.0005062257
 202 11/2018 |      :     *   :        |        :         :      | -0.0025201650
 203 12/2018 +      :         :     *  |        :         :      + -0.0005932288
 204  1/2019 |      :         :        |*       :         :      |  0.0001040641
 205  2/2019 |      :        *:        |        :         :      | -0.0018917824
 206  3/2019 |      :         :        |   *    :         :      |  0.0007917643
 207  4/2019 |      :         :        |        : *       :      |  0.0020451981
 208  5/2019 |      :        *:        |        :         :      | -0.0019933952
 209  6/2019 |      :         :        |        : *       :      |  0.0021088309
 210  7/2019 |      :         :        |        :  *      :      |  0.0022891306
 211  8/2019 |      :         :        |      * :         :      |  0.0012997217
 212  9/2019 |      :         :   *    |        :         :      | -0.0010393848
 213 10/2019 |      :         :*       |        :         :      | -0.0014593437
 214 11/2019 |      :         :      * |        :         :      | -0.0004067428
 215 12/2019>+      :         :        |        :         *      +> 0.0036972165
-------------+------+---------+--------+--------+---------+------+--------------
                   -2        -1        0       +1        +2       

                 +------------------------------------------+
                 |       Table of standardized values       |
                 |       greater than or equal to 2.0       |
                 +------------------------------------------+
                 |                                          |
                 | Observation    Date   Standardized value |
                 |                                          |
                 |     12        1/2003         2.28        |
                 |     15        4/2003        -2.00        |
                 |     20        9/2003         2.23        |
                 |     44        9/2005         2.33        |
                 |     70       11/2007         2.34        |
                 |     76        5/2008         2.51        |
                 |     79        8/2008        -2.63        |
                 |     83       12/2008        -2.16        |
                 |     86        3/2009        -2.22        |
                 |    156        1/2015        -2.33        |
                 |    157        2/2015         2.41        |
                 |    168        1/2016        -2.64        |
                 |    215       12/2019         2.05        |
                 +------------------------------------------+

Standardized time series histogram:

       -4      -3      -2      -1       0      +1      +2      +3      +4
        +---+---+---+---+---+---+---+---+---+---+---+---+---+---+---+---+
        |                         42     42                            
        |                        .... 37 ....                            |
        |                        ............                            |
        |                        ............                            |
        |                        ............ 30                         |
        |                        ................                        |
        |                        ................                        |
        |                        ................                        |
        |                        ................ 20                     |
        |                        ....................                    |
        |                     15 ....................                    |
        |                    ........................                    |
        |                  8 ........................ 8                  |
        |                ................................  6             |
        |              4 ....................................            |
        |          2 ........................................ 1          |
        |        ................................................        |
        +---+---+---+---+---+---+---+---+---+---+---+---+---+---+---+---+
       -4      -3      -2      -1       0      +1      +2      +3      +4

              64 values outside (-1,+1): 29.77 % (31.74 % expected)
              13 values outside (-2,+2):  6.05 % ( 4.56 % expected)

Autocorrelation function (acf bands =  0.136):

            -1                         0                         1  L-B Q  DF
-------------+-------------------------+-------------------------+--------------
   1  -0.012 |                      :  |  :                      | 
   2  -0.024 |                      : *|  :                      | 
   3   0.006 |                      :  |  :                      | 
   4   0.142 |                      :  |****                     | 
   5  -0.037 |                      : *|  :                      | 
   6  -0.027 |                      : *|  :                      | 
   7  -0.018 |                      :  |  :                      | 
   8  -0.012 |                      :  |  :                      | 
   9  -0.003 |                      :  |  :                      | 
  10  -0.081 |                      :**|  :                      | 
  11  -0.055 |                      : *|  :                      | 
  12   0.147 +                      :  |++++                     +  12.31  12
  13  -0.039 |                      : *|  :                      | 
  14  -0.077 |                      :**|  :                      | 
  15   0.010 |                      :  |  :                      | 
  16  -0.019 |                      :  |  :                      | 
  17  -0.046 |                      : *|  :                      | 
  18  -0.066 |                      :**|  :                      | 
  19  -0.063 |                      :**|  :                      | 
  20   0.064 |                      :  |**:                      | 
  21   0.116 |                      :  |***                      | 
  22   0.061 |                      :  |**:                      | 
  23  -0.132 |                      ***|  :                      | 
  24   0.127 +                      :  |+++                      +  29.91  24
  25   0.069 |                      :  |**:                      | 
  26   0.046 |                      :  |* :                      | 
  27  -0.020 |                      : *|  :                      | 
  28  -0.032 |                      : *|  :                      | 
  29  -0.051 |                      : *|  :                      | 
  30  -0.060 |                      :**|  :                      | 
  31  -0.030 |                      : *|  :                      | 
  32   0.008 |                      :  |  :                      | 
  33  -0.028 |                      : *|  :                      | 
  34   0.010 |                      :  |  :                      | 
  35  -0.078 |                      :**|  :                      | 
  36  -0.022 +                      : +|  :                      +  35.68  36
  37  -0.050 |                      : *|  :                      | 
  38   0.009 |                      :  |  :                      | 
  39  -0.024 |                      : *|  :                      | 
  40   0.017 |                      :  |  :                      | 
  41  -0.023 |                      : *|  :                      | 
  42   0.012 |                      :  |  :                      |  36.77  42
-------------+-------------------------+-------------------------+--------------
            -1                         0                         1  L-B Q  DF

Partial autocorrelation function (pacf bands =  0.136):

            -1                         0                         1
-------------+-------------------------+-------------------------+--------------
   1  -0.012 |                      :  |  :                      | 
   2  -0.024 |                      : *|  :                      | 
   3   0.005 |                      :  |  :                      | 
   4   0.142 |                      :  |****                     | 
   5  -0.034 |                      : *|  :                      | 
   6  -0.021 |                      : *|  :                      | 
   7  -0.022 |                      : *|  :                      | 
   8  -0.034 |                      : *|  :                      | 
   9   0.007 |                      :  |  :                      | 
  10  -0.077 |                      :**|  :                      | 
  11  -0.053 |                      : *|  :                      | 
  12   0.152 +                      :  |++++                     + 
  13  -0.043 |                      : *|  :                      | 
  14  -0.053 |                      : *|  :                      | 
  15   0.017 |                      :  |  :                      | 
  16  -0.075 |                      :**|  :                      | 
  17  -0.029 |                      : *|  :                      | 
  18  -0.055 |                      : *|  :                      | 
  19  -0.079 |                      :**|  :                      | 
  20   0.085 |                      :  |**:                      | 
  21   0.119 |                      :  |***                      | 
  22   0.100 |                      :  |**:                      | 
  23  -0.112 |                      ***|  :                      | 
  24   0.063 +                      :  |++:                      + 
  25   0.044 |                      :  |* :                      | 
  26   0.044 |                      :  |* :                      | 
  27  -0.001 |                      :  |  :                      | 
  28  -0.071 |                      :**|  :                      | 
  29  -0.065 |                      :**|  :                      | 
  30  -0.052 |                      : *|  :                      | 
  31   0.003 |                      :  |  :                      | 
  32   0.022 |                      :  |* :                      | 
  33  -0.066 |                      :**|  :                      | 
  34   0.019 |                      :  |  :                      | 
  35  -0.024 |                      : *|  :                      | 
  36  -0.066 +                      :++|  :                      + 
  37  -0.066 |                      :**|  :                      | 
  38   0.016 |                      :  |  :                      | 
  39   0.007 |                      :  |  :                      | 
  40   0.059 |                      :  |* :                      | 
  41  -0.021 |                      : *|  :                      | 
  42  -0.007 |                      :  |  :                      | 
-------------+-------------------------+-------------------------+--------------
            -1                         0                         1


--- Residual series a[3] (IPC_DE) ---
Unconditional residuals (seasonal period: 12)
215 observations: from 2/2002 to 12/2019

                  Mean:          -0.000005
Standard error of mean:           0.000158
              Variance:           0.000005
    Standard deviation:           0.002320
              Skewness:           0.135164
              Kurtosis:           0.349155
               Minimum:          -0.005465 at  1/2015 (observation 156)
               Maximum:           0.007624 at  4/2019 (observation 207)

Standardized time series plot (original values on right-side column):

               -3      -2     -1       0      +1     +2      +3   
-------------+--+-------+------+-------+-------+------+-------+--+--------------
   1  2/2002 |          :      :  *    |       :      :          | -0.0014810840
   2  3/2002 |          :      :    *  |       :      :          | -0.0009822016
   3  4/2002 |          :      :  *    |       :      :          | -0.0013807138
   4  5/2002 |          :      :       |*      :      :          |  0.0004230025
   5  6/2002 |          :      :  *    |       :      :          | -0.0013851646
   6  7/2002 |          :      *       |       :      :          | -0.0024443253
   7  8/2002 |          :      :   *   |       :      :          | -0.0012079202
   8  9/2002 |          :      :       *       :      :          |  0.0000133023
   9 10/2002 |          :      : *     |       :      :          | -0.0019266845
  10 11/2002 |          :      :  *    |       :      :          | -0.0016692186
  11 12/2002 +          :      :       |       : *    :          +  0.0031164665
  12  1/2003>|          :      :       |       :      :*         |> 0.0048123439
  13  2/2003 |          :      :       |*      :      :          |  0.0003479886
  14  3/2003 |          : *    :       |       :      :          | -0.0039548566
  15  4/2003 |          :    * :       |       :      :          | -0.0031675774
  16  5/2003 |          :   *  :       |       :      :          | -0.0034405001
  17  6/2003 |          :      :       |       : *    :          |  0.0029443933
  18  7/2003 |          :      :*      |       :      :          | -0.0021631962
  19  8/2003 |          :      :    *  |       :      :          | -0.0008370324
  20  9/2003 |          :      :       | *     :      :          |  0.0005951374
  21 10/2003 |          :      :     * |       :      :          | -0.0005668518
  22 11/2003 |          :      :     * |       :      :          | -0.0007042461
  23 12/2003 +          :      :       |  *    :      :          +  0.0009207448
  24  1/2004>|          :      :       |       :      *          |> 0.0046542723
  25  2/2004 |          :    * :       |       :      :          | -0.0031495080
  26  3/2004 |          :      :       |*      :      :          |  0.0001930164
  27  4/2004 |          :      :       |       *      :          |  0.0023028749
  28  5/2004 |          :      :       | *     :      :          |  0.0006431579
  29  6/2004 |          :      :   *   |       :      :          | -0.0012453983
  30  7/2004 |          :      : *     |       :      :          | -0.0018025638
  31  8/2004 |          :      :       |   *   :      :          |  0.0013468984
  32  9/2004 |          :      *       |       :      :          | -0.0023621638
  33 10/2004 |          :      :       |  *    :      :          |  0.0010479775
  34 11/2004 |          :      :       |   *   :      :          |  0.0013011640
  35 12/2004>+          :      :       |       :      *          +> 0.0046434147
  36  1/2005 |          :     *:       |       :      :          | -0.0027467652
  37  2/2005 |          :      :    *  |       :      :          | -0.0009647395
  38  3/2005 |          :      :       |       :*     :          |  0.0028825394
  39  4/2005>|         *:      :       |       :      :          |>-0.0049508384
  40  5/2005 |          :      :       | *     :      :          |  0.0006695490
  41  6/2005 |          :      :       |*      :      :          |  0.0003785988
  42  7/2005 |          :      :       |   *   :      :          |  0.0010768269
  43  8/2005 |          :      :       |   *   :      :          |  0.0012844236
  44  9/2005 |          :      :       |   *   :      :          |  0.0012635626
  45 10/2005 |          :      :       *       :      :          | -0.0001574014
  46 11/2005 |          :      :      *|       :      :          | -0.0003713003
  47 12/2005 +          :      :       |      *:      :          +  0.0020561055
  48  1/2006 |          :      :       |     * :      :          |  0.0018477762
  49  2/2006 |          :      :       |*      :      :          |  0.0002015666
  50  3/2006 |          :    * :       |       :      :          | -0.0031760069
  51  4/2006 |          :      :       |       :  *   :          |  0.0033460210
  52  5/2006 |          :      :   *   |       :      :          | -0.0011980580
  53  6/2006 |          :      :       |*      :      :          |  0.0004357797
  54  7/2006 |          :      :       |*      :      :          |  0.0003026001
  55  8/2006 |          :    * :       |       :      :          | -0.0031725435
  56  9/2006 |          :    * :       |       :      :          | -0.0029325159
  57 10/2006 |          :      :       |    *  :      :          |  0.0015367800
  58 11/2006 |          :      :       |      *:      :          |  0.0020790639
  59 12/2006 +          :      :       |       :*     :          +  0.0026267614
  60  1/2007>|          :      :       |       :      :*         |> 0.0049967902
  61  2/2007 |          :      :   *   |       :      :          | -0.0013435445
  62  3/2007 |          :      :      *|       :      :          | -0.0002645129
  63  4/2007>|          :      :       |       :      :  *       |> 0.0055594461
  64  5/2007 |          :      :  *    |       :      :          | -0.0014958069
  65  6/2007 |          :      :     * |       :      :          | -0.0005709751
  66  7/2007 |          :      :       |     * :      :          |  0.0018130716
  67  8/2007 |          :      : *     |       :      :          | -0.0018796031
  68  9/2007 |          :      :       |   *   :      :          |  0.0012766526
  69 10/2007 |          :      :       |      *:      :          |  0.0022548521
  70 11/2007>|          :      :       |       :      :       *  |> 0.0071662331
  71 12/2007 +          :      :      *|       :      :          + -0.0002068617
  72  1/2008 |          :      :       | *     :      :          |  0.0006075726
  73  2/2008 |          :      :       |*      :      :          |  0.0003370087
  74  3/2008 |          :      :       |  *    :      :          |  0.0010328290
  75  4/2008 |          :    * :       |       :      :          | -0.0030620144
  76  5/2008 |          :      :       |       :     *:          |  0.0043918979
  77  6/2008 |          :      :       |    *  :      :          |  0.0014147279
  78  7/2008 |          :      :       |  *    :      :          |  0.0009240716
  79  8/2008 |          :  *   :       |       :      :          | -0.0036602542
  80  9/2008 |          :      :       |  *    :      :          |  0.0007836792
  81 10/2008 |          :      :   *   |       :      :          | -0.0013340911
  82 11/2008 |          :     *:       |       :      :          | -0.0027132411
  83 12/2008 +          :      *       |       :      :          + -0.0023939487
  84  1/2009 |          :      :       | *     :      :          |  0.0005736363
  85  2/2009 |          :      :       |    *  :      :          |  0.0014836768
  86  3/2009>|         *:      :       |       :      :          |>-0.0049034589
  87  4/2009 |          :      :     * |       :      :          | -0.0005711937
  88  5/2009 |          :      :    *  |       :      :          | -0.0007943699
  89  6/2009 |          :      :       |    *  :      :          |  0.0016301272
  90  7/2009 |          :   *  :       |       :      :          | -0.0034944837
  91  8/2009 |          :      :       |      *:      :          |  0.0020819758
  92  9/2009 |          :  *   :       |       :      :          | -0.0037881456
  93 10/2009 |          :      :       |  *    :      :          |  0.0007792110
  94 11/2009 |          :      :       |   *   :      :          |  0.0012397070
  95 12/2009 +          :      :       |      *:      :          +  0.0019930843
  96  1/2010 |          :      :   *   |       :      :          | -0.0012921297
  97  2/2010 |          :      :  *    |       :      :          | -0.0015481242
  98  3/2010 |          :      :       |      *:      :          |  0.0021553990
  99  4/2010 |          :      : *     |       :      :          | -0.0019492313
 100  5/2010 |          :      :*      |       :      :          | -0.0021452807
 101  6/2010 |          :      :     * |       :      :          | -0.0007393266
 102  7/2010 |          :      : *     |       :      :          | -0.0019455754
 103  8/2010 |          :      :       |   *   :      :          |  0.0012142350
 104  9/2010 |          :      :     * |       :      :          | -0.0006798238
 105 10/2010 |          :      :       |   *   :      :          |  0.0011338043
 106 11/2010 |          :      :       |       :   *  :          |  0.0035144483
 107 12/2010 +          :      :       |   *   :      :          +  0.0013102594
 108  1/2011 |          :      :       |   *   :      :          |  0.0010796698
 109  2/2011 |          :      :       |       *      :          |  0.0023398114
 110  3/2011 |          :      :       |      *:      :          |  0.0019985514
 111  4/2011 |          :      :  *    |       :      :          | -0.0013785608
 112  5/2011 |          :      : *     |       :      :          | -0.0018123953
 113  6/2011 |          :      :      *|       :      :          | -0.0002762024
 114  7/2011 |          :      :   *   |       :      :          | -0.0011435089
 115  8/2011 |          :      :       |  *    :      :          |  0.0007665529
 116  9/2011 |          :      :       |   *   :      :          |  0.0012932889
 117 10/2011 |          :      :       |  *    :      :          |  0.0008155422
 118 11/2011 |          :      :       |       :*     :          |  0.0027226619
 119 12/2011 +          :    * :       |       :      :          + -0.0030819692
 120  1/2012 |          :      :       |       :*     :          |  0.0027567899
 121  2/2012 |          :      :       |    *  :      :          |  0.0016497705
 122  3/2012 |          :      :       |  *    :      :          |  0.0008232510
 123  4/2012 |          :      :*      |       :      :          | -0.0020257251
 124  5/2012 |          :      *       |       :      :          | -0.0025978270
 125  6/2012 |          :      : *     |       :      :          | -0.0018983063
 126  7/2012 |          :      :       | *     :      :          |  0.0005502445
 127  8/2012 |          :      :       |       :    * :          |  0.0040549634
 128  9/2012 |          :      :       |  *    :      :          |  0.0008312925
 129 10/2012 |          :      :       |*      :      :          |  0.0003474646
 130 11/2012 |          :      :       |       : *    :          |  0.0031359119
 131 12/2012 +          :      :     * |       :      :          + -0.0006946641
 132  1/2013 |          :      :       *       :      :          | -0.0001300322
 133  2/2013 |          :      :       |   *   :      :          |  0.0011613026
 134  3/2013 |          :      :       | *     :      :          |  0.0005005562
 135  4/2013>|       *  :      :       |       :      :          |>-0.0053539091
 136  5/2013 |          :      :       |       : *    :          |  0.0030054094
 137  6/2013 |          :      :      *|       :      :          | -0.0003842206
 138  7/2013 |          :      :       | *     :      :          |  0.0005809890
 139  8/2013 |          :      :       |*      :      :          |  0.0003484612
 140  9/2013 |          :      :       *       :      :          |  0.0000077199
 141 10/2013 |          :      : *     |       :      :          | -0.0019551581
 142 11/2013 |          :      :       |       :     *:          |  0.0041488530
 143 12/2013 +          :      :      *|       :      :          + -0.0003339114
 144  1/2014 |          :      *       |       :      :          | -0.0025181920
 145  2/2014 |          :      :       |    *  :      :          |  0.0016348733
 146  3/2014 |          :      :  *    |       :      :          | -0.0016552330
 147  4/2014 |          :     *:       |       :      :          | -0.0027205705
 148  5/2014 |          :     *:       |       :      :          | -0.0026118899
 149  6/2014 |          :      :       |   *   :      :          |  0.0011010807
 150  7/2014 |          :      :       |*      :      :          |  0.0004344025
 151  8/2014 |          :      :     * |       :      :          | -0.0004671078
 152  9/2014 |          :      :       |*      :      :          |  0.0002635888
 153 10/2014 |          :      :*      |       :      :          | -0.0022039726
 154 11/2014 |          :      :       |       *      :          |  0.0023109312
 155 12/2014>+        * :      :       |       :      :          +>-0.0052552265
 156  1/2015>|       *  :      :       |       :      :          |>-0.0054653709
 157  2/2015 |          :      :       |       :     *:          |  0.0041657719
 158  3/2015 |          :      :       |   *   :      :          |  0.0011807011
 159  4/2015 |          :      :       |      *:      :          |  0.0022390142
 160  5/2015 |          :      :       |*      :      :          |  0.0002594203
 161  6/2015 |          :      :   *   |       :      :          | -0.0012411163
 162  7/2015 |          :      :       *       :      :          |  0.0001404259
 163  8/2015 |          :      :     * |       :      :          | -0.0006016149
 164  9/2015 |          :      :     * |       :      :          | -0.0007331158
 165 10/2015 |          :      :      *|       :      :          | -0.0002235948
 166 11/2015>|          *      :       |       :      :          |>-0.0046633052
 167 12/2015 +          : *    :       |       :      :          + -0.0041079944
 168  1/2016 |          :      *       |       :      :          | -0.0024766941
 169  2/2016 |          :      :   *   |       :      :          | -0.0013679848
 170  3/2016 |          :      :       |       *      :          |  0.0025130062
 171  4/2016 |          :      :      *|       :      :          | -0.0003489726
 172  5/2016 |          :      :       |       : *    :          |  0.0030965907
 173  6/2016 |          :      :      *|       :      :          | -0.0003750469
 174  7/2016 |          :      :       *       :      :          | -0.0000571637
 175  8/2016 |          :      :     * |       :      :          | -0.0006072034
 176  9/2016 |          :      :       |    *  :      :          |  0.0014623888
 177 10/2016 |          :      :       |   *   :      :          |  0.0011812826
 178 11/2016 |          *      :       |       :      :          | -0.0044375570
 179 12/2016 +          :      :       |       :*     :          +  0.0027107554
 180  1/2017 |          :      :      *|       :      :          | -0.0003438775
 181  2/2017 |          :      :       |*      :      :          |  0.0002378156
 182  3/2017 |          :      :     * |       :      :          | -0.0006821359
 183  4/2017 |          :      :       |       : *    :          |  0.0029693673
 184  5/2017 |          :      : *     |       :      :          | -0.0018797940
 185  6/2017 |          :      :       |   *   :      :          |  0.0011367324
 186  7/2017 |          :      :       |      *:      :          |  0.0019946662
 187  8/2017 |          :      :       | *     :      :          |  0.0005609043
 188  9/2017 |          :      :       |*      :      :          |  0.0004045708
 189 10/2017 |          :      :   *   |       :      :          | -0.0010885953
 190 11/2017 |          :      :*      |       :      :          | -0.0022313774
 191 12/2017 +          :      :       *       :      :          + -0.0000644361
 192  1/2018 |          :      :   *   |       :      :          | -0.0012554899
 193  2/2018 |          :      :*      |       :      :          | -0.0022128610
 194  3/2018 |          :      :       |    *  :      :          |  0.0014261469
 195  4/2018 |          :      :       |    *  :      :          |  0.0014653465
 196  5/2018>|          :      :       |       :      *          |> 0.0046957088
 197  6/2018 |          :      : *     |       :      :          | -0.0017073824
 198  7/2018 |          :      :       |    *  :      :          |  0.0014196732
 199  8/2018 |          :      :       |     * :      :          |  0.0017429007
 200  9/2018 |          :      :       |    *  :      :          |  0.0016413460
 201 10/2018 |          :      :       |*      :      :          |  0.0003951196
 202 11/2018 |          :*     :       |       :      :          | -0.0042468131
 203 12/2018 +          :   *  :       |       :      :          + -0.0034013417
 204  1/2019 |          :   *  :       |       :      :          | -0.0032574019
 205  2/2019 |          :      :     * |       :      :          | -0.0005343074
 206  3/2019 |          :      :       |*      :      :          |  0.0003428791
 207  4/2019>|          :      :       |       :      :         *|> 0.0076242687
 208  5/2019 |          :      :      *|       :      :          | -0.0002161829
 209  6/2019 |          :      :       | *     :      :          |  0.0006902262
 210  7/2019 |          :      :       |      *:      :          |  0.0022225570
 211  8/2019 |          :      : *     |       :      :          | -0.0017240577
 212  9/2019 |          :      :      *|       :      :          | -0.0003122503
 213 10/2019 |          :      :      *|       :      :          | -0.0002231332
 214 11/2019>|        * :      :       |       :      :          |>-0.0053182965
 215 12/2019 +          :      :       |    *  :      :          +  0.0015785330
-------------+--+-------+------+-------+-------+------+-------+--+--------------
               -3      -2     -1       0      +1     +2      +3   

                 +------------------------------------------+
                 |       Table of standardized values       |
                 |       greater than or equal to 2.0       |
                 +------------------------------------------+
                 |                                          |
                 | Observation    Date   Standardized value |
                 |                                          |
                 |     12        1/2003         2.08        |
                 |     24        1/2004         2.01        |
                 |     35       12/2004         2.00        |
                 |     39        4/2005        -2.13        |
                 |     60        1/2007         2.16        |
                 |     63        4/2007         2.40        |
                 |     70       11/2007         3.09        |
                 |     86        3/2009        -2.11        |
                 |    135        4/2013        -2.31        |
                 |    155       12/2014        -2.26        |
                 |    156        1/2015        -2.35        |
                 |    166       11/2015        -2.01        |
                 |    196        5/2018         2.03        |
                 |    207        4/2019         3.29        |
                 |    214       11/2019        -2.29        |
                 +------------------------------------------+

Standardized time series histogram:

       -4      -3      -2      -1       0      +1      +2      +3      +4
        +---+---+---+---+---+---+---+---+---+---+---+---+---+---+---+---+
        |                                 45                            |
        |                                ....                            |
        |                                .... 39                         |
        |                         34 36  ........                        |
        |                        ................                        |
        |                        ................                        |
        |                        ................                        |
        |                        ................                        |
        |                     20 ................                        |
        |                    ....................                        |
        |                    ....................                        |
        |                    .................... 14                     |
        |                    ........................                    |
        |              7  7  ........................    6               |
        |            ................................  5 ....            |
        |            ........................................      2     |
        |            ........................................    ....    |
        +---+---+---+---+---+---+---+---+---+---+---+---+---+---+---+---+
       -4      -3      -2      -1       0      +1      +2      +3      +4

              61 values outside (-1,+1): 28.37 % (31.74 % expected)
              15 values outside (-2,+2):  6.98 % ( 4.56 % expected)

Autocorrelation function (acf bands =  0.136):

            -1                         0                         1  L-B Q  DF
-------------+-------------------------+-------------------------+--------------
   1  -0.013 |                      :  |  :                      | 
   2  -0.019 |                      :  |  :                      | 
   3   0.002 |                      :  |  :                      | 
   4  -0.052 |                      : *|  :                      | 
   5  -0.144 |                     ****|  :                      | 
   6  -0.032 |                      : *|  :                      | 
   7   0.016 |                      :  |  :                      | 
   8  -0.084 |                      :**|  :                      | 
   9   0.043 |                      :  |* :                      | 
  10   0.012 |                      :  |  :                      | 
  11   0.195 |                      :  |*****                    | 
  12   0.122 +                      :  |+++                      +  19.77  12
  13   0.035 |                      :  |* :                      | 
  14  -0.045 |                      : *|  :                      | 
  15   0.023 |                      :  |* :                      | 
  16  -0.047 |                      : *|  :                      | 
  17  -0.069 |                      :**|  :                      | 
  18  -0.043 |                      : *|  :                      | 
  19  -0.050 |                      : *|  :                      | 
  20  -0.057 |                      : *|  :                      | 
  21   0.008 |                      :  |  :                      | 
  22   0.047 |                      :  |* :                      | 
  23   0.018 |                      :  |  :                      | 
  24   0.020 +                      :  |  :                      +  24.84  24
  25   0.083 |                      :  |**:                      | 
  26  -0.073 |                      :**|  :                      | 
  27  -0.025 |                      : *|  :                      | 
  28  -0.082 |                      :**|  :                      | 
  29  -0.058 |                      : *|  :                      | 
  30  -0.044 |                      : *|  :                      | 
  31  -0.024 |                      : *|  :                      | 
  32  -0.014 |                      :  |  :                      | 
  33  -0.023 |                      : *|  :                      | 
  34  -0.005 |                      :  |  :                      | 
  35  -0.005 |                      :  |  :                      | 
  36   0.169 +                      :  |++++                     +  38.76  36
  37   0.033 |                      :  |* :                      | 
  38  -0.063 |                      :**|  :                      | 
  39  -0.052 |                      : *|  :                      | 
  40  -0.060 |                      : *|  :                      | 
  41  -0.085 |                      :**|  :                      | 
  42   0.004 |                      :  |  :                      |  43.69  42
-------------+-------------------------+-------------------------+--------------
            -1                         0                         1  L-B Q  DF

Partial autocorrelation function (pacf bands =  0.136):

            -1                         0                         1
-------------+-------------------------+-------------------------+--------------
   1  -0.013 |                      :  |  :                      | 
   2  -0.019 |                      :  |  :                      | 
   3   0.001 |                      :  |  :                      | 
   4  -0.052 |                      : *|  :                      | 
   5  -0.146 |                     ****|  :                      | 
   6  -0.040 |                      : *|  :                      | 
   7   0.009 |                      :  |  :                      | 
   8  -0.090 |                      :**|  :                      | 
   9   0.024 |                      :  |* :                      | 
  10  -0.015 |                      :  |  :                      | 
  11   0.193 |                      :  |*****                    | 
  12   0.133 +                      :  |+++                      + 
  13   0.036 |                      :  |* :                      | 
  14  -0.032 |                      : *|  :                      | 
  15   0.052 |                      :  |* :                      | 
  16   0.015 |                      :  |  :                      | 
  17  -0.016 |                      :  |  :                      | 
  18  -0.053 |                      : *|  :                      | 
  19  -0.042 |                      : *|  :                      | 
  20  -0.058 |                      : *|  :                      | 
  21  -0.012 |                      :  |  :                      | 
  22  -0.027 |                      : *|  :                      | 
  23  -0.045 |                      : *|  :                      | 
  24  -0.034 +                      : +|  :                      + 
  25   0.078 |                      :  |**:                      | 
  26  -0.078 |                      :**|  :                      | 
  27  -0.023 |                      : *|  :                      | 
  28  -0.087 |                      :**|  :                      | 
  29  -0.023 |                      : *|  :                      | 
  30  -0.008 |                      :  |  :                      | 
  31  -0.018 |                      :  |  :                      | 
  32  -0.029 |                      : *|  :                      | 
  33  -0.039 |                      : *|  :                      | 
  34  -0.046 |                      : *|  :                      | 
  35  -0.008 |                      :  |  :                      | 
  36   0.133 +                      :  |+++                      + 
  37   0.048 |                      :  |* :                      | 
  38  -0.051 |                      : *|  :                      | 
  39  -0.023 |                      : *|  :                      | 
  40  -0.034 |                      : *|  :                      | 
  41  -0.021 |                      : *|  :                      | 
  42   0.017 |                      :  |  :                      | 
-------------+-------------------------+-------------------------+--------------
            -1                         0                         1


--- Cross-correlation functions between residuals ---

CROSS CORRELATION a[2] (IPC_FR) - a[1] (IPC_ES)
      IPC_FR --> IPC_ES IF k > 0
      IPC_ES --> IPC_FR IF k < 0
CCF BANDS  2.0/SQRT(N) =  0.13640:

            -1                         0                         1
-------------+-------------------------+-------------------------+--------------
  -9   0.004 |                      :  |  :                      |                            
  -8   0.036 |                      :  |* :                      |                            
  -7  -0.068 |                      :**|  :                      |                            
  -6   0.117 |                      :  |***                      |                            
  -5   0.001 |                      :  |  :                      |                            
  -4   0.070 |                      :  |**:                      |                            
  -3  -0.012 |                      :  |  :                      |                            
  -2  -0.020 |                      :  |  :                      |                            
  -1  -0.005 |                      :  |  :                      |                            
   0   0.484 |                      :  |************             |                            
   1  -0.015 |                      :  |  :                      |                            
   2  -0.021 |                      : *|  :                      |                            
   3   0.007 |                      :  |  :                      |                            
   4   0.060 |                      :  |**:                      |                            
   5  -0.043 |                      : *|  :                      |                            
   6   0.190 |                      :  |*****                    |                            
   7   0.061 |                      :  |**:                      |                            
   8  -0.042 |                      : *|  :                      |                            
   9   0.069 |                      :  |**:                      |                            
-------------+-------------------------+-------------------------+--------------
            -1                         0                         1
Q(10) = 62.437     k >= 0      Q( 9) = 11.705      k > 0
Q(10) = 56.337     k <= 0      Q( 9) =  5.605      k < 0

CROSS CORRELATION a[3] (IPC_DE) - a[1] (IPC_ES)
      IPC_DE --> IPC_ES IF k > 0
      IPC_ES --> IPC_DE IF k < 0
CCF BANDS  2.0/SQRT(N) =  0.13640:

            -1                         0                         1
-------------+-------------------------+-------------------------+--------------
  -9   0.024 |                      :  |* :                      |                            
  -8  -0.022 |                      : *|  :                      |                            
  -7   0.029 |                      :  |* :                      |                            
  -6  -0.011 |                      :  |  :                      |                            
  -5   0.026 |                      :  |* :                      |                            
  -4   0.079 |                      :  |**:                      |                            
  -3  -0.011 |                      :  |  :                      |                            
  -2  -0.013 |                      :  |  :                      |                            
  -1  -0.009 |                      :  |  :                      |                            
   0   0.518 |                      :  |*************            |                            
   1  -0.015 |                      :  |  :                      |                            
   2   0.003 |                      :  |  :                      |                            
   3   0.002 |                      :  |  :                      |                            
   4  -0.039 |                      : *|  :                      |                            
   5  -0.064 |                      :**|  :                      |                            
   6   0.068 |                      :  |**:                      |                            
   7   0.105 |                      :  |***                      |                            
   8  -0.043 |                      : *|  :                      |                            
   9   0.030 |                      :  |* :                      |                            
-------------+-------------------------+-------------------------+--------------
            -1                         0                         1
Q(10) = 63.750     k >= 0      Q( 9) =  5.417      k > 0
Q(10) = 60.385     k <= 0      Q( 9) =  2.052      k < 0

CROSS CORRELATION a[3] (IPC_DE) - a[2] (IPC_FR)
      IPC_DE --> IPC_FR IF k > 0
      IPC_FR --> IPC_DE IF k < 0
CCF BANDS  2.0/SQRT(N) =  0.13640:

            -1                         0                         1
-------------+-------------------------+-------------------------+--------------
  -9   0.055 |                      :  |* :                      |                            
  -8  -0.080 |                      :**|  :                      |                            
  -7   0.046 |                      :  |* :                      |                            
  -6  -0.009 |                      :  |  :                      |                            
  -5  -0.023 |                      : *|  :                      |                            
  -4   0.053 |                      :  |* :                      |                            
  -3  -0.016 |                      :  |  :                      |                            
  -2  -0.030 |                      : *|  :                      |                            
  -1  -0.016 |                      :  |  :                      |                            
   0   0.531 |                      :  |*************            |                            
   1  -0.018 |                      :  |  :                      |                            
   2  -0.028 |                      : *|  :                      |                            
   3   0.011 |                      :  |  :                      |                            
   4  -0.003 |                      :  |  :                      |                            
   5  -0.085 |                      :**|  :                      |                            
   6   0.012 |                      :  |  :                      |                            
   7   0.013 |                      :  |  :                      |                            
   8   0.003 |                      :  |  :                      |                            
   9   0.075 |                      :  |**:                      |                            
-------------+-------------------------+-------------------------+--------------
            -1                         0                         1
Q(10) = 64.299     k >= 0      Q( 9) =  3.214      k > 0
Q(10) = 64.749     k <= 0      Q( 9) =  3.664      k < 0

=============================================================
