Input Data File  : IPC.inp
Output File      : IPC.out
Model: VARMA(2,0)
Include mean     : yes
Diagonal AR      : no
Diagonal MA      : no
Diagonal Cov     : no
Estimation method: 1
Two-step init    : no
Frequency        : 12
Start            : 1 2002
Box-Cox lambda   : 0
Rescale factor   : 1
Differences      : d=1, D=0 (seasonal lag=12)
Deseasonalize    : no
Series names     : y1 y2 y3
Observations     : 215 (raw 216)

Number of parameters: 27

=============================================================
  OPTIMIZER CONVERGED after 30 iterations
  Objective function = 0.852300160443
  Convergence criterion: scaled distance between last two steps <= steptol
=============================================================



=============================================================
  Estimated Parameters and Standard Deviations               
=============================================================

                        Parameter     Estimate    Std.Error   t-stat  p-val
--------------------------------------------------------------------
mu[1]                   0.001547     0.000230    6.720 0.0000 ***
mu[2]                   0.001130     0.000172    6.572 0.0000 ***
mu[3]                   0.001128     0.000160    7.032 0.0000 ***
phi[1]_11              0.343968     0.084310    4.080 0.0000 ***
phi[1]_12              0.168889     0.084045    2.010 0.0445 *  
phi[1]_13             -0.025351     0.115815   -0.219 0.8267    
phi[1]_21             -0.013408     0.079021   -0.170 0.8653    
phi[1]_22              0.012693     0.078831    0.161 0.8721    
phi[1]_23              0.112622     0.110416    1.020 0.3077    
phi[1]_31              0.255421     0.060012    4.256 0.0000 ***
phi[1]_32              0.167267     0.062417    2.680 0.0074 ** 
phi[1]_33             -0.254279     0.087703   -2.899 0.0037 ** 
phi[2]_11             -0.103991     0.080506   -1.292 0.1965    
phi[2]_12              0.007908     0.078220    0.101 0.9195    
phi[2]_13              0.136031     0.108523    1.253 0.2100    
phi[2]_21             -0.112441     0.077198   -1.457 0.1452    
phi[2]_22              0.122716     0.073231    1.676 0.0938 .  
phi[2]_23              0.094077     0.105092    0.895 0.3707    
phi[2]_31             -0.009483     0.060611   -0.156 0.8757    
phi[2]_32             -0.047179     0.058091   -0.812 0.4167    
phi[2]_33              0.014977     0.083553    0.179 0.8577    
cov[1,1]               1.173781     0.078754   14.904 0.0000 ***
cov[2,1]               0.561924     0.055819   10.067 0.0000 ***
cov[2,2]               1.050144     0.084084   12.489 0.0000 ***
cov[3,1]               0.417046     0.050748    8.218 0.0000 ***
cov[3,2]               0.423525     0.053067    7.981 0.0000 ***
cov[3,3]               0.606744     0.067286    9.017 0.0000 ***
--------------------------------------------------------------------
Signif. codes:  0 '***' 0.001 '**' 0.01 '*' 0.05 '.' 0.1 ' ' 1



=============================================================
           JOINT HYPOTHESIS TESTS (WALD)                    
=============================================================

Test of joint significance of last lag (AR(2) and MA(0)):
  Wald chi2(9) = 10.9450, p-value = 0.2795
  Conclusion: Cannot reject H0 → last lag is not significant.

Test of joint significance of last AR lag (AR(2)):
  Wald chi2(9) = 10.9450, p-value = 0.2795
  Conclusion: Cannot reject H0 → last AR lag is not significant.

Test of joint significance of all cross effects:
  H0: all cross coefficients = 0
  Wald chi2(12) = 54.7903, p-value = 0.0000
  Conclusion: REJECT H0 → cross effects are jointly significant.

--- Directional cross-effects tests ---

y1: effects of other variables on it:
  H0: all coefficients in equation y1 from other vars = 0
  Wald chi2(4) = 8.6002, p-value = 0.0719
  Conclusion: Cannot reject H0 → y1 is not influenced by others.

y1: effects of it on other variables:
  H0: all coefficients of y1 in other equations = 0
  Wald chi2(4) = 31.2624, p-value = 0.0000
  Conclusion: REJECT H0 → y1 influences others.

y2: effects of other variables on it:
  H0: all coefficients in equation y2 from other vars = 0
  Wald chi2(4) = 2.8203, p-value = 0.5883
  Conclusion: Cannot reject H0 → y2 is not influenced by others.

y2: effects of it on other variables:
  H0: all coefficients of y2 in other equations = 0
  Wald chi2(4) = 9.8673, p-value = 0.0427
  Conclusion: REJECT H0 → y2 influences others.

y3: effects of other variables on it:
  H0: all coefficients in equation y3 from other vars = 0
  Wald chi2(4) = 35.1255, p-value = 0.0000
  Conclusion: REJECT H0 → y3 is influenced by others.

y3: effects of it on other variables:
  H0: all coefficients of y3 in other equations = 0
  Wald chi2(4) = 3.2361, p-value = 0.5191
  Conclusion: Cannot reject H0 → y3 does not influence others.


=============================================================
           ORTHOGONALIZED IMPULSE RESPONSE FUNCTIONS        
=============================================================
Shocks are orthogonalized via Cholesky decomposition of Sigma Matrix.
Order of variables: as in the model.

Shock to y1:
Horizon       y1       y2       y3
    0     0.0025   0.0012   0.0009
    1     0.0011   0.0001   0.0006
    2     0.0002   0.0000   0.0001
    3     0.0001  -0.0000   0.0000
    4    -0.0000  -0.0000  -0.0000
    5    -0.0000  -0.0000  -0.0000
    6    -0.0000  -0.0000  -0.0000
    7    -0.0000  -0.0000  -0.0000
    8    -0.0000  -0.0000  -0.0000
    9    -0.0000  -0.0000  -0.0000
   10    -0.0000   0.0000  -0.0000
   11     0.0000   0.0000   0.0000
   12     0.0000   0.0000  -0.0000
   13     0.0000   0.0000   0.0000
   14     0.0000   0.0000   0.0000
   15     0.0000  -0.0000   0.0000
   16     0.0000   0.0000  -0.0000
   17     0.0000  -0.0000   0.0000
   18    -0.0000  -0.0000  -0.0000
   19    -0.0000  -0.0000   0.0000
   20    -0.0000  -0.0000  -0.0000

Shock to y2:
Horizon       y1       y2       y3
    0     0.0000   0.0021   0.0006
    1     0.0003   0.0001   0.0002
    2     0.0002   0.0003  -0.0000
    3     0.0001  -0.0000   0.0001
    4     0.0000   0.0000  -0.0000
    5     0.0000  -0.0000   0.0000
    6    -0.0000   0.0000  -0.0000
    7     0.0000  -0.0000   0.0000
    8    -0.0000   0.0000  -0.0000
    9    -0.0000  -0.0000   0.0000
   10    -0.0000   0.0000  -0.0000
   11    -0.0000  -0.0000   0.0000
   12    -0.0000   0.0000  -0.0000
   13     0.0000  -0.0000   0.0000
   14    -0.0000   0.0000  -0.0000
   15     0.0000  -0.0000   0.0000
   16    -0.0000   0.0000  -0.0000
   17     0.0000  -0.0000   0.0000
   18    -0.0000   0.0000  -0.0000
   19     0.0000  -0.0000   0.0000
   20    -0.0000   0.0000  -0.0000

Shock to y3:
Horizon       y1       y2       y3
    0     0.0000   0.0000   0.0015
    1    -0.0000   0.0002  -0.0004
    2     0.0002   0.0001   0.0001
    3     0.0000   0.0000   0.0000
    4     0.0000   0.0000   0.0000
    5     0.0000  -0.0000   0.0000
    6    -0.0000  -0.0000  -0.0000
    7    -0.0000  -0.0000   0.0000
    8    -0.0000  -0.0000  -0.0000
    9    -0.0000  -0.0000  -0.0000
   10    -0.0000  -0.0000  -0.0000
   11    -0.0000  -0.0000  -0.0000
   12    -0.0000   0.0000  -0.0000
   13     0.0000   0.0000   0.0000
   14     0.0000   0.0000  -0.0000
   15     0.0000   0.0000   0.0000
   16     0.0000   0.0000  -0.0000
   17     0.0000  -0.0000   0.0000
   18     0.0000   0.0000  -0.0000
   19     0.0000  -0.0000   0.0000
   20    -0.0000  -0.0000  -0.0000


=============================================================
        ACCUMULATED IMPULSE RESPONSE FUNCTIONS               
=============================================================
Cumulative response of each variable to a one-s.d. shock
(sum of responses up to each horizon).

Shock to y1:
Horizon       y1       y2       y3
    0     0.0025   0.0012   0.0009
    1     0.0036   0.0013   0.0015
    2     0.0038   0.0013   0.0016
    3     0.0039   0.0013   0.0016
    4     0.0039   0.0012   0.0016
    5     0.0039   0.0012   0.0016
    6     0.0039   0.0012   0.0016
    7     0.0039   0.0012   0.0016
    8     0.0039   0.0012   0.0016
    9     0.0039   0.0012   0.0016
   10     0.0039   0.0012   0.0016
   11     0.0039   0.0012   0.0016
   12     0.0039   0.0012   0.0016
   13     0.0039   0.0012   0.0016
   14     0.0039   0.0012   0.0016
   15     0.0039   0.0012   0.0016
   16     0.0039   0.0012   0.0016
   17     0.0039   0.0012   0.0016
   18     0.0039   0.0012   0.0016
   19     0.0039   0.0012   0.0016
   20     0.0039   0.0012   0.0016

Shock to y2:
Horizon       y1       y2       y3
    0     0.0000   0.0021   0.0006
    1     0.0003   0.0022   0.0008
    2     0.0006   0.0025   0.0008
    3     0.0007   0.0025   0.0009
    4     0.0007   0.0025   0.0009
    5     0.0007   0.0025   0.0009
    6     0.0007   0.0025   0.0009
    7     0.0007   0.0025   0.0009
    8     0.0007   0.0025   0.0009
    9     0.0007   0.0025   0.0009
   10     0.0007   0.0025   0.0009
   11     0.0007   0.0025   0.0009
   12     0.0007   0.0025   0.0009
   13     0.0007   0.0025   0.0009
   14     0.0007   0.0025   0.0009
   15     0.0007   0.0025   0.0009
   16     0.0007   0.0025   0.0009
   17     0.0007   0.0025   0.0009
   18     0.0007   0.0025   0.0009
   19     0.0007   0.0025   0.0009
   20     0.0007   0.0025   0.0009

Shock to y3:
Horizon       y1       y2       y3
    0     0.0000   0.0000   0.0015
    1    -0.0000   0.0002   0.0011
    2     0.0002   0.0003   0.0012
    3     0.0002   0.0003   0.0013
    4     0.0002   0.0003   0.0013
    5     0.0002   0.0003   0.0013
    6     0.0002   0.0003   0.0013
    7     0.0002   0.0003   0.0013
    8     0.0002   0.0003   0.0013
    9     0.0002   0.0003   0.0013
   10     0.0002   0.0003   0.0013
   11     0.0002   0.0003   0.0013
   12     0.0002   0.0003   0.0013
   13     0.0002   0.0003   0.0013
   14     0.0002   0.0003   0.0013
   15     0.0002   0.0003   0.0013
   16     0.0002   0.0003   0.0013
   17     0.0002   0.0003   0.0013
   18     0.0002   0.0003   0.0013
   19     0.0002   0.0003   0.0013
   20     0.0002   0.0003   0.0013


=============================================================
  LONG‑RUN GAIN, SHOCK STD. DEVIATIONS AND MEAN LAG        
=============================================================

Structural shock standard deviations (one‑s.d. shock size):
  y1       : 0.0025
  y2       : 0.0021
  y3       : 0.0015

Shock to y1:
  y1       : gain =   0.0039  mean lag =   0.41 months
  y2       : gain =   0.0012  mean lag =  -0.14 months
  y3       : gain =   0.0016  mean lag =   0.51 months

Shock to y2:
  y1       : gain =   0.0007  mean lag =   1.78 months
  y2       : gain =   0.0025  mean lag =   0.31 months
  y3       : gain =   0.0009  mean lag =   0.52 months

Shock to y3:
  y1       : gain =   0.0002  mean lag =   2.44 months
  y2       : gain =   0.0003  mean lag =   1.36 months
  y3       : gain =   0.0013  mean lag =  -0.01 months
=============================================================



=============================================================
           FORECAST ERROR VARIANCE DECOMPOSITION             
=============================================================
Values are percentages of forecast error variance accounted for by each shock.
Shocks are orthogonalized via Cholesky decomposition.

y1:
Horizon       y1       y2       y3
    1     100.00     0.00     0.00
    2      98.52     1.46     0.02
    3      97.27     2.07     0.66
    4      97.05     2.26     0.69
    5      97.05     2.27     0.69
    6      97.04     2.27     0.69
    7      97.04     2.27     0.69
    8      97.04     2.27     0.69
    9      97.04     2.27     0.69
   10      97.04     2.27     0.69
   11      97.04     2.27     0.69
   12      97.04     2.27     0.69
   13      97.04     2.27     0.69
   14      97.04     2.27     0.69
   15      97.04     2.27     0.69
   16      97.04     2.27     0.69
   17      97.04     2.27     0.69
   18      97.04     2.27     0.69
   19      97.04     2.27     0.69
   20      97.04     2.27     0.69

y2:
Horizon       y1       y2       y3
    1      25.62    74.38     0.00
    2      25.55    73.98     0.47
    3      25.04    74.33     0.63
    4      25.06    74.31     0.63
    5      25.07    74.31     0.63
    6      25.07    74.30     0.63
    7      25.07    74.30     0.63
    8      25.07    74.30     0.63
    9      25.07    74.30     0.63
   10      25.07    74.30     0.63
   11      25.07    74.30     0.63
   12      25.07    74.30     0.63
   13      25.07    74.30     0.63
   14      25.07    74.30     0.63
   15      25.07    74.30     0.63
   16      25.07    74.30     0.63
   17      25.07    74.30     0.63
   18      25.07    74.30     0.63
   19      25.07    74.30     0.63
   20      25.07    74.30     0.63

y3:
Horizon       y1       y2       y3
    1      24.42    10.57    65.00
    2      30.82    10.02    59.16
    3      30.72    10.00    59.28
    4      30.64    10.30    59.06
    5      30.63    10.31    59.05
    6      30.63    10.31    59.05
    7      30.63    10.31    59.05
    8      30.63    10.31    59.05
    9      30.63    10.31    59.05
   10      30.63    10.31    59.05
   11      30.63    10.31    59.05
   12      30.63    10.31    59.05
   13      30.63    10.31    59.05
   14      30.63    10.31    59.05
   15      30.63    10.31    59.05
   16      30.63    10.31    59.05
   17      30.63    10.31    59.05
   18      30.63    10.31    59.05
   19      30.63    10.31    59.05
   20      30.63    10.31    59.05



=============================================================
           MULTIVARIATE RESIDUAL DIAGNOSTICS                
=============================================================

Hosking's Multivariate Portmanteau Test (lag 14):
  Q(126) = 163.3972, p-value = 0.0140
  *** REJECT H0: residuals are not white noise.

Multivariate Jarque-Bera Test (normality):
  JB(6) = 3.6920, p-value = 0.7183
  Cannot reject H0: residuals appear normal.
=============================================================

Normalized model:
mu vector:
      0.001547
      0.001130
      0.001128
phi(1) matrix:
      0.343968      0.168889     -0.025351
     -0.013408      0.012693      0.112622
      0.255421      0.167267     -0.254279
phi(2) matrix:
     -0.103991      0.007908      0.136031
     -0.112441      0.122716      0.094077
     -0.009483     -0.047179      0.014977
Q matrix:
      1.173781
      0.561924      1.050144
      0.417046      0.423525      0.606744
Sigma = sigma2 * Q:
      0.000006
      0.000003      0.000006
      0.000002      0.000002      0.000003

Inverse roots of |phi(B)|=0:
      0.280999     -0.139668 i  (modulus     0.313795)
      0.280999      0.139668 i  (modulus     0.313795)
     -0.345362      0.000000 i  (modulus     0.345362)
     -0.143441     -0.138561 i  (modulus     0.199436)
     -0.143441      0.138561 i  (modulus     0.199436)
      0.172630      0.000000 i  (modulus     0.172630)



=============================================================
                RESIDUAL DIAGNOSTICS                         
=============================================================

--- Residual series a[1] (y1) ---
Unconditional residuals (seasonal period: 12)
215 observations: from 2/2002 to 12/2019

                  Mean:          -0.000006
Standard error of mean:           0.000173
              Variance:           0.000006
    Standard deviation:           0.002543
              Skewness:          -0.042949
              Kurtosis:          -0.016470
               Minimum:          -0.007423 at  1/2016 (observation 168)
               Maximum:           0.007193 at  9/2012 (observation 128)

Standardized time series plot (original values on right-side column):

                     -2      -1        0       +1      +2         
-------------+--------+-------+--------+--------+-------+--------+--------------
   1  2/2002 |        :       :        |*       :       :        |  0.0002155173
   2  3/2002 |        :       :        |       *:       :        |  0.0024480335
   3  4/2002 |        :       :        |  *     :       :        |  0.0009039993
   4  5/2002 |        :       :        |    *   :       :        |  0.0013835141
   5  6/2002 |        :       : *      |        :       :        | -0.0019379848
   6  7/2002 |        :       :        |       *:       :        |  0.0022673367
   7  8/2002 |        :       :        | *      :       :        |  0.0007230411
   8  9/2002 |        :       :        |     *  :       :        |  0.0017997108
   9 10/2002 |        :       :        *        :       :        |  0.0000781116
  10 11/2002 |        :       :    *   |        :       :        | -0.0011656833
  11 12/2002 +        :       :        |        :  *    :        +  0.0035225756
  12  1/2003>|        :       :        |        :       :    *   |> 0.0064337430
  13  2/2003 |        :       :   *    |        :       :        | -0.0014594342
  14  3/2003 |        :       :        *        :       :        |  0.0000282892
  15  4/2003 |        :  *    :        |        :       :        | -0.0040301084
  16  5/2003 |        :       :   *    |        :       :        | -0.0013998836
  17  6/2003 |        :       :        |  *     :       :        |  0.0009851060
  18  7/2003 |        :       :        |     *  :       :        |  0.0017784458
  19  8/2003 |        :       :        |      * :       :        |  0.0020531285
  20  9/2003 |        :       :        | *      :       :        |  0.0004412979
  21 10/2003 |        :       :*       |        :       :        | -0.0023905813
  22 11/2003 |        :       :        |   *    :       :        |  0.0010658967
  23 12/2003 +        :       :        | *      :       :        +  0.0007069453
  24  1/2004 |        :       :        |        :    *  :        |  0.0041753431
  25  2/2004 |        :       : *      |        :       :        | -0.0021239024
  26  3/2004 |        :       :        |   *    :       :        |  0.0012168088
  27  4/2004 |        :       :        |   *    :       :        |  0.0012836437
  28  5/2004 |        :       :        |        *       :        |  0.0025822613
  29  6/2004 |        :       :    *   |        :       :        | -0.0011333571
  30  7/2004 |        :       :        |*       :       :        |  0.0003918617
  31  8/2004 |        :       :        |        *       :        |  0.0027787603
  32  9/2004 |        :       :     *  |        :       :        | -0.0009721685
  33 10/2004 |        :       :        |      * :       :        |  0.0020967931
  34 11/2004 |        :       :     *  |        :       :        | -0.0008431246
  35 12/2004 +        :       :  *     |        :       :        + -0.0016714623
  36  1/2005 |        :       :        |        *       :        |  0.0027048900
  37  2/2005 |        :       :        |   *    :       :        |  0.0013083948
  38  3/2005 |        :       :        |      * :       :        |  0.0020437758
  39  4/2005 |        :       :        |     *  :       :        |  0.0017734219
  40  5/2005 |        :       :     *  |        :       :        | -0.0009767632
  41  6/2005 |        :       :        |    *   :       :        |  0.0013376825
  42  7/2005 |        :       :        |  *     :       :        |  0.0009635213
  43  8/2005 |        :       :        |     *  :       :        |  0.0019187004
  44  9/2005 |        :       :        |        :  *    :        |  0.0035059171
  45 10/2005 |        :       : *      |        :       :        | -0.0020175196
  46 11/2005 |        :       :    *   |        :       :        | -0.0011954964
  47 12/2005 +        :       :        |       *:       :        +  0.0022760677
  48  1/2006>|        :       :        |        :       :   *    |> 0.0061989631
  49  2/2006 |        :       :*       |        :       :        | -0.0023032840
  50  3/2006 |        :       :        |     *  :       :        |  0.0016489453
  51  4/2006 |        :       :        |        :*      :        |  0.0028403300
  52  5/2006 |        :       :        |*       :       :        |  0.0002574759
  53  6/2006 |        :       :        *        :       :        | -0.0001498497
  54  7/2006 |        :       :        |  *     :       :        |  0.0007553064
  55  8/2006 |        :       :       *|        :       :        | -0.0002782260
  56  9/2006 |        :      *:        |        :       :        | -0.0030419250
  57 10/2006 |        :       *        |        :       :        | -0.0027064496
  58 11/2006 |        :       :        |   *    :       :        |  0.0013120307
  59 12/2006 +        :       :        |     *  :       :        +  0.0018806875
  60  1/2007 |        :       :        |        *       :        |  0.0027097275
  61  2/2007 |        :       :  *     |        :       :        | -0.0018278862
  62  3/2007 |        :       :        |      * :       :        |  0.0021513448
  63  4/2007 |        :       :        |       *:       :        |  0.0025049937
  64  5/2007 |        :       :     *  |        :       :        | -0.0008740258
  65  6/2007 |        :       :        |*       :       :        |  0.0003189201
  66  7/2007 |        :       :      * |        :       :        | -0.0005148786
  67  8/2007 |        :       :      * |        :       :        | -0.0007248259
  68  9/2007 |        :       :        |      * :       :        |  0.0020642204
  69 10/2007 |        :       :        |        :  *    :        |  0.0035716185
  70 11/2007 |        :       :        |        *       :        |  0.0027051228
  71 12/2007 +        :       :        |   *    :       :        +  0.0011298760
  72  1/2008 |        :       :        |        *       :        |  0.0025413975
  73  2/2008 |        :       :       *|        :       :        | -0.0003915042
  74  3/2008 |        :       :        |        :*      :        |  0.0030617907
  75  4/2008 |        :       :     *  |        :       :        | -0.0010402145
  76  5/2008 |        :       :        |        :      *:        |  0.0048272740
  77  6/2008 |        :       :        |      * :       :        |  0.0019955269
  78  7/2008 |        :       :        *        :       :        | -0.0001007508
  79  8/2008 |        *       :        |        :       :        | -0.0050399479
  80  9/2008 |        :       :        |*       :       :        |  0.0002172069
  81 10/2008 |        :    *  :        |        :       :        | -0.0036611780
  82 11/2008 |        *       :        |        :       :        | -0.0049765325
  83 12/2008 +        :     * :        |        :       :        + -0.0034096079
  84  1/2009 |        :       :        *        :       :        | -0.0000499954
  85  2/2009 |        :       :        |*       :       :        |  0.0003214239
  86  3/2009 |        :   *   :        |        :       :        | -0.0039643140
  87  4/2009 |        :       :        |   *    :       :        |  0.0011802991
  88  5/2009 |        :       :*       |        :       :        | -0.0024573245
  89  6/2009 |        :       :        |        :    *  :        |  0.0042000010
  90  7/2009 |        :    *  :        |        :       :        | -0.0035338196
  91  8/2009 |        :       :        |        :*      :        |  0.0028781608
  92  9/2009 |        :*      :        |        :       :        | -0.0046587906
  93 10/2009 |        :       :        |  *     :       :        |  0.0008140810
  94 11/2009 |        :       :        |        :*      :        |  0.0030087316
  95 12/2009 +        :       :  *     |        :       :        + -0.0019066275
  96  1/2010 |        :       :        *        :       :        | -0.0001489788
  97  2/2010 |        :       : *      |        :       :        | -0.0021814285
  98  3/2010 |        :       :        |        *       :        |  0.0026834425
  99  4/2010 |        :       :   *    |        :       :        | -0.0014208517
 100  5/2010 |        :       :        *        :       :        |  0.0001075744
 101  6/2010 |        :       :        | *      :       :        |  0.0004796526
 102  7/2010 |        :       :        |      * :       :        |  0.0021464145
 103  8/2010 |        :       :        |*       :       :        |  0.0003606321
 104  9/2010 |        :       :     *  |        :       :        | -0.0009815281
 105 10/2010 |        :       :        |     *  :       :        |  0.0018633953
 106 11/2010 |        :       :        |       *:       :        |  0.0023872274
 107 12/2010 +        :       :        |        :   *   :        +  0.0039149976
 108  1/2011 |        :       :        | *      :       :        |  0.0006364409
 109  2/2011 |        :       :       *|        :       :        | -0.0002537279
 110  3/2011 |        :       :        |     *  :       :        |  0.0017035467
 111  4/2011 |        :       :        |   *    :       :        |  0.0011019860
 112  5/2011 |        :   *   :        |        :       :        | -0.0037154357
 113  6/2011 |        :       :   *    |        :       :        | -0.0016192352
 114  7/2011 |        :       :        |     *  :       :        |  0.0017931412
 115  8/2011 |        :       :    *   |        :       :        | -0.0012064065
 116  9/2011 |        :       :        |    *   :       :        |  0.0013805229
 117 10/2011 |        :       :     *  |        :       :        | -0.0008439627
 118 11/2011 |        :       :        |     *  :       :        |  0.0017706200
 119 12/2011 +        :       :      * |        :       :        + -0.0005042786
 120  1/2012 |        :       :  *     |        :       :        | -0.0016375534
 121  2/2012 |        :       :        |*       :       :        |  0.0004119284
 122  3/2012 |        :       :        | *      :       :        |  0.0006916651
 123  4/2012 |        :       :        |        :*      :        |  0.0029678319
 124  5/2012 |        *       :        |        :       :        | -0.0050856303
 125  6/2012 |        :       :    *   |        :       :        | -0.0012296168
 126  7/2012>|        :       :        |        :       :*       |> 0.0052015605
 127  8/2012 |        :       :        |     *  :       :        |  0.0018626609
 128  9/2012>|        :       :        |        :       :      * |> 0.0071932455
 129 10/2012 |        :       : *      |        :       :        | -0.0021714235
 130 11/2012 |        :       *        |        :       :        | -0.0027952102
 131 12/2012 +        :       :        |  *     :       :        +  0.0007496463
 132  1/2013 |        :    *  :        |        :       :        | -0.0035058445
 133  2/2013 |        :       :        |       *:       :        |  0.0023309973
 134  3/2013 |        :       :*       |        :       :        | -0.0024286667
 135  4/2013>|       *:       :        |        :       :        |>-0.0054559779
 136  5/2013 |        :       :        |     *  :       :        |  0.0017748037
 137  6/2013 |        :       :      * |        :       :        | -0.0005004683
 138  7/2013 |        :       :        |  *     :       :        |  0.0009040938
 139  8/2013 |        :       :        | *      :       :        |  0.0005915532
 140  9/2013 |        :    *  :        |        :       :        | -0.0036060041
 141 10/2013 |        :       :*       |        :       :        | -0.0023606763
 142 11/2013 |        :       :        |   *    :       :        |  0.0010975070
 143 12/2013 +        :       :       *|        :       :        + -0.0003479486
 144  1/2014 |        :  *    :        |        :       :        | -0.0041084860
 145  2/2014 |        :       :        |*       :       :        |  0.0003428843
 146  3/2014 |        :       *        |        :       :        | -0.0025418271
 147  4/2014 |        :       :       *|        :       :        | -0.0003561525
 148  5/2014 |        :       :  *     |        :       :        | -0.0018054982
 149  6/2014 |        :       :        |*       :       :        |  0.0002244665
 150  7/2014 |        :     * :        |        :       :        | -0.0034061393
 151  8/2014 |        :       :        |  *     :       :        |  0.0010074491
 152  9/2014 |        :       :       *|        :       :        | -0.0002665227
 153 10/2014 |        :      *:        |        :       :        | -0.0031175382
 154 11/2014 |        :       :    *   |        :       :        | -0.0011272121
 155 12/2014>+     *  :       :        |        :       :        +>-0.0059916591
 156  1/2015 |        :   *   :        |        :       :        | -0.0039409004
 157  2/2015 |        :       :        |        :    *  :        |  0.0041654148
 158  3/2015 |        :       :        | *      :       :        |  0.0005606126
 159  4/2015 |        :       :  *     |        :       :        | -0.0017252082
 160  5/2015 |        :       :        |     *  :       :        |  0.0018192741
 161  6/2015 |        :       :        |*       :       :        |  0.0002183819
 162  7/2015 |        :    *  :        |        :       :        | -0.0034737841
 163  8/2015 |        :    *  :        |        :       :        | -0.0036260659
 164  9/2015 |        :      *:        |        :       :        | -0.0029031099
 165 10/2015 |        :       :        |*       :       :        |  0.0001535885
 166 11/2015 |        :       :        |     *  :       :        |  0.0017176456
 167 12/2015 +        :     * :        |        :       :        + -0.0032652054
 168  1/2016>|*       :       :        |        :       :        |>-0.0074227436
 169  2/2016 |        :       :      * |        :       :        | -0.0007191426
 170  3/2016 |        :       :        |        *       :        |  0.0026495658
 171  4/2016 |        :  *    :        |        :       :        | -0.0042793908
 172  5/2016 |        :       :        |        :   *   :        |  0.0038619020
 173  6/2016 |        :       :        |   *    :       :        |  0.0013244453
 174  7/2016 |        :       :*       |        :       :        | -0.0023661137
 175  8/2016 |        :       :        *        :       :        | -0.0001533859
 176  9/2016 |        :       :     *  |        :       :        | -0.0010392154
 177 10/2016 |        :       :        |        :    *  :        |  0.0042682080
 178 11/2016 |        :       :       *|        :       :        | -0.0002744997
 179 12/2016>+        :       :        |        :       :   *    +> 0.0061768910
 180  1/2017 |        :       :        |     *  :       :        |  0.0016279490
 181  2/2017 |        :*      :        |        :       :        | -0.0046836158
 182  3/2017 |        :   *   :        |        :       :        | -0.0039052197
 183  4/2017 |        :       :        |     *  :       :        |  0.0016897975
 184  5/2017 |        :  *    :        |        :       :        | -0.0041967489
 185  6/2017 |        :       :        |*       :       :        |  0.0001963757
 186  7/2017 |        :       :    *   |        :       :        | -0.0011114075
 187  8/2017 |        :       :        |*       :       :        |  0.0001805874
 188  9/2017 |        :       :        *        :       :        |  0.0001185468
 189 10/2017 |        :       :        |   *    :       :        |  0.0012621522
 190 11/2017 |        :       :        |      * :       :        |  0.0021355215
 191 12/2017 +        :       :       *|        :       :        + -0.0003949608
 192  1/2018 |        :       :   *    |        :       :        | -0.0016316090
 193  2/2018 |        :       :        |    *   :       :        |  0.0015301017
 194  3/2018 |        : *     :        |        :       :        | -0.0044548956
 195  4/2018 |        :       :        *        :       :        |  0.0001343094
 196  5/2018>|        :       :        |        :       :  *     |> 0.0058162966
 197  6/2018 |        :       :*       |        :       :        | -0.0023508777
 198  7/2018 |        :       :   *    |        :       :        | -0.0015521013
 199  8/2018 |        :       :        *        :       :        |  0.0000981800
 200  9/2018 |        :       :        | *      :       :        |  0.0006126668
 201 10/2018 |        :       :        |  *     :       :        |  0.0009845752
 202 11/2018 |        :  *    :        |        :       :        | -0.0040771705
 203 12/2018 +        :      *:        |        :       :        + -0.0030519894
 204  1/2019 |        :       :   *    |        :       :        | -0.0014541439
 205  2/2019 |        :       :        |        :  *    :        |  0.0034982282
 206  3/2019 |        :       : *      |        :       :        | -0.0022277363
 207  4/2019 |        :       :        |    *   :       :        |  0.0014856272
 208  5/2019 |        :       *        |        :       :        | -0.0025969868
 209  6/2019 |        :      *:        |        :       :        | -0.0028990673
 210  7/2019 |        :       :        |*       :       :        |  0.0001928674
 211  8/2019 |        :      *:        |        :       :        | -0.0031096272
 212  9/2019 |        :       :       *|        :       :        | -0.0004222995
 213 10/2019 |        :       :        |       *:       :        |  0.0024176157
 214 11/2019 |        :       :   *    |        :       :        | -0.0013622974
 215 12/2019 +        :       :        |*       :       :        +  0.0002445122
-------------+--------+-------+--------+--------+-------+--------+--------------
                     -2      -1        0       +1      +2         

                 +------------------------------------------+
                 |       Table of standardized values       |
                 |       greater than or equal to 2.0       |
                 +------------------------------------------+
                 |                                          |
                 | Observation    Date   Standardized value |
                 |                                          |
                 |     12        1/2003         2.53        |
                 |     48        1/2006         2.44        |
                 |    126        7/2012         2.05        |
                 |    128        9/2012         2.83        |
                 |    135        4/2013        -2.14        |
                 |    155       12/2014        -2.35        |
                 |    168        1/2016        -2.92        |
                 |    179       12/2016         2.43        |
                 |    196        5/2018         2.29        |
                 +------------------------------------------+

Standardized time series histogram:

       -4      -3      -2      -1       0      +1      +2      +3      +4
        +---+---+---+---+---+---+---+---+---+---+---+---+---+---+---+---+
        |                                 47                            |
        |                                ....                            |
        |                                .... 40                         |
        |                                ........                        |
        |                             34 ........                        |
        |                            ............                        |
        |                         28 ............                        |
        |                        ................                        |
        |                        ................                        |
        |                     19 ................                        |
        |                    .................... 17                     |
        |                 14 ........................                    |
        |                ............................                    |
        |                ............................  7                 |
        |                ................................  4             |
        |          1  2  ....................................2           |
        |        ................................................        |
        +---+---+---+---+---+---+---+---+---+---+---+---+---+---+---+---+
       -4      -3      -2      -1       0      +1      +2      +3      +4

              66 values outside (-1,+1): 30.70 % (31.74 % expected)
               9 values outside (-2,+2):  4.19 % ( 4.56 % expected)

Autocorrelation function (acf bands =  0.136):

            -1                         0                         1  L-B Q  DF
-------------+-------------------------+-------------------------+--------------
   1   0.005 |                      :  |  :                      | 
   2  -0.010 |                      :  |  :                      | 
   3   0.035 |                      :  |* :                      | 
   4   0.032 |                      :  |* :                      | 
   5   0.108 |                      :  |***                      | 
   6   0.044 |                      :  |* :                      | 
   7   0.029 |                      :  |* :                      | 
   8   0.014 |                      :  |  :                      | 
   9   0.051 |                      :  |* :                      | 
  10   0.028 |                      :  |* :                      | 
  11   0.039 |                      :  |* :                      | 
  12   0.037 +                      :  |+ :                      +   5.21  12
  13   0.040 |                      :  |* :                      | 
  14  -0.026 |                      : *|  :                      | 
  15   0.033 |                      :  |* :                      | 
  16   0.033 |                      :  |* :                      | 
  17   0.039 |                      :  |* :                      | 
  18   0.044 |                      :  |* :                      | 
  19  -0.003 |                      :  |  :                      | 
  20   0.126 |                      :  |***                      | 
  21   0.063 |                      :  |**:                      | 
  22   0.021 |                      :  |* :                      | 
  23  -0.051 |                      : *|  :                      | 
  24   0.015 +                      :  |  :                      +  12.60  24
  25  -0.007 |                      :  |  :                      | 
  26   0.077 |                      :  |**:                      | 
  27   0.004 |                      :  |  :                      | 
  28  -0.028 |                      : *|  :                      | 
  29   0.042 |                      :  |* :                      | 
  30   0.075 |                      :  |**:                      | 
  31   0.032 |                      :  |* :                      | 
  32   0.038 |                      :  |* :                      | 
  33  -0.008 |                      :  |  :                      | 
  34   0.032 |                      :  |* :                      | 
  35   0.008 |                      :  |  :                      | 
  36   0.033 +                      :  |+ :                      +  17.32  36
  37  -0.049 |                      : *|  :                      | 
  38   0.028 |                      :  |* :                      | 
  39   0.066 |                      :  |**:                      | 
  40  -0.007 |                      :  |  :                      | 
  41   0.015 |                      :  |  :                      | 
  42  -0.020 |                      : *|  :                      |  19.50  42
-------------+-------------------------+-------------------------+--------------
            -1                         0                         1  L-B Q  DF

Partial autocorrelation function (pacf bands =  0.136):

            -1                         0                         1
-------------+-------------------------+-------------------------+--------------
   1   0.005 |                      :  |  :                      | 
   2  -0.010 |                      :  |  :                      | 
   3   0.035 |                      :  |* :                      | 
   4   0.031 |                      :  |* :                      | 
   5   0.109 |                      :  |***                      | 
   6   0.044 |                      :  |* :                      | 
   7   0.030 |                      :  |* :                      | 
   8   0.007 |                      :  |  :                      | 
   9   0.043 |                      :  |* :                      | 
  10   0.012 |                      :  |  :                      | 
  11   0.029 |                      :  |* :                      | 
  12   0.027 +                      :  |+ :                      + 
  13   0.034 |                      :  |* :                      | 
  14  -0.040 |                      : *|  :                      | 
  15   0.022 |                      :  |* :                      | 
  16   0.017 |                      :  |  :                      | 
  17   0.030 |                      :  |* :                      | 
  18   0.031 |                      :  |* :                      | 
  19  -0.004 |                      :  |  :                      | 
  20   0.118 |                      :  |***                      | 
  21   0.053 |                      :  |* :                      | 
  22   0.012 |                      :  |  :                      | 
  23  -0.069 |                      :**|  :                      | 
  24  -0.002 +                      :  |  :                      + 
  25  -0.045 |                      : *|  :                      | 
  26   0.056 |                      :  |* :                      | 
  27  -0.013 |                      :  |  :                      | 
  28  -0.025 |                      : *|  :                      | 
  29   0.027 |                      :  |* :                      | 
  30   0.071 |                      :  |**:                      | 
  31   0.016 |                      :  |  :                      | 
  32   0.035 |                      :  |* :                      | 
  33  -0.024 |                      : *|  :                      | 
  34   0.033 |                      :  |* :                      | 
  35  -0.017 |                      :  |  :                      | 
  36   0.020 +                      :  |+ :                      + 
  37  -0.084 |                      :**|  :                      | 
  38   0.013 |                      :  |  :                      | 
  39   0.044 |                      :  |* :                      | 
  40  -0.011 |                      :  |  :                      | 
  41  -0.006 |                      :  |  :                      | 
  42  -0.032 |                      : *|  :                      | 
-------------+-------------------------+-------------------------+--------------
            -1                         0                         1


--- Residual series a[2] (y2) ---
Unconditional residuals (seasonal period: 12)
215 observations: from 2/2002 to 12/2019

                  Mean:          -0.000003
Standard error of mean:           0.000164
              Variance:           0.000006
    Standard deviation:           0.002406
              Skewness:           0.112353
              Kurtosis:           0.590847
               Minimum:          -0.006118 at  3/2009 (observation  86)
               Maximum:           0.008585 at  4/2019 (observation 207)

Standardized time series plot (original values on right-side column):

                 -3     -2     -1      0     +1     +2     +3     
-------------+----+------+------+------+------+------+------+----+--------------
   1  2/2002>|          *:      :      |      :      :           |>-0.0050263882
   2  3/2002 |           :      :  *   |      :      :           | -0.0012136294
   3  4/2002 |           :      :   *  |      :      :           | -0.0011741554
   4  5/2002 |           :      :      |*     :      :           |  0.0002736541
   5  6/2002 |           :      :  *   |      :      :           | -0.0012792362
   6  7/2002 |           :      : *    |      :      :           | -0.0017304137
   7  8/2002 |           :      :  *   |      :      :           | -0.0014728109
   8  9/2002 |           :      :      | *    :      :           |  0.0006868193
   9 10/2002 |           :      :   *  |      :      :           | -0.0010405039
  10 11/2002 |           :      :   *  |      :      :           | -0.0011654325
  11 12/2002 +           :      :      |      :    * :           +  0.0041996279
  12  1/2003>|           :      :      |      :      : *         |> 0.0053665697
  13  2/2003 |           :      :      |*     :      :           |  0.0002671493
  14  3/2003 |           :*     :      |      :      :           | -0.0045471271
  15  4/2003 |           :   *  :      |      :      :           | -0.0034635238
  16  5/2003 |           :     *:      |      :      :           | -0.0026239327
  17  6/2003 |           :      :      |      :*     :           |  0.0026501930
  18  7/2003 |           :      : *    |      :      :           | -0.0018257100
  19  8/2003 |           :      :    * |      :      :           | -0.0006984652
  20  9/2003 |           :      :      | *    :      :           |  0.0008162040
  21 10/2003 |           :      :      *      :      :           | -0.0000352785
  22 11/2003 |           :      :     *|      :      :           | -0.0003527600
  23 12/2003 +           :      :      |  *   :      :           +  0.0011025012
  24  1/2004>|           :      :      |      :      :*          |> 0.0053162813
  25  2/2004 |           :    * :      |      :      :           | -0.0029496759
  26  3/2004 |           :      :    * |      :      :           | -0.0008137939
  27  4/2004 |           :      :      |      : *    :           |  0.0029341707
  28  5/2004 |           :      :      |   *  :      :           |  0.0012672997
  29  6/2004 |           :      :*     |      :      :           | -0.0019273903
  30  7/2004 |           :      : *    |      :      :           | -0.0018511810
  31  8/2004 |           :      :      |   *  :      :           |  0.0012032738
  32  9/2004 |           :      : *    |      :      :           | -0.0016947607
  33 10/2004 |           :      :      |   *  :      :           |  0.0013122352
  34 11/2004 |           :      :      |   *  :      :           |  0.0012186265
  35 12/2004>+           :      :      |      :      *           +> 0.0048394209
  36  1/2005 |           :      :*     |      :      :           | -0.0020507272
  37  2/2005 |           :      : *    |      :      :           | -0.0018069955
  38  3/2005 |           :      :      |   *  :      :           |  0.0013270262
  39  4/2005 |           :   *  :      |      :      :           | -0.0033096281
  40  5/2005 |           :      :      *      :      :           | -0.0000153622
  41  6/2005 |           :      :      |    * :      :           |  0.0016042192
  42  7/2005 |           :      :      |*     :      :           |  0.0003631416
  43  8/2005 |           :      :      |  *   :      :           |  0.0008717353
  44  9/2005 |           :      :      |   *  :      :           |  0.0014402462
  45 10/2005 |           :      :      | *    :      :           |  0.0007993908
  46 11/2005 |           :      :   *  |      :      :           | -0.0010556162
  47 12/2005 +           :      :      |      :*     :           +  0.0028123743
  48  1/2006 |           :      :      |     *:      :           |  0.0018885458
  49  2/2006 |           :      :     *|      :      :           | -0.0005135213
  50  3/2006 |           :   *  :      |      :      :           | -0.0034856632
  51  4/2006 |           :      :      |      :*     :           |  0.0027172239
  52  5/2006 |           :      :    * |      :      :           | -0.0007005713
  53  6/2006 |           :      :      |*     :      :           |  0.0002842175
  54  7/2006 |           :      :      |*     :      :           |  0.0004558750
  55  8/2006 |           :      :  *   |      :      :           | -0.0013973587
  56  9/2006 |           :    * :      |      :      :           | -0.0031005962
  57 10/2006 |           :      :      |*     :      :           |  0.0003430888
  58 11/2006 |           :      :      |      :*     :           |  0.0028207178
  59 12/2006 +           :      :      |      *      :           +  0.0022801785
  60  1/2007 |           :      :      |      :     *:           |  0.0045153585
  61  2/2007 |           :      :     *|      :      :           | -0.0003652707
  62  3/2007 |           :      :  *   |      :      :           | -0.0014803700
  63  4/2007 |           :      :      |      :   *  :           |  0.0037874247
  64  5/2007 |           :      :   *  |      :      :           | -0.0011329133
  65  6/2007 |           :      :   *  |      :      :           | -0.0008739743
  66  7/2007 |           :      :      |   *  :      :           |  0.0015049477
  67  8/2007 |           :      :  *   |      :      :           | -0.0012621877
  68  9/2007 |           :      :      |     *:      :           |  0.0022062309
  69 10/2007 |           :      :      |     *:      :           |  0.0020130010
  70 11/2007>|           :      :      |      :      :      *    |> 0.0073459734
  71 12/2007 +           :      :     *|      :      :           + -0.0002339922
  72  1/2008 |           :      :      |*     :      :           |  0.0004014545
  73  2/2008 |           :      :     *|      :      :           | -0.0002723551
  74  3/2008 |           :      :      |     *:      :           |  0.0020103691
  75  4/2008 |           :    * :      |      :      :           | -0.0032269796
  76  5/2008 |           :      :      |      :    * :           |  0.0039903020
  77  6/2008 |           :      :      |    * :      :           |  0.0015984846
  78  7/2008 |           :      :      |    * :      :           |  0.0017673841
  79  8/2008 |           :   *  :      |      :      :           | -0.0034873057
  80  9/2008 |           :      :    * |      :      :           | -0.0005944590
  81 10/2008 |           :      :*     |      :      :           | -0.0019283868
  82 11/2008 |           :      :*     |      :      :           | -0.0021102973
  83 12/2008 +           :      :  *   |      :      :           + -0.0015052787
  84  1/2009 |           :      :      | *    :      :           |  0.0007762357
  85  2/2009 |           :      :      | *    :      :           |  0.0008544564
  86  3/2009>|       *   :      :      |      :      :           |>-0.0061179895
  87  4/2009 |           :      :      |*     :      :           |  0.0002308646
  88  5/2009 |           :      : *    |      :      :           | -0.0017515922
  89  6/2009 |           :      :      |    * :      :           |  0.0016700837
  90  7/2009 |           :    * :      |      :      :           | -0.0030398272
  91  8/2009 |           :      :      |      *      :           |  0.0022856340
  92  9/2009 |           :     *:      |      :      :           | -0.0028983350
  93 10/2009 |           :      :      |  *   :      :           |  0.0009812834
  94 11/2009 |           :      :      *      :      :           |  0.0000912545
  95 12/2009 +           :      :      |      : *    :           +  0.0031792397
  96  1/2010 |           :      : *    |      :      :           | -0.0017198238
  97  2/2010 |           :      :   *  |      :      :           | -0.0009751609
  98  3/2010 |           :      :      |    * :      :           |  0.0015827149
  99  4/2010 |           :      :  *   |      :      :           | -0.0014762502
 100  5/2010 |           :      :  *   |      :      :           | -0.0013146003
 101  6/2010 |           :      :  *   |      :      :           | -0.0013676351
 102  7/2010 |           :      : *    |      :      :           | -0.0015935891
 103  8/2010 |           :      :      |   *  :      :           |  0.0012750538
 104  9/2010 |           :      :     *|      :      :           | -0.0002564255
 105 10/2010 |           :      :      |  *   :      :           |  0.0010685801
 106 11/2010 |           :      :      |      :    * :           |  0.0042581206
 107 12/2010 +           :      :      *      :      :           +  0.0001097641
 108  1/2011 |           :      :      |     *:      :           |  0.0019576193
 109  2/2011 |           :      :      |     *:      :           |  0.0020731663
 110  3/2011 |           :      :      |   *  :      :           |  0.0013992403
 111  4/2011 |           :      :    * |      :      :           | -0.0006368783
 112  5/2011 |           :     *:      |      :      :           | -0.0027344844
 113  6/2011 |           :      :     *|      :      :           | -0.0002344606
 114  7/2011 |           :      :    * |      :      :           | -0.0007809257
 115  8/2011 |           :      :      | *    :      :           |  0.0008133762
 116  9/2011 |           :      :      |      *      :           |  0.0024398052
 117 10/2011 |           :      :     *|      :      :           | -0.0004515153
 118 11/2011 |           :      :      |      :*     :           |  0.0027820148
 119 12/2011 +           :      *      |      :      :           + -0.0022723324
 120  1/2012 |           :      :      |    * :      :           |  0.0017456377
 121  2/2012 |           :      :      |      :*     :           |  0.0028883588
 122  3/2012 |           :      :      |     *:      :           |  0.0020954073
 123  4/2012 |           :  *   :      |      :      :           | -0.0038941594
 124  5/2012 |           :     *:      |      :      :           | -0.0026287139
 125  6/2012 |           :      :  *   |      :      :           | -0.0014412473
 126  7/2012 |           :      :      |   *  :      :           |  0.0013272524
 127  8/2012 |           :      :      |      : *    :           |  0.0031006880
 128  9/2012 |           :      :      |   *  :      :           |  0.0012821924
 129 10/2012 |           :      :      *      :      :           | -0.0000578315
 130 11/2012 |           :      :      |      :   *  :           |  0.0038964161
 131 12/2012 +           :      : *    |      :      :           + -0.0016971509
 132  1/2013 |           :      :  *   |      :      :           | -0.0014740520
 133  2/2013 |           :      :      |     *:      :           |  0.0020083769
 134  3/2013 |           :      :      |*     :      :           |  0.0004680338
 135  4/2013>|         * :      :      |      :      :           |>-0.0055260872
 136  5/2013 |           :      :      |      :*     :           |  0.0026641330
 137  6/2013 |           :      :      *      :      :           | -0.0001473763
 138  7/2013 |           :      :      | *    :      :           |  0.0008000473
 139  8/2013 |           :      :     *|      :      :           | -0.0001924073
 140  9/2013 |           :      :      *      :      :           |  0.0000075079
 141 10/2013 |           :      :*     |      :      :           | -0.0019667136
 142 11/2013 |           :      :      |      :    * :           |  0.0039821824
 143 12/2013 +           :      :    * |      :      :           + -0.0007232378
 144  1/2014 |           :      :  *   |      :      :           | -0.0013689730
 145  2/2014 |           :      :      *      :      :           | -0.0001119053
 146  3/2014 |           :      :   *  |      :      :           | -0.0008700530
 147  4/2014 |           :      *      |      :      :           | -0.0023623754
 148  5/2014 |           :    * :      |      :      :           | -0.0032561138
 149  6/2014 |           :      :      |     *:      :           |  0.0020586126
 150  7/2014 |           :      :     *|      :      :           | -0.0004442658
 151  8/2014 |           :      :      | *    :      :           |  0.0006036334
 152  9/2014 |           :      :     *|      :      :           | -0.0002246750
 153 10/2014 |           :    * :      |      :      :           | -0.0030216464
 154 11/2014 |           :      :      |      *      :           |  0.0023025070
 155 12/2014 +           :*     :      |      :      :           + -0.0045670195
 156  1/2015>|       *   :      :      |      :      :           |>-0.0060945175
 157  2/2015 |           :      :      |      :  *   :           |  0.0034169419
 158  3/2015 |           :      :      |    * :      :           |  0.0017416728
 159  4/2015 |           :      :      |      : *    :           |  0.0032562542
 160  5/2015 |           :      :      | *    :      :           |  0.0005387693
 161  6/2015 |           :      :*     |      :      :           | -0.0020498033
 162  7/2015 |           :      :    * |      :      :           | -0.0005191255
 163  8/2015 |           :      :      |*     :      :           |  0.0003725695
 164  9/2015 |           :      :*     |      :      :           | -0.0020456694
 165 10/2015 |           :      :     *|      :      :           | -0.0003448994
 166 11/2015>|          *:      :      |      :      :           |>-0.0050011599
 167 12/2015 +           :*     :      |      :      :           + -0.0045960526
 168  1/2016 |           :      : *    |      :      :           | -0.0018149588
 169  2/2016 |           :      :    * |      :      :           | -0.0005432942
 170  3/2016 |           :      :      |      :  *   :           |  0.0034302660
 171  4/2016 |           :      :    * |      :      :           | -0.0005615415
 172  5/2016 |           :      :      |      :  *   :           |  0.0033122399
 173  6/2016 |           :      :   *  |      :      :           | -0.0009976087
 174  7/2016 |           :      :      | *    :      :           |  0.0007925903
 175  8/2016 |           :      :    * |      :      :           | -0.0007549192
 176  9/2016 |           :      :      *      :      :           | -0.0000336211
 177 10/2016 |           :      :      |     *:      :           |  0.0020944152
 178 11/2016>|           *      :      |      :      :           |>-0.0049380537
 179 12/2016 +           :      :      |      *      :           +  0.0025351297
 180  1/2017 |           :      :   *  |      :      :           | -0.0010248901
 181  2/2017 |           :      :      |    * :      :           |  0.0018473707
 182  3/2017 |           :      :    * |      :      :           | -0.0007572553
 183  4/2017 |           :      :      |     *:      :           |  0.0021611268
 184  5/2017 |           :      : *    |      :      :           | -0.0017572113
 185  6/2017 |           :      :      |   *  :      :           |  0.0012776198
 186  7/2017 |           :      :      |  *   :      :           |  0.0010849522
 187  8/2017 |           :      :      | *    :      :           |  0.0005729937
 188  9/2017 |           :      :      | *    :      :           |  0.0007025458
 189 10/2017 |           :      *      |      :      :           | -0.0022649062
 190 11/2017 |           :      :*     |      :      :           | -0.0020120307
 191 12/2017 +           :      :      | *    :      :           +  0.0005634533
 192  1/2018 |           :      :  *   |      :      :           | -0.0014536080
 193  2/2018 |           :      : *    |      :      :           | -0.0017263490
 194  3/2018 |           :      :      |      :*     :           |  0.0026751404
 195  4/2018 |           :      :      | *    :      :           |  0.0007594392
 196  5/2018>|           :      :      |      :      :*          |> 0.0052274556
 197  6/2018 |           :      :   *  |      :      :           | -0.0010613617
 198  7/2018 |           :      :      |  *   :      :           |  0.0008756170
 199  8/2018 |           :      :      | *    :      :           |  0.0007401843
 200  9/2018 |           :      :      |   *  :      :           |  0.0013591343
 201 10/2018 |           :      :      |    * :      :           |  0.0016037183
 202 11/2018>|           *      :      |      :      :           |>-0.0048916733
 203 12/2018 +           :*     :      |      :      :           + -0.0043994818
 204  1/2019 |           :    * :      |      :      :           | -0.0030354241
 205  2/2019 |           :      :      *      :      :           | -0.0000619379
 206  3/2019 |           :      :      |  *   :      :           |  0.0009430393
 207  4/2019>|           :      :      |      :      :          *|> 0.0085851160
 208  5/2019 |           :      :      *      :      :           | -0.0001392716
 209  6/2019 |           :      :      |*     :      :           |  0.0003057070
 210  7/2019 |           :      :      |    * :      :           |  0.0016762511
 211  8/2019 |           :     *:      |      :      :           | -0.0028756679
 212  9/2019 |           :      :     *|      :      :           | -0.0004404749
 213 10/2019 |           :      :      |  *   :      :           |  0.0009183751
 214 11/2019>|         * :      :      |      :      :           |>-0.0055252124
 215 12/2019 +           :      :      |*     :      :           +  0.0004301659
-------------+----+------+------+------+------+------+------+----+--------------
                 -3     -2     -1      0     +1     +2     +3     

                 +------------------------------------------+
                 |       Table of standardized values       |
                 |       greater than or equal to 2.0       |
                 +------------------------------------------+
                 |                                          |
                 | Observation    Date   Standardized value |
                 |                                          |
                 |      1        2/2002        -2.09        |
                 |     12        1/2003         2.23        |
                 |     24        1/2004         2.21        |
                 |     35       12/2004         2.01        |
                 |     70       11/2007         3.05        |
                 |     86        3/2009        -2.54        |
                 |    135        4/2013        -2.30        |
                 |    156        1/2015        -2.53        |
                 |    166       11/2015        -2.08        |
                 |    178       11/2016        -2.05        |
                 |    196        5/2018         2.17        |
                 |    202       11/2018        -2.03        |
                 |    207        4/2019         3.57        |
                 |    214       11/2019        -2.30        |
                 +------------------------------------------+

Standardized time series histogram:

       -4      -3      -2      -1       0      +1      +2      +3      +4
        +---+---+---+---+---+---+---+---+---+---+---+---+---+---+---+---+
        |                             44                                |
        |                            ....                                |
        |                         37 ....38 37                           |
        |                        ................                        |
        |                        ................                        |
        |                        ................                        |
        |                        ................                        |
        |                        ................                        |
        |                        ................                        |
        |                        ................ 17                     |
        |                     16 ....................                    |
        |                    ........................                    |
        |                    ........................                    |
        |              6     ........................ 7                  |
        |            ....  5 ............................ 4              |
        |          2 ........................................     1  1   |
        |        ............................................    ........|
        +---+---+---+---+---+---+---+---+---+---+---+---+---+---+---+---+
       -4      -3      -2      -1       0      +1      +2      +3      +4

              59 values outside (-1,+1): 27.44 % (31.74 % expected)
              14 values outside (-2,+2):  6.51 % ( 4.56 % expected)

Autocorrelation function (acf bands =  0.136):

            -1                         0                         1  L-B Q  DF
-------------+-------------------------+-------------------------+--------------
   1   0.009 |                      :  |  :                      | 
   2   0.013 |                      :  |  :                      | 
   3  -0.074 |                      :**|  :                      | 
   4  -0.061 |                      :**|  :                      | 
   5  -0.139 |                      ***|  :                      | 
   6   0.005 |                      :  |  :                      | 
   7  -0.027 |                      : *|  :                      | 
   8  -0.048 |                      : *|  :                      | 
   9  -0.003 |                      :  |  :                      | 
  10  -0.010 |                      :  |  :                      | 
  11   0.191 |                      :  |*****                    | 
  12   0.125 +                      :  |+++                      +  18.98  12
  13   0.073 |                      :  |**:                      | 
  14  -0.060 |                      :**|  :                      | 
  15   0.035 |                      :  |* :                      | 
  16  -0.051 |                      : *|  :                      | 
  17  -0.040 |                      : *|  :                      | 
  18  -0.069 |                      :**|  :                      | 
  19  -0.047 |                      : *|  :                      | 
  20  -0.070 |                      :**|  :                      | 
  21   0.038 |                      :  |* :                      | 
  22   0.006 |                      :  |  :                      | 
  23   0.012 |                      :  |  :                      | 
  24   0.083 +                      :  |++:                      +  27.28  24
  25   0.056 |                      :  |* :                      | 
  26  -0.079 |                      :**|  :                      | 
  27  -0.017 |                      :  |  :                      | 
  28  -0.071 |                      :**|  :                      | 
  29  -0.067 |                      :**|  :                      | 
  30  -0.031 |                      : *|  :                      | 
  31  -0.007 |                      :  |  :                      | 
  32  -0.019 |                      :  |  :                      | 
  33  -0.003 |                      :  |  :                      | 
  34  -0.066 |                      :**|  :                      | 
  35   0.013 |                      :  |  :                      | 
  36   0.180 +                      :  |++++                     +  41.92  36
  37   0.068 |                      :  |**:                      | 
  38  -0.039 |                      : *|  :                      | 
  39  -0.040 |                      : *|  :                      | 
  40  -0.107 |                      ***|  :                      | 
  41  -0.062 |                      :**|  :                      | 
  42  -0.003 |                      :  |  :                      |  48.05  42
-------------+-------------------------+-------------------------+--------------
            -1                         0                         1  L-B Q  DF

Partial autocorrelation function (pacf bands =  0.136):

            -1                         0                         1
-------------+-------------------------+-------------------------+--------------
   1   0.009 |                      :  |  :                      | 
   2   0.012 |                      :  |  :                      | 
   3  -0.075 |                      :**|  :                      | 
   4  -0.060 |                      :**|  :                      | 
   5  -0.138 |                      ***|  :                      | 
   6   0.001 |                      :  |  :                      | 
   7  -0.035 |                      : *|  :                      | 
   8  -0.074 |                      :**|  :                      | 
   9  -0.021 |                      : *|  :                      | 
  10  -0.035 |                      : *|  :                      | 
  11   0.184 |                      :  |*****                    | 
  12   0.116 +                      :  |+++                      + 
  13   0.059 |                      :  |* :                      | 
  14  -0.039 |                      : *|  :                      | 
  15   0.071 |                      :  |**:                      | 
  16   0.027 |                      :  |* :                      | 
  17  -0.012 |                      :  |  :                      | 
  18  -0.055 |                      : *|  :                      | 
  19  -0.045 |                      : *|  :                      | 
  20  -0.051 |                      : *|  :                      | 
  21   0.034 |                      :  |* :                      | 
  22  -0.051 |                      : *|  :                      | 
  23  -0.066 |                      :**|  :                      | 
  24   0.030 +                      :  |+ :                      + 
  25   0.055 |                      :  |* :                      | 
  26  -0.095 |                      :**|  :                      | 
  27  -0.034 |                      : *|  :                      | 
  28  -0.073 |                      :**|  :                      | 
  29  -0.023 |                      : *|  :                      | 
  30  -0.007 |                      :  |  :                      | 
  31  -0.009 |                      :  |  :                      | 
  32  -0.036 |                      : *|  :                      | 
  33  -0.020 |                      :  |  :                      | 
  34  -0.080 |                      :**|  :                      | 
  35  -0.005 |                      :  |  :                      | 
  36   0.140 +                      :  |++++                     + 
  37   0.070 |                      :  |**:                      | 
  38  -0.034 |                      : *|  :                      | 
  39  -0.007 |                      :  |  :                      | 
  40  -0.069 |                      :**|  :                      | 
  41   0.015 |                      :  |  :                      | 
  42   0.001 |                      :  |  :                      | 
-------------+-------------------------+-------------------------+--------------
            -1                         0                         1


--- Residual series a[3] (y3) ---
Unconditional residuals (seasonal period: 12)
215 observations: from 2/2002 to 12/2019

                  Mean:          -0.000003
Standard error of mean:           0.000125
              Variance:           0.000003
    Standard deviation:           0.001828
              Skewness:           0.024368
              Kurtosis:          -0.050139
               Minimum:          -0.004773 at  1/2016 (observation 168)
               Maximum:           0.004559 at  5/2008 (observation  76)

Standardized time series plot (original values on right-side column):

                   -2       -1         0        +1       +2       
-------------+------+--------+---------+---------+--------+------+--------------
   1  2/2002 |      :    *   :         |         :        :      | -0.0027584036
   2  3/2002 |      :      * :         |         :        :      | -0.0022767601
   3  4/2002 |      :        :         |   *     :        :      |  0.0007862114
   4  5/2002 |      :        :         *         :        :      | -0.0000921540
   5  6/2002 |      :        :  *      |         :        :      | -0.0013737899
   6  7/2002 |      :        :         |         :        *      |  0.0036386222
   7  8/2002 |      :        :   *     |         :        :      | -0.0011622353
   8  9/2002 |      :        :         |         :   *    :      |  0.0025964660
   9 10/2002 |      :        :         |    *    :        :      |  0.0010201402
  10 11/2002 |      :        :         | *       :        :      |  0.0004019369
  11 12/2002 +      :        :       * |         :        :      + -0.0003800286
  12  1/2003>|      :        :         |         :        :   *  |> 0.0043919616
  13  2/2003 |      :        :         |         *        :      |  0.0019063257
  14  3/2003 |      :       *:         |         :        :      | -0.0021307188
  15  4/2003 |      *        :         |         :        :      | -0.0035386903
  16  5/2003 |      :     *  :         |         :        :      | -0.0024342743
  17  6/2003 |      :        :         |        *:        :      |  0.0017672327
  18  7/2003 |      :        :         |         :*       :      |  0.0020604633
  19  8/2003 |      :        :  *      |         :        :      | -0.0012799709
  20  9/2003>|      :        :         |         :        : *    |> 0.0039324714
  21 10/2003 |      :        :         |         : *      :      |  0.0023252590
  22 11/2003 |      :        :         |         : *      :      |  0.0022006197
  23 12/2003 +      :        :  *      |         :        :      + -0.0013087276
  24  1/2004 |      :        :         |         :     *  :      |  0.0031095426
  25  2/2004 |      :        :      *  |         :        :      | -0.0005305476
  26  3/2004 |      :        :*        |         :        :      | -0.0017585103
  27  4/2004 |      :        :       * |         :        :      | -0.0003084296
  28  5/2004 |      :        :         |     *   :        :      |  0.0012173146
  29  6/2004 |      :        :     *   |         :        :      | -0.0008230226
  30  7/2004 |      :        :         |       * :        :      |  0.0015907760
  31  8/2004 |      :        :  *      |         :        :      | -0.0012671501
  32  9/2004 |      :        :         |   *     :        :      |  0.0008376914
  33 10/2004 |      :        :         |         :   *    :      |  0.0027500889
  34 11/2004 |      :        :         | *       :        :      |  0.0004462198
  35 12/2004 +      :        :  *      |         :        :      + -0.0012716013
  36  1/2005 |      :      * :         |         :        :      | -0.0022858068
  37  2/2005 |      :        :         |        *:        :      |  0.0017612895
  38  3/2005 |      :        :         |*        :        :      |  0.0001625248
  39  4/2005 |      :        :     *   |         :        :      | -0.0007128452
  40  5/2005 |      :        :   *     |         :        :      | -0.0012133924
  41  6/2005 |      :        :         |*        :        :      |  0.0001463563
  42  7/2005 |      :        :         |     *   :        :      |  0.0012334543
  43  8/2005 |      :        :        *|         :        :      | -0.0001202804
  44  9/2005>|      :        :         |         :        :  *   |> 0.0042846631
  45 10/2005 |      :        :    *    |         :        :      | -0.0010025538
  46 11/2005 |      :      * :         |         :        :      | -0.0022385246
  47 12/2005 +      :        :   *     |         :        :      + -0.0011641426
  48  1/2006 |      :        :         |        *:        :      |  0.0016779943
  49  2/2006 |      :        :    *    |         :        :      | -0.0009766533
  50  3/2006 |      : *      :         |         :        :      | -0.0033065380
  51  4/2006 |      :        :         |        *:        :      |  0.0017752858
  52  5/2006 |      :        :         |         *        :      |  0.0018139138
  53  6/2006 |      :        :        *|         :        :      | -0.0001030410
  54  7/2006 |      :        :         |   *     :        :      |  0.0007911110
  55  8/2006 |      :        :      *  |         :        :      | -0.0005990763
  56  9/2006 |      :        :    *    |         :        :      | -0.0009724986
  57 10/2006 |      :        *         |         :        :      | -0.0019471980
  58 11/2006 |      :        :         |      *  :        :      |  0.0013571819
  59 12/2006 +      :        :        *|         :        :      + -0.0001362674
  60  1/2007 |      :        :      *  |         :        :      | -0.0005511066
  61  2/2007 |      : *      :         |         :        :      | -0.0033312231
  62  3/2007 |      :       *:         |         :        :      | -0.0021917822
  63  4/2007 |      :        :         |         : *      :      |  0.0022654078
  64  5/2007 |      :        :         *         :        :      |  0.0000878000
  65  6/2007 |      :        :         |    *    :        :      |  0.0009009438
  66  7/2007 |      :        :         | *       :        :      |  0.0003185029
  67  8/2007 |      :        :         *         :        :      |  0.0000783198
  68  9/2007 |      :        :         |         :   *    :      |  0.0027394224
  69 10/2007 |      :        :         |       * :        :      |  0.0014309982
  70 11/2007>|      :        :         |         :        :   *  |> 0.0044801854
  71 12/2007 +      :        :         | *       :        :      +  0.0003535953
  72  1/2008 |      :        :         |         : *      :      |  0.0021935676
  73  2/2008 |      :        *         |         :        :      | -0.0019939345
  74  3/2008 |      :        :         |    *    :        :      |  0.0008681605
  75  4/2008 |      :        :         |   *     :        :      |  0.0006812981
  76  5/2008>|      :        :         |         :        :    * |> 0.0045586245
  77  6/2008 |      :        :         |        *:        :      |  0.0017973121
  78  7/2008 |      :        :         *         :        :      |  0.0000907213
  79  8/2008>|*     :        :         |         :        :      |>-0.0047631224
  80  9/2008 |      :        :         |     *   :        :      |  0.0011505607
  81 10/2008 |      :        :     *   |         :        :      | -0.0007186108
  82 11/2008 |      *        :         |         :        :      | -0.0035677595
  83 12/2008>+    * :        :         |         :        :      +>-0.0040590408
  84  1/2009 |      :        :         *         :        :      |  0.0000360095
  85  2/2009 |      :        :         |  *      :        :      |  0.0005700731
  86  3/2009>|   *  :        :         |         :        :      |>-0.0042022043
  87  4/2009 |      :        :         |  *      :        :      |  0.0006392820
  88  5/2009 |      :        :       * |         :        :      | -0.0003822077
  89  6/2009 |      :        :         |       * :        :      |  0.0015484381
  90  7/2009 |      :   *    :         |         :        :      | -0.0028290744
  91  8/2009 |      :        :         |         *        :      |  0.0019616302
  92  9/2009 |      :        *         |         :        :      | -0.0018760547
  93 10/2009 |      :        :         |       * :        :      |  0.0014559421
  94 11/2009 |      :        :         |      *  :        :      |  0.0013425439
  95 12/2009 +      :        :         *         :        :      + -0.0000428726
  96  1/2010 |      :        :         |     *   :        :      |  0.0010920214
  97  2/2010 |      :        :         |         :    *   :      |  0.0028387165
  98  3/2010 |      :        :         *         :        :      | -0.0000663312
  99  4/2010 |      :        :       * |         :        :      | -0.0004623397
 100  5/2010 |      :        :        *|         :        :      | -0.0001858440
 101  6/2010 |      :        :     *   |         :        :      | -0.0008341663
 102  7/2010 |      :        :       * |         :        :      | -0.0002944759
 103  8/2010 |      :        :*        |         :        :      | -0.0017664097
 104  9/2010 |      :        :       * |         :        :      | -0.0003973694
 105 10/2010 |      :        :         |    *    :        :      |  0.0010214615
 106 11/2010 |      :        :         |   *     :        :      |  0.0007337250
 107 12/2010 +      :        :         |     *   :        :      +  0.0010524432
 108  1/2011 |      :        :         | *       :        :      |  0.0004349767
 109  2/2011 |      :        :         |  *      :        :      |  0.0005512576
 110  3/2011 |      :        :         |         :*       :      |  0.0021643740
 111  4/2011 |      :        :         |      *  :        :      |  0.0013817287
 112  5/2011 |      :        :  *      |         :        :      | -0.0013493592
 113  6/2011 |      :        :         |   *     :        :      |  0.0008076639
 114  7/2011 |      :        :   *     |         :        :      | -0.0011541568
 115  8/2011 |      :        :         |   *     :        :      |  0.0008280887
 116  9/2011 |      :        :         |   *     :        :      |  0.0007040327
 117 10/2011 |      :        :         |     *   :        :      |  0.0010815368
 118 11/2011 |      :        :         |         :      * :      |  0.0032187532
 119 12/2011 +      :        :         |       * :        :      +  0.0014281481
 120  1/2012 |      :        :         |  *      :        :      |  0.0006397984
 121  2/2012 |      :        :         |  *      :        :      |  0.0005695880
 122  3/2012 |      :        :         |         :*       :      |  0.0021289643
 123  4/2012 |      :        :      *  |         :        :      | -0.0005874829
 124  5/2012 |      :   *    :         |         :        :      | -0.0027826733
 125  6/2012 |      :        :         |*        :        :      |  0.0002071738
 126  7/2012 |      :        :     *   |         :        :      | -0.0008030860
 127  8/2012 |      :        :         |     *   :        :      |  0.0011239868
 128  9/2012 |      :        *         |         :        :      | -0.0020010171
 129 10/2012 |      :        : *       |         :        :      | -0.0014951895
 130 11/2012 |      :        :  *      |         :        :      | -0.0013888244
 131 12/2012 +      :        :         |    *    :        :      +  0.0008658304
 132  1/2013 |      :        :    *    |         :        :      | -0.0010339170
 133  2/2013 |      :        :         *         :        :      | -0.0000082222
 134  3/2013 |      :        :         |    *    :        :      |  0.0010455532
 135  4/2013 |      :     *  :         |         :        :      | -0.0024657466
 136  5/2013 |      :        :         | *       :        :      |  0.0004049725
 137  6/2013 |      :        :         *         :        :      | -0.0000632190
 138  7/2013 |      :        :        *|         :        :      | -0.0001038353
 139  8/2013 |      :        :         | *       :        :      |  0.0003900523
 140  9/2013 |      :        :  *      |         :        :      | -0.0012861298
 141 10/2013 |      :        : *       |         :        :      | -0.0015886329
 142 11/2013 |      :        :         |*        :        :      |  0.0002276640
 143 12/2013 +      :        :         | *       :        :      +  0.0003326709
 144  1/2014 |      :        :*        |         :        :      | -0.0017189632
 145  2/2014 |      :        :         |         :   *    :      |  0.0027266712
 146  3/2014 |      :        :       * |         :        :      | -0.0003956977
 147  4/2014 |      :        :*        |         :        :      | -0.0017762714
 148  5/2014 |      :        : *       |         :        :      | -0.0015517574
 149  6/2014 |      :        :      *  |         :        :      | -0.0005712884
 150  7/2014 |      :        :   *     |         :        :      | -0.0011435213
 151  8/2014 |      :        :         |        *:        :      |  0.0016733652
 152  9/2014 |      :    *   :         |         :        :      | -0.0027490877
 153 10/2014 |      :        :   *     |         :        :      | -0.0011940274
 154 11/2014 |      :        :      *  |         :        :      | -0.0005956048
 155 12/2014 +      :        : *       |         :        :      + -0.0016159268
 156  1/2015>| *    :        :         |         :        :      |>-0.0045028110
 157  2/2015>|      :        :         |         :        : *    |> 0.0040301818
 158  3/2015 |      :        :         |  *      :        :      |  0.0005530481
 159  4/2015 |      :        :    *    |         :        :      | -0.0009949870
 160  5/2015 |      :        :         *         :        :      |  0.0000644930
 161  6/2015 |      :        *         |         :        :      | -0.0019809889
 162  7/2015 |      :       *:         |         :        :      | -0.0020549360
 163  8/2015 |      :        :         |*        :        :      |  0.0001007856
 164  9/2015 |      :        *         |         :        :      | -0.0018183384
 165 10/2015 |      :        :         |  *      :        :      |  0.0004876637
 166 11/2015 |      :        :*        |         :        :      | -0.0017895244
 167 12/2015 +      :        :         *         :        :      + -0.0000567960
 168  1/2016>|*     :        :         |         :        :      |>-0.0047727513
 169  2/2016 |      :        :         | *       :        :      |  0.0002952276
 170  3/2016 |      :        :         |         :*       :      |  0.0021091025
 171  4/2016 |      :        :*        |         :        :      | -0.0018082501
 172  5/2016 |      :        :         |         :     *  :      |  0.0029951922
 173  6/2016 |      :        :       * |         :        :      | -0.0003307212
 174  7/2016 |      :        :*        |         :        :      | -0.0017641475
 175  8/2016 |      :        :      *  |         :        :      | -0.0005533853
 176  9/2016 |      :        :   *     |         :        :      | -0.0010944285
 177 10/2016 |      :        :      *  |         :        :      | -0.0005413604
 178 11/2016 |      :        :*        |         :        :      | -0.0016805106
 179 12/2016 +      :        :         |      *  :        :      +  0.0013082123
 180  1/2017 |      :        :     *   |         :        :      | -0.0008320216
 181  2/2017 |      :      * :         |         :        :      | -0.0023816775
 182  3/2017 |      :        :         |   *     :        :      |  0.0008539790
 183  4/2017 |      :        :         |    *    :        :      |  0.0009057070
 184  5/2017 |      :       *:         |         :        :      | -0.0020412002
 185  6/2017 |      :        :         |*        :        :      |  0.0000963755
 186  7/2017 |      :        :  *      |         :        :      | -0.0012642000
 187  8/2017 |      :        :         |      *  :        :      |  0.0014004242
 188  9/2017 |      :        :       * |         :        :      | -0.0003364928
 189 10/2017 |      :        :        *|         :        :      | -0.0001780950
 190 11/2017 |      :        :         |    *    :        :      |  0.0009066242
 191 12/2017 +      :        :         |   *     :        :      +  0.0008234308
 192  1/2018 |      :        :         |         :  *     :      |  0.0024279111
 193  2/2018 |      :      * :         |         :        :      | -0.0022651827
 194  3/2018 |      :        :         |         :       *:      |  0.0034448089
 195  4/2018 |      :        :         |       * :        :      |  0.0015592596
 196  5/2018 |      :        :         |         :   *    :      |  0.0027406239
 197  6/2018 |      :   *    :         |         :        :      | -0.0028179660
 198  7/2018 |      :        :         |      *  :        :      |  0.0014208007
 199  8/2018 |      :        :         |         *        :      |  0.0018365924
 200  9/2018 |      :        :    *    |         :        :      | -0.0008878114
 201 10/2018 |      :        :      *  |         :        :      | -0.0005937616
 202 11/2018 |      :   *    :         |         :        :      | -0.0028256336
 203 12/2018 +      :        :     *   |         :        :      + -0.0008004039
 204  1/2019 |      :        :         |*        :        :      |  0.0000942873
 205  2/2019 |      :        :*        |         :        :      | -0.0017223317
 206  3/2019 |      :        :         |     *   :        :      |  0.0011554207
 207  4/2019 |      :        :         |         : *      :      |  0.0023229467
 208  5/2019 |      :        *         |         :        :      | -0.0018880218
 209  6/2019 |      :        :         |        *:        :      |  0.0017956972
 210  7/2019 |      :        :         |      *  :        :      |  0.0012861895
 211  8/2019 |      :        :         |    *    :        :      |  0.0009701332
 212  9/2019 |      :        :   *     |         :        :      | -0.0012280118
 213 10/2019 |      :        : *       |         :        :      | -0.0015869890
 214 11/2019 |      :        :      *  |         :        :      | -0.0005545765
 215 12/2019 +      :        :         |         :       *:      +  0.0035054191
-------------+------+--------+---------+---------+--------+------+--------------
                   -2       -1         0        +1       +2       

                 +------------------------------------------+
                 |       Table of standardized values       |
                 |       greater than or equal to 2.0       |
                 +------------------------------------------+
                 |                                          |
                 | Observation    Date   Standardized value |
                 |                                          |
                 |     12        1/2003         2.40        |
                 |     20        9/2003         2.15        |
                 |     44        9/2005         2.35        |
                 |     70       11/2007         2.45        |
                 |     76        5/2008         2.50        |
                 |     79        8/2008        -2.60        |
                 |     83       12/2008        -2.22        |
                 |     86        3/2009        -2.30        |
                 |    156        1/2015        -2.46        |
                 |    157        2/2015         2.21        |
                 |    168        1/2016        -2.61        |
                 +------------------------------------------+

Standardized time series histogram:

       -4      -3      -2      -1       0      +1      +2      +3      +4
        +---+---+---+---+---+---+---+---+---+---+---+---+---+---+---+---+
        |                                 43                            |
        |                             39 ....                            |
        |                         37 ........                            |
        |                        ............ 33                         |
        |                        ................                        |
        |                        ................                        |
        |                        ................                        |
        |                        ................                        |
        |                        ................                        |
        |                     17 ................                        |
        |                    .................... 15                     |
        |                    ........................                    |
        |                 10 ........................10                  |
        |                ................................  6             |
        |              3 ....................................            |
        |          2 ........................................            |
        |        ............................................            |
        +---+---+---+---+---+---+---+---+---+---+---+---+---+---+---+---+
       -4      -3      -2      -1       0      +1      +2      +3      +4

              63 values outside (-1,+1): 29.30 % (31.74 % expected)
              11 values outside (-2,+2):  5.12 % ( 4.56 % expected)

Autocorrelation function (acf bands =  0.136):

            -1                         0                         1  L-B Q  DF
-------------+-------------------------+-------------------------+--------------
   1  -0.002 |                      :  |  :                      | 
   2   0.009 |                      :  |  :                      | 
   3   0.011 |                      :  |  :                      | 
   4   0.138 |                      :  |***                      | 
   5  -0.039 |                      : *|  :                      | 
   6  -0.016 |                      :  |  :                      | 
   7  -0.022 |                      : *|  :                      | 
   8  -0.017 |                      :  |  :                      | 
   9   0.012 |                      :  |  :                      | 
  10  -0.073 |                      :**|  :                      | 
  11  -0.019 |                      :  |  :                      | 
  12   0.152 +                      :  |++++                     +  11.46  12
  13  -0.022 |                      : *|  :                      | 
  14  -0.082 |                      :**|  :                      | 
  15   0.017 |                      :  |  :                      | 
  16  -0.027 |                      : *|  :                      | 
  17  -0.032 |                      : *|  :                      | 
  18  -0.074 |                      :**|  :                      | 
  19  -0.029 |                      : *|  :                      | 
  20   0.054 |                      :  |* :                      | 
  21   0.114 |                      :  |***                      | 
  22   0.056 |                      :  |* :                      | 
  23  -0.087 |                      :**|  :                      | 
  24   0.138 +                      :  |+++                      +  26.19  24
  25   0.036 |                      :  |* :                      | 
  26   0.049 |                      :  |* :                      | 
  27  -0.018 |                      :  |  :                      | 
  28  -0.056 |                      : *|  :                      | 
  29  -0.033 |                      : *|  :                      | 
  30  -0.048 |                      : *|  :                      | 
  31  -0.025 |                      : *|  :                      | 
  32  -0.009 |                      :  |  :                      | 
  33  -0.002 |                      :  |  :                      | 
  34   0.011 |                      :  |  :                      | 
  35  -0.063 |                      :**|  :                      | 
  36  -0.000 +                      :  |  :                      +  30.08  36
  37  -0.042 |                      : *|  :                      | 
  38  -0.002 |                      :  |  :                      | 
  39  -0.041 |                      : *|  :                      | 
  40  -0.008 |                      :  |  :                      | 
  41   0.004 |                      :  |  :                      | 
  42   0.008 |                      :  |  :                      |  31.03  42
-------------+-------------------------+-------------------------+--------------
            -1                         0                         1  L-B Q  DF

Partial autocorrelation function (pacf bands =  0.136):

            -1                         0                         1
-------------+-------------------------+-------------------------+--------------
   1  -0.002 |                      :  |  :                      | 
   2   0.009 |                      :  |  :                      | 
   3   0.011 |                      :  |  :                      | 
   4   0.138 |                      :  |***                      | 
   5  -0.039 |                      : *|  :                      | 
   6  -0.019 |                      :  |  :                      | 
   7  -0.025 |                      : *|  :                      | 
   8  -0.036 |                      : *|  :                      | 
   9   0.024 |                      :  |* :                      | 
  10  -0.070 |                      :**|  :                      | 
  11  -0.014 |                      :  |  :                      | 
  12   0.162 +                      :  |++++                     + 
  13  -0.031 |                      : *|  :                      | 
  14  -0.069 |                      :**|  :                      | 
  15   0.015 |                      :  |  :                      | 
  16  -0.076 |                      :**|  :                      | 
  17  -0.014 |                      :  |  :                      | 
  18  -0.058 |                      : *|  :                      | 
  19  -0.033 |                      : *|  :                      | 
  20   0.085 |                      :  |**:                      | 
  21   0.114 |                      :  |***                      | 
  22   0.094 |                      :  |**:                      | 
  23  -0.092 |                      :**|  :                      | 
  24   0.074 +                      :  |++:                      + 
  25   0.016 |                      :  |  :                      | 
  26   0.046 |                      :  |* :                      | 
  27  -0.002 |                      :  |  :                      | 
  28  -0.096 |                      :**|  :                      | 
  29  -0.022 |                      : *|  :                      | 
  30  -0.035 |                      : *|  :                      | 
  31  -0.002 |                      :  |  :                      | 
  32   0.007 |                      :  |  :                      | 
  33  -0.051 |                      : *|  :                      | 
  34   0.027 |                      :  |* :                      | 
  35  -0.022 |                      : *|  :                      | 
  36  -0.038 +                      : +|  :                      + 
  37  -0.049 |                      : *|  :                      | 
  38   0.002 |                      :  |  :                      | 
  39  -0.009 |                      :  |  :                      | 
  40   0.039 |                      :  |* :                      | 
  41   0.002 |                      :  |  :                      | 
  42   0.003 |                      :  |  :                      | 
-------------+-------------------------+-------------------------+--------------
            -1                         0                         1


--- Cross-correlation functions between residuals ---

CROSS CORRELATION a[2] (y2) - a[1] (y1)
      y2 --> y1 IF k > 0
      y1 --> y2 IF k < 0
CCF BANDS  2.0/SQRT(N) =  0.13640:

            -1                         0                         1
-------------+-------------------------+-------------------------+--------------
  -9  -0.013 |                      :  |  :                      |                            
  -8   0.037 |                      :  |* :                      |                            
  -7   0.010 |                      :  |  :                      |                            
  -6  -0.003 |                      :  |  :                      |                            
  -5   0.047 |                      :  |* :                      |                            
  -4   0.074 |                      :  |**:                      |                            
  -3  -0.038 |                      : *|  :                      |                            
  -2   0.035 |                      :  |* :                      |                            
  -1  -0.003 |                      :  |  :                      |                            
   0   0.506 |                      :  |*************            |                            
   1   0.009 |                      :  |  :                      |                            
   2   0.007 |                      :  |  :                      |                            
   3  -0.015 |                      :  |  :                      |                            
   4  -0.047 |                      : *|  :                      |                            
   5  -0.067 |                      :**|  :                      |                            
   6   0.083 |                      :  |**:                      |                            
   7   0.119 |                      :  |***                      |                            
   8  -0.023 |                      : *|  :                      |                            
   9   0.029 |                      :  |* :                      |                            
-------------+-------------------------+-------------------------+--------------
            -1                         0                         1
Q(10) = 62.196     k >= 0      Q( 9) =  6.554      k > 0
Q(10) = 58.271     k <= 0      Q( 9) =  2.629      k < 0

CROSS CORRELATION a[3] (y3) - a[1] (y1)
      y3 --> y1 IF k > 0
      y1 --> y3 IF k < 0
CCF BANDS  2.0/SQRT(N) =  0.13640:

            -1                         0                         1
-------------+-------------------------+-------------------------+--------------
  -9  -0.002 |                      :  |  :                      |                            
  -8   0.053 |                      :  |* :                      |                            
  -7  -0.072 |                      :**|  :                      |                            
  -6   0.134 |                      :  |***                      |                            
  -5   0.017 |                      :  |  :                      |                            
  -4   0.100 |                      :  |**:                      |                            
  -3   0.020 |                      :  |* :                      |                            
  -2  -0.002 |                      :  |  :                      |                            
  -1   0.007 |                      :  |  :                      |                            
   0   0.494 |                      :  |************             |                            
   1  -0.001 |                      :  |  :                      |                            
   2  -0.007 |                      :  |  :                      |                            
   3   0.012 |                      :  |  :                      |                            
   4   0.053 |                      :  |* :                      |                            
   5  -0.044 |                      : *|  :                      |                            
   6   0.200 |                      :  |*****                    |                            
   7   0.075 |                      :  |**:                      |                            
   8  -0.030 |                      : *|  :                      |                            
   9   0.084 |                      :  |**:                      |                            
-------------+-------------------------+-------------------------+--------------
            -1                         0                         1
Q(10) = 66.045     k >= 0      Q( 9) = 13.134      k > 0
Q(10) = 61.066     k <= 0      Q( 9) =  8.154      k < 0

CROSS CORRELATION a[3] (y3) - a[2] (y2)
      y3 --> y2 IF k > 0
      y2 --> y3 IF k < 0
CCF BANDS  2.0/SQRT(N) =  0.13640:

            -1                         0                         1
-------------+-------------------------+-------------------------+--------------
  -9   0.073 |                      :  |**:                      |                            
  -8   0.007 |                      :  |  :                      |                            
  -7  -0.011 |                      :  |  :                      |                            
  -6   0.024 |                      :  |* :                      |                            
  -5  -0.104 |                      ***|  :                      |                            
  -4   0.017 |                      :  |  :                      |                            
  -3  -0.075 |                      :**|  :                      |                            
  -2   0.002 |                      :  |  :                      |                            
  -1   0.017 |                      :  |  :                      |                            
   0   0.531 |                      :  |*************            |                            
   1  -0.004 |                      :  |  :                      |                            
   2   0.040 |                      :  |* :                      |                            
   3   0.025 |                      :  |* :                      |                            
   4   0.044 |                      :  |* :                      |                            
   5  -0.048 |                      : *|  :                      |                            
   6   0.029 |                      :  |* :                      |                            
   7   0.039 |                      :  |* :                      |                            
   8  -0.088 |                      :**|  :                      |                            
   9   0.012 |                      :  |  :                      |                            
-------------+-------------------------+-------------------------+--------------
            -1                         0                         1
Q(10) = 64.869     k >= 0      Q( 9) =  3.746      k > 0
Q(10) = 66.279     k <= 0      Q( 9) =  5.156      k < 0

=============================================================
