DRTRAN 1.0: Box-Jenkins transfer function models by exact ML
Copyright (C) 1995-2026 A.B. Treadway, J.A. Mauricio & D.E. Guerrero
Free software under the GNU GPL v2 or later; NO WARRANTY.

Model            : STAR
Series           : 3 (1 output + 2 input(s))
Output (Y)       : tests/data/SYNC_Y.pre
Input  (X1)      : tests/data/SYNC_M.pre
Input  (X2)      : tests/data/SYNC_X.pre
Frequency        : 12
Start            : 1 2000
Observations     : 399 (raw 400)

  series 1: Box-Cox 0.00, d=1 D=0, 0 deterministic(s)
  series 2: Box-Cox 0.00, d=1 D=0, 0 deterministic(s)
  series 3: Box-Cox 0.00, d=1 D=0, 0 deterministic(s)


Transfer function orders:
  input 1: b = 2, r = 0, s = 0
  input 2: b = 3, r = 0, s = 0

Structural parameters: 7   (free: 7)

Estimating transfer function model...

**** CONVERGENCE OBTAINED AFTER 14 ITERATIONS (of 500)
**** gradient stopping criterium satisfied

Log-likelihood = -1251.810916

=============================================================
  Estimated Parameters and Standard Deviations               
=============================================================

                        Parameter     Estimate    Std.Error   t-stat  p-val
--------------------------------------------------------------------
omega1[0]                0.463472     0.040548   11.430 0.0000 ***
omega2[0]                0.048914     0.033729    1.450 0.1470 
phi_1[B^1]               0.419912     0.045542    9.220 0.0000 ***
phi_2[B^1]               0.513616     0.042848   11.987 0.0000 ***
phi_3[B^1]               0.525570     0.042465   12.377 0.0000 ***
log(var2/var1)           1.484992     0.100135   14.830 0.0000 ***
log(var3/var1)           1.853530     0.100134   18.511 0.0000 ***
mu[1]                (fixed by .pre     0.000000)
mu[2]                (fixed by .pre     0.000000)
mu[3]                (fixed by .pre     0.000000)
--------------------------------------------------------------------
Signif. codes:  0 '***' 0.001 '**' 0.01 '*' 0.05 '.' 0.1 ' ' 1

sigma2 (concentrated) = 0.155700

Sigma = sigma2 * Q  (innovation covariance):
  Sigma[1,1] (noise)     =     0.155700
  Sigma[2,2] (input 1)   =     0.687404
  Sigma[3,3] (input 2)   =     0.993725




=============================================================
                RESIDUAL DIAGNOSTICS                         
=============================================================

--- Residual series a[1] ---
Unconditional residuals (seasonal period: 12)
399 observations: from 1/1 to 3/34

                  Mean:          -0.026020
Standard error of mean:           0.019708
              Variance:           0.154973
    Standard deviation:           0.393666
              Skewness:          -0.105466
              Kurtosis:           0.188713
               Minimum:          -1.354065 at  2/32 (observation 374)
               Maximum:           1.247137 at  1/19 (observation 217)

Standardized time series plot (original values on right-side column):

                -3     -2      -1      0     +1      +2     +3    
-------------+---+------+-------+------+------+-------+------+---+--------------
   1  1/   1 |          :       :      |     *:       :          |  0.3043000409
   2  2/   1>|     *    :       :      |      :       :          |>-1.0727009771
   3  3/   1 |          :       :      |      : *     :          |  0.4724771850
   4  4/   1 |          :       :      |*     :       :          |  0.0351824774
   5  5/   1 |          :       :   *  |      :       :          | -0.1992549128
   6  6/   1 |          :       *      |      :       :          | -0.3969856796
   7  7/   1 |          :       :      *      :       :          | -0.0406246265
   8  8/   1 |          :       :   *  |      :       :          | -0.1958602995
   9  9/   1 |          :       :      |      *       :          |  0.3650977541
  10 10/   1 |          :       :      *      :       :          | -0.0512444165
  11 11/   1 |          :       :     *|      :       :          | -0.0888403968
  12 12/   1 +          :     * :      |      :       :          + -0.4799029898
  13  1/   2 |          :       :      |      :*      :          |  0.3803046558
  14  2/   2 |          :      *:      |      :       :          | -0.4550326838
  15  3/   2 |          :       :      |      : *     :          |  0.4340469812
  16  4/   2 |          :       :      |      :   *   :          |  0.5373282606
  17  5/   2 |          :       :      |*     :       :          |  0.0338648146
  18  6/   2 |          :       :      *      :       :          | -0.0253827554
  19  7/   2 |          :       :      |     *:       :          |  0.3128126325
  20  8/   2 |          :       :    * |      :       :          | -0.1499253958
  21  9/   2 |          :       :      |*     :       :          |  0.0366917344
  22 10/   2 |          :       :     *|      :       :          | -0.1027426940
  23 11/   2 |          :       :      |*     :       :          |  0.0017661303
  24 12/   2 +          :       :*     |      :       :          + -0.3486464766
  25  1/   3 |          :      *:      |      :       :          | -0.4651997987
  26  2/   3 |          :       :    * |      :       :          | -0.1552048635
  27  3/   3 |          :       :      |      :   *   :          |  0.5770816017
  28  4/   3 |          :       :      |   *  :       :          |  0.1621029620
  29  5/   3 |          :       :      |  *   :       :          |  0.1504808216
  30  6/   3>|          :       :      |      :       *          |> 0.7743020703
  31  7/   3 |          :       :  *   |      :       :          | -0.2156980206
  32  8/   3 |          :       :  *   |      :       :          | -0.2581961331
  33  9/   3>|      *   :       :      |      :       :          |>-1.0232190922
  34 10/   3 |          :       :*     |      :       :          | -0.3282301459
  35 11/   3 |          :       *      |      :       :          | -0.4176536118
  36 12/   3 +          :       :      |     *:       :          +  0.2687488839
  37  1/   4 |          :       :*     |      :       :          | -0.3412778873
  38  2/   4 |          :       :      |      *       :          |  0.3651180197
  39  3/   4 |          :       :      | *    :       :          |  0.1009504045
  40  4/   4 |          :  *    :      |      :       :          | -0.6408006261
  41  5/   4 |          :       :     *|      :       :          | -0.0951094544
  42  6/   4 |          :       :  *   |      :       :          | -0.2213174044
  43  7/   4 |          :       :      | *    :       :          |  0.0642012339
  44  8/   4 |          :       :    * |      :       :          | -0.1143409974
  45  9/   4 |          :       :     *|      :       :          | -0.0795446284
  46 10/   4 |          :       : *    |      :       :          | -0.2659004089
  47 11/   4 |          :       :   *  |      :       :          | -0.1602150328
  48 12/   4 +          :       :      |    * :       :          +  0.2308543589
  49  1/   5 |          :       :      | *    :       :          |  0.0808757590
  50  2/   5 |          :       :      | *    :       :          |  0.0792081648
  51  3/   5 |          :       :      |      :      *:          |  0.7418731579
  52  4/   5 |          :       :      |      :      *:          |  0.7297966786
  53  5/   5 |          :       :      |     *:       :          |  0.3111994395
  54  6/   5 |          :       :*     |      :       :          | -0.3691978300
  55  7/   5 |          :       :*     |      :       :          | -0.3510409832
  56  8/   5 |          :       :      *      :       :          | -0.0277075008
  57  9/   5 |          :       : *    |      :       :          | -0.2712188398
  58 10/   5 |          :       :     *|      :       :          | -0.0976267129
  59 11/   5 |          :   *   :      |      :       :          | -0.6039019426
  60 12/   5 +          :       :      | *    :       :          +  0.0766930212
  61  1/   6 |          :       :      |*     :       :          |  0.0262508276
  62  2/   6 |          :       :      |      :*      :          |  0.4069486593
  63  3/   6 |          :    *  :      |      :       :          | -0.5377149882
  64  4/   6 |          :   *   :      |      :       :          | -0.5860885951
  65  5/   6 |          :       :      |  *   :       :          |  0.1095688147
  66  6/   6 |          :       :    * |      :       :          | -0.1521713431
  67  7/   6 |          :       :   *  |      :       :          | -0.2083191520
  68  8/   6 |          :       :      |      : *     :          |  0.4505873962
  69  9/   6 |          :       :      |   *  :       :          |  0.2110385768
  70 10/   6 |          :       :  *   |      :       :          | -0.2305611746
  71 11/   6 |          :  *    :      |      :       :          | -0.6731099112
  72 12/   6 +          :       :     *|      :       :          + -0.0823990130
  73  1/   7>|         *:       :      |      :       :          |>-0.8924149939
  74  2/   7 |          :       :   *  |      :       :          | -0.1694121768
  75  3/   7>|         *:       :      |      :       :          |>-0.8964164783
  76  4/   7>|          :       :      |      :       *          |> 0.7922843034
  77  5/   7 |          :       :      |      : *     :          |  0.4539240714
  78  6/   7 |          :       :  *   |      :       :          | -0.2461176204
  79  7/   7 |          :       :      |      :    *  :          |  0.5880662632
  80  8/   7 |          :      *:      |      :       :          | -0.4760315776
  81  9/   7 |          :       :      | *    :       :          |  0.0915405592
  82 10/   7 |          :       :    * |      :       :          | -0.1282776311
  83 11/   7 |          :       :*     |      :       :          | -0.3564901378
  84 12/   7 +          :       :      *      :       :          + -0.0341823302
  85  1/   8 |          :       :      |      :  *    :          |  0.4925474422
  86  2/   8 |          :       :      *      :       :          | -0.0234827145
  87  3/   8>|          :       :      |      :       :*         |> 0.8271244653
  88  4/   8 |          :       :*     |      :       :          | -0.3306909046
  89  5/   8 |          :       :  *   |      :       :          | -0.2644866522
  90  6/   8 |          :       :   *  |      :       :          | -0.1850597302
  91  7/   8 |          :      *:      |      :       :          | -0.4674702335
  92  8/   8 |          :       :  *   |      :       :          | -0.2219767633
  93  9/   8 |          :       :      | *    :       :          |  0.1041238637
  94 10/   8 |          :       :      |     *:       :          |  0.3105248076
  95 11/   8 |          :       :      |      :    *  :          |  0.6203153110
  96 12/   8 +          :    *  :      |      :       :          + -0.5310609091
  97  1/   9 |          :       :      |  *   :       :          |  0.1189533218
  98  2/   9 |          :       :     *|      :       :          | -0.0743378112
  99  3/   9 |          :       :      |      : *     :          |  0.4576915199
 100  4/   9 |          :       :      |  *   :       :          |  0.1407988261
 101  5/   9>|          :       :      |      :       *          |> 0.7802803136
 102  6/   9 |          :       *      |      :       :          | -0.3993186959
 103  7/   9 |          : *     :      |      :       :          | -0.6901872498
 104  8/   9 |          :       :     *|      :       :          | -0.0570628889
 105  9/   9 |          : *     :      |      :       :          | -0.6915057663
 106 10/   9 |          :       :*     |      :       :          | -0.3274071909
 107 11/   9 |          :  *    :      |      :       :          | -0.6571397638
 108 12/   9 +          :       :      |*     :       :          +  0.0166400159
 109  1/  10 |          :       :      |  *   :       :          |  0.1573301298
 110  2/  10 |          :       :      |     *:       :          |  0.3073701433
 111  3/  10 |          :       *      |      :       :          | -0.3733016444
 112  4/  10 |          :       :  *   |      :       :          | -0.2460661245
 113  5/  10 |          :       :    * |      :       :          | -0.1491411213
 114  6/  10 |          :       :  *   |      :       :          | -0.2240415883
 115  7/  10 |          :       :      | *    :       :          |  0.1024193861
 116  8/  10>|      *   :       :      |      :       :          |>-1.0470692143
 117  9/  10 |          :       :      |   *  :       :          |  0.2028272292
 118 10/  10 |          :       :      |  *   :       :          |  0.1453722822
 119 11/  10 |          :     * :      |      :       :          | -0.5186968843
 120 12/  10 +          :       :      |  *   :       :          +  0.1509146013
 121  1/  11 |          :       :      |    * :       :          |  0.2343668433
 122  2/  11 |          :       :      | *    :       :          |  0.0680327245
 123  3/  11 |          :       :      |      : *     :          |  0.4679957882
 124  4/  11 |          :       : *    |      :       :          | -0.3158871806
 125  5/  11 |          :       :      *      :       :          | -0.0007814042
 126  6/  11 |          :       :    * |      :       :          | -0.1449386297
 127  7/  11 |          :       :      |      :  *    :          |  0.5080669141
 128  8/  11 |          :       :   *  |      :       :          | -0.1739538942
 129  9/  11 |          :    *  :      |      :       :          | -0.5540504496
 130 10/  11 |          :       :      | *    :       :          |  0.0857942947
 131 11/  11 |          :       : *    |      :       :          | -0.3026520132
 132 12/  11 +          :       :      |      :    *  :          +  0.6227080351
 133  1/  12 |          :       : *    |      :       :          | -0.2938293321
 134  2/  12 |          :       :     *|      :       :          | -0.0770404217
 135  3/  12 |          :       :      |  *   :       :          |  0.1385763269
 136  4/  12 |          :       :      |     *:       :          |  0.3185339436
 137  5/  12 |          :   *   :      |      :       :          | -0.6107635623
 138  6/  12 |          :       :      |  *   :       :          |  0.1308096334
 139  7/  12 |          :       :      |      *       :          |  0.3220793645
 140  8/  12 |          :       : *    |      :       :          | -0.2902357346
 141  9/  12 |          :       *      |      :       :          | -0.3855027041
 142 10/  12 |          :       : *    |      :       :          | -0.3064330318
 143 11/  12 |          :       :      | *    :       :          |  0.0653460818
 144 12/  12 +          :       :      |      :  *    :          +  0.4896651798
 145  1/  13 |          :    *  :      |      :       :          | -0.5777083386
 146  2/  13 |          :       :      |*     :       :          |  0.0423884467
 147  3/  13 |          :       :    * |      :       :          | -0.1583565445
 148  4/  13 |          :       *      |      :       :          | -0.3807155262
 149  5/  13 |          :       :      |*     :       :          |  0.0281868340
 150  6/  13 |          :       :    * |      :       :          | -0.1428968671
 151  7/  13 |          :      *:      |      :       :          | -0.4743686915
 152  8/  13 |          :      *:      |      :       :          | -0.4682566394
 153  9/  13 |          :       :      *      :       :          | -0.0085218510
 154 10/  13 |          :       :  *   |      :       :          | -0.2569998432
 155 11/  13 |          :       :      |    * :       :          |  0.2388058465
 156 12/  13 +          :       :      |*     :       :          +  0.0209142080
 157  1/  14 |          :       :      |     *:       :          |  0.2900526303
 158  2/  14 |          :       :      |  *   :       :          |  0.1445537669
 159  3/  14 |          :       :*     |      :       :          | -0.3297904855
 160  4/  14 |          :       :   *  |      :       :          | -0.2054578532
 161  5/  14 |          :       :      |*     :       :          |  0.0343119678
 162  6/  14 |          :       :   *  |      :       :          | -0.1719358223
 163  7/  14 |          :      *:      |      :       :          | -0.4503614310
 164  8/  14 |          :       :      |*     :       :          |  0.0164898122
 165  9/  14 |          :       :      |    * :       :          |  0.2576025810
 166 10/  14 |          :       :      |   *  :       :          |  0.2058839254
 167 11/  14 |          :       :      |   *  :       :          |  0.1614117900
 168 12/  14 +          :       :      |   *  :       :          +  0.1678946310
 169  1/  15 |          :       :   *  |      :       :          | -0.1743587617
 170  2/  15 |          :       : *    |      :       :          | -0.3095898984
 171  3/  15 |          :       :      |  *   :       :          |  0.1140728331
 172  4/  15 |          :       :    * |      :       :          | -0.1204559495
 173  5/  15 |          :       :      |      :       *          |  0.7549917300
 174  6/  15 |          :      *:      |      :       :          | -0.4549584894
 175  7/  15 |          :       :     *|      :       :          | -0.0971290527
 176  8/  15 |          :  *    :      |      :       :          | -0.6803550763
 177  9/  15 |          :       :      | *    :       :          |  0.0556752509
 178 10/  15 |          :       :   *  |      :       :          | -0.2024645021
 179 11/  15>|        * :       :      |      :       :          |>-0.9106078574
 180 12/  15 +          :       :      *      :       :          + -0.0129972555
 181  1/  16 |          :       :*     |      :       :          | -0.3662124143
 182  2/  16 |          :       :      *      :       :          | -0.0092047317
 183  3/  16 |          :       :      | *    :       :          |  0.1034816656
 184  4/  16 |          :       :      |      :     * :          |  0.6775689162
 185  5/  16 |          :       :      *      :       :          | -0.0492688600
 186  6/  16 |          :       :     *|      :       :          | -0.0717192298
 187  7/  16 |          :       :      |      :    *  :          |  0.6237259052
 188  8/  16 |          :       :      |*     :       :          |  0.0060371625
 189  9/  16>|       *  :       :      |      :       :          |>-0.9742480948
 190 10/  16 |          :       :      |      :   *   :          |  0.5640003057
 191 11/  16 |          :       :      |      : *     :          |  0.4298838821
 192 12/  16 +          :       :      |      : *     :          +  0.4621562630
 193  1/  17 |          :       : *    |      :       :          | -0.3108694024
 194  2/  17 |          :       :      *      :       :          | -0.0179160832
 195  3/  17 |          :   *   :      |      :       :          | -0.6268081300
 196  4/  17 |          :       :      | *    :       :          |  0.0547122872
 197  5/  17 |          :       :      |*     :       :          |  0.0061977250
 198  6/  17 |          :       :      *      :       :          | -0.0173367030
 199  7/  17 |          :       :      |*     :       :          |  0.0526428367
 200  8/  17 |          :       :      |      :   *   :          |  0.5780893018
 201  9/  17 |          :       :  *   |      :       :          | -0.2481367586
 202 10/  17 |          :       :      |      :*      :          |  0.3820989390
 203 11/  17 |          :       :      |  *   :       :          |  0.1524344428
 204 12/  17 +          :       :      | *    :       :          +  0.0625262128
 205  1/  18 |          :       :      |*     :       :          |  0.0418448875
 206  2/  18 |          :     * :      |      :       :          | -0.5195629030
 207  3/  18 |          :       :   *  |      :       :          | -0.1662836052
 208  4/  18 |          :       : *    |      :       :          | -0.3160782538
 209  5/  18 |          :     * :      |      :       :          | -0.5180475888
 210  6/  18 |          :       :      | *    :       :          |  0.0909398861
 211  7/  18 |          :       :      |      *       :          |  0.3331547780
 212  8/  18>|         *:       :      |      :       :          |>-0.8974617356
 213  9/  18 |          :       :   *  |      :       :          | -0.2032244931
 214 10/  18 |          :       :      |*     :       :          |  0.0117556130
 215 11/  18 |          :       :      *      :       :          | -0.0461561910
 216 12/  18 +          :       :      |   *  :       :          +  0.1628666873
 217  1/  19>|          :       :      |      :       :        * |> 1.2471366947
 218  2/  19 |          :       :  *   |      :       :          | -0.2348107642
 219  3/  19 |          :       :      |  *   :       :          |  0.1266052339
 220  4/  19 |          :       :      |    * :       :          |  0.2313270793
 221  5/  19 |          :       :      |  *   :       :          |  0.1521592271
 222  6/  19 |          :       :   *  |      :       :          | -0.1971263683
 223  7/  19 |          :       :      |   *  :       :          |  0.1679496093
 224  8/  19 |          :       :      |      :      *:          |  0.7346923337
 225  9/  19 |          :       :      | *    :       :          |  0.0834289486
 226 10/  19 |          :       :      | *    :       :          |  0.0824515477
 227 11/  19 |          :  *    :      |      :       :          | -0.6485979926
 228 12/  19 +          :       :      | *    :       :          +  0.0856504532
 229  1/  20 |          :       :      |   *  :       :          |  0.1677211543
 230  2/  20 |          :       :    * |      :       :          | -0.1469728152
 231  3/  20 |          :       : *    |      :       :          | -0.2876262681
 232  4/  20 |          :      *:      |      :       :          | -0.4356670063
 233  5/  20 |          :       :    * |      :       :          | -0.1075523118
 234  6/  20>|    *     :       :      |      :       :          |>-1.1381967108
 235  7/  20 |          :       :      |*     :       :          |  0.0155352711
 236  8/  20 |          :       :      |  *   :       :          |  0.1247360652
 237  9/  20 |          :       :      | *    :       :          |  0.0839991467
 238 10/  20 |          :       :      |      : *     :          |  0.4584149872
 239 11/  20 |          :       :   *  |      :       :          | -0.1712873720
 240 12/  20 +          :       :  *   |      :       :          + -0.2261809513
 241  1/  21 |          :       :      |*     :       :          |  0.0311157900
 242  2/  21 |          :       :      |      :   *   :          |  0.5353521162
 243  3/  21 |          :       :      |      *       :          |  0.3705787498
 244  4/  21 |          :       :    * |      :       :          | -0.1549507532
 245  5/  21 |          :       :      |   *  :       :          |  0.1942030669
 246  6/  21 |          :       :      |      : *     :          |  0.4544824418
 247  7/  21 |          :       *      |      :       :          | -0.3774930036
 248  8/  21 |          :       : *    |      :       :          | -0.3091014877
 249  9/  21 |          :     * :      |      :       :          | -0.5133837842
 250 10/  21 |          :       :      |      :      *:          |  0.7082693630
 251 11/  21 |          :       :      *      :       :          | -0.0525165334
 252 12/  21 +          :       *      |      :       :          + -0.3783703225
 253  1/  22 |          :       :      *      :       :          | -0.0518606439
 254  2/  22 |          :       :      |      :*      :          |  0.3934657323
 255  3/  22 |          :       :      |  *   :       :          |  0.1198190237
 256  4/  22 |          :       :      *      :       :          | -0.0044293490
 257  5/  22 |          :       :      |      :     * :          |  0.6564230502
 258  6/  22 |          :       :      |      : *     :          |  0.4584196488
 259  7/  22 |          :       *      |      :       :          | -0.3971264185
 260  8/  22 |          :       :      |      :     * :          |  0.6897380756
 261  9/  22 |          :       :      |   *  :       :          |  0.2079419641
 262 10/  22 |          :       :      |      :*      :          |  0.3801883410
 263 11/  22 |          :       :      |     *:       :          |  0.2792145480
 264 12/  22 +          :       :      |  *   :       :          +  0.1285747693
 265  1/  23 |          :       :     *|      :       :          | -0.0981695489
 266  2/  23 |          :       :    * |      :       :          | -0.1261063059
 267  3/  23 |          :       :   *  |      :       :          | -0.1649152039
 268  4/  23 |          :       :      |      : *     :          |  0.4713278601
 269  5/  23 |          :       :      |      :*      :          |  0.3929126246
 270  6/  23 |          :       :      |      :  *    :          |  0.5001834116
 271  7/  23 |          :       :      *      :       :          | -0.0036760127
 272  8/  23 |          :      *:      |      :       :          | -0.4766723169
 273  9/  23 |          :       :  *   |      :       :          | -0.2649492289
 274 10/  23 |          :       :      |*     :       :          |  0.0384733632
 275 11/  23 |          :       :      |      *       :          |  0.3636509212
 276 12/  23 +          :       :      |  *   :       :          +  0.1373062240
 277  1/  24 |          :       *      |      :       :          | -0.3777995440
 278  2/  24 |          :       :      |      *       :          |  0.3353130796
 279  3/  24 |          :       :      | *    :       :          |  0.0660959242
 280  4/  24 |          :       :      |    * :       :          |  0.2164648315
 281  5/  24 |          :       :      *      :       :          | -0.0380750927
 282  6/  24 |          :       *      |      :       :          | -0.3914267054
 283  7/  24 |          :       *      |      :       :          | -0.3816769335
 284  8/  24 |          :       :      | *    :       :          |  0.0982296092
 285  9/  24 |          :       :   *  |      :       :          | -0.1756673754
 286 10/  24 |          :       :     *|      :       :          | -0.0984815938
 287 11/  24 |          :       : *    |      :       :          | -0.2778354270
 288 12/  24 +          :      *:      |      :       :          + -0.4410698269
 289  1/  25 |          :       :      |      :       *          |  0.7563885127
 290  2/  25 |          :    *  :      |      :       :          | -0.5490159648
 291  3/  25 |          :  *    :      |      :       :          | -0.6689242666
 292  4/  25 |          :       :      |  *   :       :          |  0.1460857395
 293  5/  25 |          :       :      |      :    *  :          |  0.6246816241
 294  6/  25 |          :       :     *|      :       :          | -0.0633939606
 295  7/  25 |          :   *   :      |      :       :          | -0.5905354660
 296  8/  25 |          :       :      |      :   *   :          |  0.5810803308
 297  9/  25 |          :       :      | *    :       :          |  0.0598127675
 298 10/  25 |          : *     :      |      :       :          | -0.7041186573
 299 11/  25 |          :  *    :      |      :       :          | -0.6406929298
 300 12/  25 +          :       *      |      :       :          + -0.3723272061
 301  1/  26 |          :       :      |     *:       :          |  0.2688241906
 302  2/  26 |          :       :      |     *:       :          |  0.2806005093
 303  3/  26>|         *:       :      |      :       :          |>-0.8941026404
 304  4/  26 |          :     * :      |      :       :          | -0.4907768898
 305  5/  26 |          :       :      |      :   *   :          |  0.5370375100
 306  6/  26 |          :       :      |  *   :       :          |  0.1270641158
 307  7/  26 |          :       :  *   |      :       :          | -0.2328324581
 308  8/  26 |          :       :      |*     :       :          |  0.0081990555
 309  9/  26 |          :       :    * |      :       :          | -0.1504268400
 310 10/  26 |          :       :      |   *  :       :          |  0.1744612223
 311 11/  26 |          :       :      |  *   :       :          |  0.1308837072
 312 12/  26 +          :       :      |  *   :       :          +  0.1547874420
 313  1/  27 |          :       :      |      :     * :          |  0.6704483557
 314  2/  27 |          :       :   *  |      :       :          | -0.1870002820
 315  3/  27 |          :       :      |      :     * :          |  0.6428991091
 316  4/  27 |          :       :     *|      :       :          | -0.0553557850
 317  5/  27 |          :       :   *  |      :       :          | -0.1601623902
 318  6/  27 |          :       :     *|      :       :          | -0.0792438304
 319  7/  27 |          :       :      |     *:       :          |  0.3047760788
 320  8/  27 |          :       :   *  |      :       :          | -0.1887731873
 321  9/  27 |          :       : *    |      :       :          | -0.2658272203
 322 10/  27 |          :       :      |*     :       :          |  0.0048745367
 323 11/  27 |          :    *  :      |      :       :          | -0.5519996123
 324 12/  27 +          :       :    * |      :       :          + -0.1206613821
 325  1/  28 |          :       :      |    * :       :          |  0.2639516405
 326  2/  28 |          :       :      |      : *     :          |  0.4328858505
 327  3/  28 |          :       : *    |      :       :          | -0.3032803870
 328  4/  28 |          :       :      |*     :       :          |  0.0153449382
 329  5/  28 |          :       :*     |      :       :          | -0.3258212437
 330  6/  28 |          : *     :      |      :       :          | -0.7187428135
 331  7/  28 |          :       :      | *    :       :          |  0.0582412285
 332  8/  28 |          :       :      |      :   *   :          |  0.5719110700
 333  9/  28 |          :       :     *|      :       :          | -0.0703165180
 334 10/  28 |          :       :      *      :       :          | -0.0509565694
 335 11/  28>|        * :       :      |      :       :          |>-0.9539512362
 336 12/  28 +          :       :      *      :       :          + -0.0251174844
 337  1/  29 |          :       :      *      :       :          | -0.0251398700
 338  2/  29 |          :       :  *   |      :       :          | -0.2254917122
 339  3/  29 |          :       :      |      :*      :          |  0.3789640670
 340  4/  29 |          :       :      *      :       :          | -0.0102445059
 341  5/  29 |          :       :    * |      :       :          | -0.1094450743
 342  6/  29 |          :       :      | *    :       :          |  0.0543382550
 343  7/  29 |          :       :      |     *:       :          |  0.3146609938
 344  8/  29 |          :       *      |      :       :          | -0.4045930971
 345  9/  29 |          :       :  *   |      :       :          | -0.2417980822
 346 10/  29 |          :       :      |      :     * :          |  0.6900103947
 347 11/  29 |          :       :      |      :   *   :          |  0.5762029276
 348 12/  29 +          :       :   *  |      :       :          + -0.1661128992
 349  1/  30 |          :       :    * |      :       :          | -0.1362043551
 350  2/  30 |          :       :     *|      :       :          | -0.0915990357
 351  3/  30 |          :       *      |      :       :          | -0.4140670675
 352  4/  30 |          :       :*     |      :       :          | -0.3659692156
 353  5/  30 |          :       :      |   *  :       :          |  0.1887149442
 354  6/  30 |          :       : *    |      :       :          | -0.3119655926
 355  7/  30 |          :       :      |      :*      :          |  0.4190912065
 356  8/  30 |          :       :      |      : *     :          |  0.4521985653
 357  9/  30 |          :       :      |      :     * :          |  0.6392607360
 358 10/  30 |          :       :      |    * :       :          |  0.2637691337
 359 11/  30 |          :       :      |     *:       :          |  0.2670502207
 360 12/  30 +          :       :      |      :      *:          +  0.7340396980
 361  1/  31 |          :       :      |  *   :       :          |  0.1320186674
 362  2/  31 |          :      *:      |      :       :          | -0.4717793134
 363  3/  31 |          :       :      |      :*      :          |  0.3809429190
 364  4/  31 |          :     * :      |      :       :          | -0.5037232009
 365  5/  31 |          :       :      |      :*      :          |  0.4017455064
 366  6/  31 |          :       :      |      :     * :          |  0.6598601169
 367  7/  31 |          :       :*     |      :       :          | -0.3339705157
 368  8/  31 |          :       :      |  *   :       :          |  0.1235458922
 369  9/  31 |          :  *    :      |      :       :          | -0.6405085878
 370 10/  31 |          :       :      |    * :       :          |  0.2236914887
 371 11/  31 |          :       :     *|      :       :          | -0.0859008344
 372 12/  31 +          :       :      |      :   *   :          +  0.5455430222
 373  1/  32 |          :       :      *      :       :          | -0.0186535598
 374  2/  32>|*         :       :      |      :       :          |>-1.3540645562
 375  3/  32 |          :*      :      |      :       :          | -0.7443629370
 376  4/  32 |          :       :      |      :    *  :          |  0.6044537532
 377  5/  32 |          :  *    :      |      :       :          | -0.6650953208
 378  6/  32 |          :       :      |      :  *    :          |  0.5188293582
 379  7/  32 |          :       :      *      :       :          | -0.0257747521
 380  8/  32 |          :       :      |      *       :          |  0.3290663685
 381  9/  32 |          :       :      *      :       :          | -0.0427218030
 382 10/  32 |          :       :      |    * :       :          |  0.2466495279
 383 11/  32 |          :       :      |      : *     :          |  0.4294736703
 384 12/  32 +          :       :      |     *:       :          +  0.3190583708
 385  1/  33 |          :       :      | *    :       :          |  0.1054195371
 386  2/  33 |          :       :   *  |      :       :          | -0.1782062713
 387  3/  33 |          :       :      |*     :       :          |  0.0399983889
 388  4/  33 |          :       :      *      :       :          | -0.0050355219
 389  5/  33 |          :       :    * |      :       :          | -0.1154759995
 390  6/  33 |          :       :      *      :       :          | -0.0396936094
 391  7/  33 |          :       :    * |      :       :          | -0.1410842931
 392  8/  33>|          :       :      |      :       :*         |> 0.7994640926
 393  9/  33 |          :       :      |    * :       :          |  0.2292767810
 394 10/  33 |          :       :     *|      :       :          | -0.0667438912
 395 11/  33 |          :       :  *   |      :       :          | -0.2283535624
 396 12/  33 +          :      *:      |      :       :          + -0.4734991111
 397  1/  34 |          :       :  *   |      :       :          | -0.2139145610
 398  2/  34 |          :       :  *   |      :       :          | -0.2519076310
 399  3/  34 |          :       *      |      :       :          | -0.3991483854
-------------+---+------+-------+------+------+-------+------+---+--------------
                -3     -2      -1      0     +1      +2     +3    

                 +------------------------------------------+
                 |       Table of standardized values       |
                 |       greater than or equal to 2.0       |
                 +------------------------------------------+
                 |                                          |
                 | Observation    Date   Standardized value |
                 |                                          |
                 |      2        2/   1        -2.66        |
                 |     30        6/   3         2.03        |
                 |     33        9/   3        -2.53        |
                 |     73        1/   7        -2.20        |
                 |     75        3/   7        -2.21        |
                 |     76        4/   7         2.08        |
                 |     87        3/   8         2.17        |
                 |    101        5/   9         2.05        |
                 |    116        8/  10        -2.59        |
                 |    179       11/  15        -2.25        |
                 |    189        9/  16        -2.41        |
                 |    212        8/  18        -2.21        |
                 |    217        1/  19         3.23        |
                 |    234        6/  20        -2.83        |
                 |    303        3/  26        -2.21        |
                 |    335       11/  28        -2.36        |
                 |    374        2/  32        -3.37        |
                 |    392        8/  33         2.10        |
                 +------------------------------------------+

Standardized time series histogram:

       -4      -3      -2      -1       0      +1      +2      +3      +4
        +---+---+---+---+---+---+---+---+---+---+---+---+---+---+---+---+
        |                                 95                            |
        |                                ....                            |
        |                             78 ....                            |
        |                            ........                            |
        |                            ........                            |
        |                         61 ........                            |
        |                        ............                            |
        |                        ............                            |
        |                        ............                            |
        |                        ............ 40 36                      |
        |                     30 ....................                    |
        |                    ........................ 26                 |
        |                    ............................                |
        |                 15 ............................                |
        |              7 ................................                |
        |      1  4  ....................................5      1        |
        |    ................................................    ....    |
        +---+---+---+---+---+---+---+---+---+---+---+---+---+---+---+---+
       -4      -3      -2      -1       0      +1      +2      +3      +4

             125 values outside (-1,+1): 31.33 % (31.74 % expected)
              18 values outside (-2,+2):  4.51 % ( 4.56 % expected)

Autocorrelation function (acf bands =  0.100):

            -1                         0                         1  L-B Q  DF
-------------+-------------------------+-------------------------+--------------
   1   0.013 |                      :  |  :                      | 
   2  -0.031 |                      : *|  :                      | 
   3  -0.018 |                      :  |  :                      | 
   4  -0.005 |                      :  |  :                      | 
   5  -0.057 |                      : *|  :                      | 
   6  -0.048 |                      : *|  :                      | 
   7   0.017 |                      :  |  :                      | 
   8   0.027 |                      :  |* :                      | 
   9  -0.014 |                      :  |  :                      | 
  10  -0.018 |                      :  |  :                      | 
  11  -0.075 |                      :**|  :                      | 
  12  -0.006 +                      :  |  :                      +   5.82  12
  13   0.028 |                      :  |* :                      | 
  14   0.009 |                      :  |  :                      | 
  15  -0.042 |                      : *|  :                      | 
  16  -0.054 |                      : *|  :                      | 
  17   0.023 |                      :  |* :                      | 
  18  -0.024 |                      : *|  :                      | 
  19   0.020 |                      :  |  :                      | 
  20  -0.051 |                      : *|  :                      | 
  21   0.022 |                      :  |* :                      | 
  22  -0.032 |                      : *|  :                      | 
  23   0.016 |                      :  |  :                      | 
  24  -0.014 +                      :  |  :                      +  10.67  24
  25   0.029 |                      :  |* :                      | 
  26   0.085 |                      :  |**:                      | 
  27   0.020 |                      :  |  :                      | 
  28  -0.147 |                     ****|  :                      | 
  29  -0.009 |                      :  |  :                      | 
  30  -0.047 |                      : *|  :                      | 
  31  -0.014 |                      :  |  :                      | 
  32   0.065 |                      :  |**:                      | 
  33   0.112 |                      :  |***                      | 
  34   0.040 |                      :  |* :                      | 
  35   0.011 |                      :  |  :                      | 
  36  -0.020 +                      : +|  :                      +  32.96  36
  37  -0.021 |                      : *|  :                      | 
  38   0.038 |                      :  |* :                      | 
  39   0.031 |                      :  |* :                      | 
  40  -0.000 |                      :  |  :                      | 
  41  -0.013 |                      :  |  :                      | 
  42  -0.055 |                      : *|  :                      |  35.62  42
-------------+-------------------------+-------------------------+--------------
            -1                         0                         1  L-B Q  DF

Partial autocorrelation function (pacf bands =  0.100):

            -1                         0                         1
-------------+-------------------------+-------------------------+--------------
   1   0.013 |                      :  |  :                      | 
   2  -0.032 |                      : *|  :                      | 
   3  -0.017 |                      :  |  :                      | 
   4  -0.006 |                      :  |  :                      | 
   5  -0.058 |                      : *|  :                      | 
   6  -0.048 |                      : *|  :                      | 
   7   0.014 |                      :  |  :                      | 
   8   0.021 |                      :  |* :                      | 
   9  -0.017 |                      :  |  :                      | 
  10  -0.020 |                      :  |  :                      | 
  11  -0.080 |                      :**|  :                      | 
  12  -0.007 +                      :  |  :                      + 
  13   0.027 |                      :  |* :                      | 
  14   0.005 |                      :  |  :                      | 
  15  -0.047 |                      : *|  :                      | 
  16  -0.064 |                      :**|  :                      | 
  17   0.015 |                      :  |  :                      | 
  18  -0.023 |                      : *|  :                      | 
  19   0.026 |                      :  |* :                      | 
  20  -0.063 |                      :**|  :                      | 
  21   0.007 |                      :  |  :                      | 
  22  -0.045 |                      : *|  :                      | 
  23   0.020 |                      :  |* :                      | 
  24  -0.012 +                      :  |  :                      + 
  25   0.023 |                      :  |* :                      | 
  26   0.072 |                      :  |**:                      | 
  27   0.007 |                      :  |  :                      | 
  28  -0.142 |                     ****|  :                      | 
  29  -0.003 |                      :  |  :                      | 
  30  -0.052 |                      : *|  :                      | 
  31  -0.018 |                      :  |  :                      | 
  32   0.071 |                      :  |**:                      | 
  33   0.091 |                      :  |**:                      | 
  34   0.023 |                      :  |* :                      | 
  35   0.018 |                      :  |  :                      | 
  36  -0.017 +                      :  |  :                      + 
  37  -0.001 |                      :  |  :                      | 
  38   0.052 |                      :  |* :                      | 
  39   0.024 |                      :  |* :                      | 
  40  -0.013 |                      :  |  :                      | 
  41  -0.001 |                      :  |  :                      | 
  42  -0.055 |                      : *|  :                      | 
-------------+-------------------------+-------------------------+--------------
            -1                         0                         1


--- Residual series a[2] ---
Unconditional residuals (seasonal period: 12)
399 observations: from 1/1 to 3/34

                  Mean:           0.000737
Standard error of mean:           0.041504
              Variance:           0.687312
    Standard deviation:           0.829043
              Skewness:           0.229387
              Kurtosis:           0.459065
               Minimum:          -2.716502 at  4/19 (observation 220)
               Maximum:           2.476671 at 11/8 (observation  95)

Standardized time series plot (original values on right-side column):

               -3      -2     -1       0      +1     +2      +3   
-------------+--+-------+------+-------+-------+------+-------+--+--------------
   1  1/   1 |          :      :       |  *    :      :          |  0.3182069980
   2  2/   1 |          :      :       |*      :      :          |  0.0963544249
   3  3/   1 |          :      :       |       :  *   :          |  1.2129781180
   4  4/   1 |          :      :       |       : *    :          |  1.0927639090
   5  5/   1 |          :      :      *|       :      :          | -0.0656130278
   6  6/   1 |          :      :  *    |       :      :          | -0.5462038133
   7  7/   1 |          :      :       |*      :      :          |  0.0943869652
   8  8/   1 |          :      :       *       :      :          |  0.0319245546
   9  9/   1 |          *      :       |       :      :          | -1.5896488224
  10 10/   1 |          :      :       |       : *    :          |  1.0788511178
  11 11/   1 |          :      :       *       :      :          |  0.0280141304
  12 12/   1 +          :      : *     |       :      :          + -0.6993723675
  13  1/   2 |          :      :       |       :  *   :          |  1.1877533530
  14  2/   2 |          :      :       |       *      :          |  0.8415199396
  15  3/   2 |          :      : *     |       :      :          | -0.6388278189
  16  4/   2 |          :      :       | *     :      :          |  0.1814608837
  17  5/   2 |          :      :       | *     :      :          |  0.2410054623
  18  6/   2 |          :      :  *    |       :      :          | -0.5929937601
  19  7/   2 |          :      :       |*      :      :          |  0.1299960786
  20  8/   2 |          :      :       |  *    :      :          |  0.3258565197
  21  9/   2 |          :      :      *|       :      :          | -0.1438379632
  22 10/   2 |          :    * :       |       :      :          | -1.0920214450
  23 11/   2 |          :      :       |  *    :      :          |  0.3157958378
  24 12/   2>+          :      :       |       :      :     *    +> 2.3193022667
  25  1/   3 |          : *    :       |       :      :          | -1.4463211869
  26  2/   3 |          :      :     * |       :      :          | -0.2290609194
  27  3/   3 |          :      :   *   |       :      :          | -0.4600274232
  28  4/   3 |          :      :       *       :      :          |  0.0116528595
  29  5/   3 |          :   *  :       |       :      :          | -1.1862057669
  30  6/   3 |          :      :     * |       :      :          | -0.1926603772
  31  7/   3 |          :     *:       |       :      :          | -0.9235720154
  32  8/   3 |          :      :       |   *   :      :          |  0.4831637423
  33  9/   3 |          :      :       |       : *    :          |  1.0385517738
  34 10/   3 |          :      :       |     * :      :          |  0.6151653877
  35 11/   3 |          :      :       |     * :      :          |  0.6732314246
  36 12/   3 +          :      :  *    |       :      :          + -0.5082410760
  37  1/   4 |          :      :       |*      :      :          |  0.0628318859
  38  2/   4 |          :      :       |     * :      :          |  0.6853549372
  39  3/   4 |          :      :       | *     :      :          |  0.2182727197
  40  4/   4 |          :      :    *  |       :      :          | -0.3305859056
  41  5/   4 |          :      :       |    *  :      :          |  0.4959272516
  42  6/   4 |          :      :    *  |       :      :          | -0.3738117371
  43  7/   4 |          :      :   *   |       :      :          | -0.4339413417
  44  8/   4 |          :      :       |    *  :      :          |  0.5922865561
  45  9/   4 |          :      :   *   |       :      :          | -0.4752395505
  46 10/   4 |          :      :       |      *:      :          |  0.7977668237
  47 11/   4 |          :      :       *       :      :          |  0.0410397445
  48 12/   4 +          :      :       |       :*     :          +  0.9677240542
  49  1/   5 |          :      :       |       *      :          |  0.9103702501
  50  2/   5 |          :      :    *  |       :      :          | -0.3689367499
  51  3/   5 |          :      :     * |       :      :          | -0.2431138139
  52  4/   5 |          : *    :       |       :      :          | -1.3934269992
  53  5/   5 |          :      :       |       :*     :          |  0.9414695882
  54  6/   5 |          :      :       |       *      :          |  0.8364692216
  55  7/   5 |          :      :       | *     :      :          |  0.1939280528
  56  8/   5 |          :      :     * |       :      :          | -0.2574485838
  57  9/   5 |          :      :    *  |       :      :          | -0.2827795266
  58 10/   5 |          :    * :       |       :      :          | -1.0333409701
  59 11/   5 |          :      :       |  *    :      :          |  0.3399383503
  60 12/   5 +          :      :       |    *  :      :          +  0.5723573111
  61  1/   6 |          :      :       | *     :      :          |  0.2199978527
  62  2/   6 |          :      :       |  *    :      :          |  0.2988991114
  63  3/   6 |          :      :       |  *    :      :          |  0.3794763122
  64  4/   6 |          :      :       | *     :      :          |  0.1657938489
  65  5/   6 |          :      :       |   *   :      :          |  0.4371919134
  66  6/   6 |          :      *       |       :      :          | -0.8880239261
  67  7/   6 |          :      :       *       :      :          |  0.0079989160
  68  8/   6>|          :      :       |       :      :   *      |> 2.0279183643
  69  9/   6 |          :      : *     |       :      :          | -0.6503042630
  70 10/   6 |          :      :*      |       :      :          | -0.7701096982
  71 11/   6 |          :      :      *|       :      :          | -0.1325188907
  72 12/   6 +          :      :       |       :*     :          +  1.0160404572
  73  1/   7 |          :      :       |  *    :      :          |  0.3364001233
  74  2/   7 |          :      :      *|       :      :          | -0.1455813896
  75  3/   7 |          :      :    *  |       :      :          | -0.2817136507
  76  4/   7 |          :      :    *  |       :      :          | -0.3259106765
  77  5/   7 |          :      :      *|       :      :          | -0.1314537510
  78  6/   7 |          :      :    *  |       :      :          | -0.2834539238
  79  7/   7 |          :      :       |     * :      :          |  0.6476961183
  80  8/   7 |          :      :    *  |       :      :          | -0.3382453374
  81  9/   7 |          :  *   :       |       :      :          | -1.3524781661
  82 10/   7>|          :      :       |       :      :    *     |> 2.1281992490
  83 11/   7 |          :      :       |   *   :      :          |  0.4774536591
  84 12/   7 +          :      :       |       :    * :          +  1.3828945955
  85  1/   8>|          :      :       |       :      :    *     |> 2.2048493428
  86  2/   8 |          :      :       |*      :      :          |  0.1004381275
  87  3/   8 |          :      :    *  |       :      :          | -0.3760103987
  88  4/   8 |          :      :     * |       :      :          | -0.1657992396
  89  5/   8 |          :      :       |*      :      :          |  0.0842256623
  90  6/   8 |          :      :       |       :*     :          |  0.9932004509
  91  7/   8 |          :      :     * |       :      :          | -0.2090067910
  92  8/   8 |          :      :       *       :      :          |  0.0487886431
  93  9/   8 |          :      :       |       : *    :          |  1.1330590148
  94 10/   8 |          : *    :       |       :      :          | -1.3858750672
  95 11/   8>|          :      :       |       :      :       *  |> 2.4766712295
  96 12/   8 +          :      :       |    *  :      :          +  0.5764853679
  97  1/   9 |          :    * :       |       :      :          | -1.0628721533
  98  2/   9 |          *      :       |       :      :          | -1.6365227753
  99  3/   9 |          :      : *     |       :      :          | -0.6461447811
 100  4/   9 |          :      :  *    |       :      :          | -0.5481882184
 101  5/   9 |          :      :       |   *   :      :          |  0.4067412416
 102  6/   9 |          :      :    *  |       :      :          | -0.2960205163
 103  7/   9 |          :      :*      |       :      :          | -0.7897566439
 104  8/   9 |          :      :       |     * :      :          |  0.6482239084
 105  9/   9 |          :   *  :       |       :      :          | -1.1608317724
 106 10/   9 |          :      *       |       :      :          | -0.8989997615
 107 11/   9 |          :    * :       |       :      :          | -1.1295481096
 108 12/   9 +          :      *       |       :      :          + -0.9074809633
 109  1/  10 |          :      :*      |       :      :          | -0.7948152879
 110  2/  10 |          :      :       | *     :      :          |  0.2402237210
 111  3/  10 |          :      :       |       : *    :          |  1.1060054599
 112  4/  10 |          :      :       |*      :      :          |  0.1455007061
 113  5/  10 |          :      :       *       :      :          | -0.0055942639
 114  6/  10 |          :      :       |   *   :      :          |  0.3816148214
 115  7/  10 |          :      *       |       :      :          | -0.9056761634
 116  8/  10 |          :      :       |*      :      :          |  0.0576869760
 117  9/  10 |          :      :       |   *   :      :          |  0.4177700466
 118 10/  10 |          :      :       |*      :      :          |  0.1413965763
 119 11/  10 |          :      :       |    *  :      :          |  0.5969182208
 120 12/  10 +          :      *       |       :      :          + -0.8419957874
 121  1/  11 |          :      *       |       :      :          | -0.8771647108
 122  2/  11 |          :      :     * |       :      :          | -0.2674202309
 123  3/  11 |          :      :       |    *  :      :          |  0.5558585223
 124  4/  11>|    *     :      :       |       :      :          |>-2.3284536163
 125  5/  11 |          :      :       |     * :      :          |  0.6214233040
 126  6/  11 |          :      :       | *     :      :          |  0.2442365388
 127  7/  11 |          :      :  *    |       :      :          | -0.5555789350
 128  8/  11 |          :      :       |       *      :          |  0.8171691966
 129  9/  11 |          :      :     * |       :      :          | -0.2629490910
 130 10/  11 |          :      :  *    |       :      :          | -0.5224644157
 131 11/  11 |          :      :      *|       :      :          | -0.1381643714
 132 12/  11 +          :      :  *    |       :      :          + -0.5496372569
 133  1/  12 |          :     *:       |       :      :          | -1.0190380477
 134  2/  12 |          :      :       |       : *    :          |  1.1320624331
 135  3/  12 |          :      :       *       :      :          | -0.0244345106
 136  4/  12 |          :      :  *    |       :      :          | -0.4992517635
 137  5/  12 |          :      : *     |       :      :          | -0.6786515112
 138  6/  12 |          :      :       |*      :      :          |  0.0821400963
 139  7/  12>|   *      :      :       |       :      :          |>-2.3390660132
 140  8/  12 |          :      :       |*      :      :          |  0.1018385327
 141  9/  12 |          :      *       |       :      :          | -0.9146395150
 142 10/  12 |          :      :       *       :      :          | -0.0170414347
 143 11/  12 |          :      :       |       :    * :          |  1.3690229857
 144 12/  12 +          :      :       |       :   *  :          +  1.3133731920
 145  1/  13 |          :      :    *  |       :      :          | -0.3692234700
 146  2/  13 |          :      :       | *     :      :          |  0.1808814393
 147  3/  13 |          :      :   *   |       :      :          | -0.4647818029
 148  4/  13 |          :      :       |   *   :      :          |  0.4463190651
 149  5/  13 |          :      :       |      *:      :          |  0.7846291867
 150  6/  13 |          :      :       |       *      :          |  0.8901164037
 151  7/  13 |          :      *       |       :      :          | -0.9070057622
 152  8/  13 |          :      : *     |       :      :          | -0.6100495635
 153  9/  13 |          :      *       |       :      :          | -0.8776806410
 154 10/  13 |          :      :       *       :      :          | -0.0122794559
 155 11/  13 |          :      :       |       :   *  :          |  1.2748301191
 156 12/  13 +          :      :     * |       :      :          + -0.2347408406
 157  1/  14 |          :  *   :       |       :      :          | -1.2715450143
 158  2/  14 |          :      :       |       :*     :          |  0.9791181013
 159  3/  14 |          :      :       |  *    :      :          |  0.3784403830
 160  4/  14 |          :      :       |  *    :      :          |  0.2741672729
 161  5/  14 |          :      :     * |       :      :          | -0.2537095496
 162  6/  14 |          :    * :       |       :      :          | -1.0727929111
 163  7/  14 |          :      :       |       : *    :          |  1.0348545797
 164  8/  14 |          :      :       |    *  :      :          |  0.5510841254
 165  9/  14 |          :      :     * |       :      :          | -0.1664314882
 166 10/  14 |          :      :  *    |       :      :          | -0.5217759188
 167 11/  14 |          :      :       |       :*     :          |  0.9313547571
 168 12/  14 +          :      :       *       :      :          +  0.0483823412
 169  1/  15 |          :      :  *    |       :      :          | -0.5218220011
 170  2/  15 |          :      :*      |       :      :          | -0.7832021025
 171  3/  15 |          :  *   :       |       :      :          | -1.3354417202
 172  4/  15 |          :     *:       |       :      :          | -0.9470891883
 173  5/  15 |          :      :    *  |       :      :          | -0.2949255584
 174  6/  15 |          :      :       |       :      *          |  1.6138002439
 175  7/  15 |          :      :       |       : *    :          |  1.0568144199
 176  8/  15 |          :      :  *    |       :      :          | -0.5574843357
 177  9/  15 |          :      :    *  |       :      :          | -0.2899003995
 178 10/  15 |          :      :   *   |       :      :          | -0.4434162586
 179 11/  15 |          :      :       | *     :      :          |  0.2479486376
 180 12/  15 +          :      :   *   |       :      :          + -0.4603618121
 181  1/  16 |          :      :*      |       :      :          | -0.7078158807
 182  2/  16 |          :      :     * |       :      :          | -0.1707718914
 183  3/  16 |          :      :       |    *  :      :          |  0.5267791343
 184  4/  16 |          :      :       |      *:      :          |  0.7456733841
 185  5/  16 |          :      :       *       :      :          | -0.0253082575
 186  6/  16 |          :      :       | *     :      :          |  0.1837338264
 187  7/  16 |          :      :  *    |       :      :          | -0.5102562047
 188  8/  16 |          :*     :       |       :      :          | -1.4799086011
 189  9/  16 |          :      :    *  |       :      :          | -0.3521576012
 190 10/  16 |          :      :       |     * :      :          |  0.6659745895
 191 11/  16 |          :      :     * |       :      :          | -0.2509686706
 192 12/  16 +          :     *:       |       :      :          + -0.9276250305
 193  1/  17 |          :      :       |      *:      :          |  0.7950387377
 194  2/  17 |          :      :  *    |       :      :          | -0.5414721335
 195  3/  17 |          :      :       |       :     *:          |  1.4870442170
 196  4/  17 |          :      :       *       :      :          | -0.0302918112
 197  5/  17>|          :      :       |       :      :      *   |> 2.3767583189
 198  6/  17 |          :      :  *    |       :      :          | -0.5134356059
 199  7/  17 |          :      :       |     * :      :          |  0.6766917084
 200  8/  17 |          :      :  *    |       :      :          | -0.5950406107
 201  9/  17 |          :      :       |  *    :      :          |  0.2789981735
 202 10/  17 |          :     *:       |       :      :          | -0.9429903037
 203 11/  17 |          :      :     * |       :      :          | -0.2477524924
 204 12/  17 +          :      *       |       :      :          + -0.8346644846
 205  1/  18 |          :      :      *|       :      :          | -0.0630959795
 206  2/  18 |          :      :       |    *  :      :          |  0.5653943268
 207  3/  18 |          :      :       |*      :      :          |  0.1347360615
 208  4/  18 |          :      :  *    |       :      :          | -0.5225787886
 209  5/  18 |          :      *       |       :      :          | -0.8628397314
 210  6/  18 |          :      :       *       :      :          | -0.0211689183
 211  7/  18 |          :      :    *  |       :      :          | -0.3251470672
 212  8/  18 |          :      :   *   |       :      :          | -0.4286759813
 213  9/  18 |          :      :       |       *      :          |  0.9232220706
 214 10/  18 |          :      :     * |       :      :          | -0.1998889810
 215 11/  18 |          :      :*      |       :      :          | -0.7777138945
 216 12/  18 +          :      :       |     * :      :          +  0.6856471249
 217  1/  19 |          *      :       |       :      :          | -1.6455956269
 218  2/  19 |          : *    :       |       :      :          | -1.3580752087
 219  3/  19 |          :      *       |       :      :          | -0.8746081910
 220  4/  19>|*         :      :       |       :      :          |>-2.7165018131
 221  5/  19 |          :      :   *   |       :      :          | -0.4727107795
 222  6/  19 |          :      :       |    *  :      :          |  0.5095600808
 223  7/  19>|          :      :       |       :      :  *       |> 1.9675555704
 224  8/  19 |          :      :       |   *   :      :          |  0.4521107220
 225  9/  19>|         *:      :       |       :      :          |>-1.6938775117
 226 10/  19 |          :   *  :       |       :      :          | -1.2338660498
 227 11/  19 |          :      :      *|       :      :          | -0.0713852372
 228 12/  19>+     *    :      :       |       :      :          +>-2.1890704593
 229  1/  20 |          :      :       |*      :      :          |  0.0635306145
 230  2/  20 |          :      :*      |       :      :          | -0.7764979959
 231  3/  20 |          :      : *     |       :      :          | -0.6165629807
 232  4/  20 |          :      :       |      *:      :          |  0.7503421265
 233  5/  20 |          :      :       |       :     *:          |  1.5404834771
 234  6/  20>|         *:      :       |       :      :          |>-1.7579988301
 235  7/  20 |          :      :*      |       :      :          | -0.7117177508
 236  8/  20 |          :      :       |      *:      :          |  0.7792903101
 237  9/  20 |          :      :  *    |       :      :          | -0.5274524062
 238 10/  20 |          :      :       |  *    :      :          |  0.3322966568
 239 11/  20 |          :      :       |       :     *:          |  1.4759061475
 240 12/  20 +          :      :       |*      :      :          +  0.0644516995
 241  1/  21 |          :   *  :       |       :      :          | -1.2138158869
 242  2/  21 |          :      :       | *     :      :          |  0.2716694934
 243  3/  21 |          :      :       |  *    :      :          |  0.3126605834
 244  4/  21 |          :      :       | *     :      :          |  0.1729999010
 245  5/  21 |          :      : *     |       :      :          | -0.6188353896
 246  6/  21 |          :      *       |       :      :          | -0.8669636022
 247  7/  21 |          :      :       |       :*     :          |  1.0177559671
 248  8/  21 |          :      :       |  *    :      :          |  0.3437362767
 249  9/  21 |          :      :       |       :      *          |  1.5934591670
 250 10/  21 |          :      :       |     * :      :          |  0.6614004191
 251 11/  21>|          :      :       |       :      :   *      |> 2.0770622079
 252 12/  21 +          :      :       |*      :      :          +  0.0904342513
 253  1/  22 |          :      *       |       :      :          | -0.8347144395
 254  2/  22 |          :      : *     |       :      :          | -0.6610750947
 255  3/  22 |          :    * :       |       :      :          | -1.0859397675
 256  4/  22 |          :      :      *|       :      :          | -0.1478027114
 257  5/  22 |          :      :       *       :      :          |  0.0240719179
 258  6/  22 |          :      :       |    *  :      :          |  0.5763422319
 259  7/  22 |          :      :       |  *    :      :          |  0.3383621712
 260  8/  22 |          :      :      *|       :      :          | -0.1126625210
 261  9/  22 |          :      :    *  |       :      :          | -0.3066972970
 262 10/  22 |          :      :       |     * :      :          |  0.7023447731
 263 11/  22 |          :      :       *       :      :          | -0.0431026705
 264 12/  22 +          :      :  *    |       :      :          + -0.5616329444
 265  1/  23 |          :      :       |       : *    :          |  1.1348583444
 266  2/  23 |          :      :       | *     :      :          |  0.2227882686
 267  3/  23 |          :      :   *   |       :      :          | -0.3820469523
 268  4/  23 |          :      :       |       *      :          |  0.8912146903
 269  5/  23 |          :      :  *    |       :      :          | -0.5684307714
 270  6/  23 |          :      :   *   |       :      :          | -0.4828764192
 271  7/  23 |          :      *       |       :      :          | -0.8600869684
 272  8/  23 |          :      :     * |       :      :          | -0.1688342380
 273  9/  23 |          :      :       |*      :      :          |  0.1420671320
 274 10/  23>|          :      :       |       :      :*         |> 1.7286197846
 275 11/  23 |          :      :       *       :      :          |  0.0299984781
 276 12/  23 +          :      :   *   |       :      :          + -0.4435243614
 277  1/  24 |          :      :       | *     :      :          |  0.2430257705
 278  2/  24 |          :      : *     |       :      :          | -0.6894397794
 279  3/  24 |          :      :       | *     :      :          |  0.1722558515
 280  4/  24 |          :      :       |  *    :      :          |  0.3768031915
 281  5/  24 |          :      :       *       :      :          |  0.0346362314
 282  6/  24>|          :      :       |       :      :*         |> 1.7537440675
 283  7/  24 |          :      :       |     * :      :          |  0.6356087852
 284  8/  24 |          :      :     * |       :      :          | -0.2534169722
 285  9/  24 |          :      :       |       *      :          |  0.8355817155
 286 10/  24>|          :      :       |       :      :     *    |> 2.3002508684
 287 11/  24 |          :      :       |       : *    :          |  1.0560324718
 288 12/  24 +          :      :  *    |       :      :          + -0.5603452355
 289  1/  25 |          :      :       |   *   :      :          |  0.3927553141
 290  2/  25 |          :      :*      |       :      :          | -0.7912438850
 291  3/  25 |          :    * :       |       :      :          | -1.0389779165
 292  4/  25 |          :      :      *|       :      :          | -0.1169525520
 293  5/  25 |          :      :       |       :   *  :          |  1.2793022602
 294  6/  25 |          :      :       |  *    :      :          |  0.3291039903
 295  7/  25 |          :      :  *    |       :      :          | -0.5813033079
 296  8/  25 |          :      : *     |       :      :          | -0.6649055833
 297  9/  25 |          :      :*      |       :      :          | -0.8133948300
 298 10/  25 |          :      :*      |       :      :          | -0.7817011448
 299 11/  25 |          :      :       |    *  :      :          |  0.5400065305
 300 12/  25 +          :      :       |   *   :      :          +  0.4501934560
 301  1/  26 |          :      :      *|       :      :          | -0.0609905749
 302  2/  26 |          :      :       |       :*     :          |  0.9402894783
 303  3/  26 |          :      :       |   *   :      :          |  0.4726253046
 304  4/  26 |          :      :     * |       :      :          | -0.2556767562
 305  5/  26 |          :      :       |       *      :          |  0.8235929121
 306  6/  26 |          :      *       |       :      :          | -0.8752272429
 307  7/  26 |          :      :       | *     :      :          |  0.1959229740
 308  8/  26 |          :      :       *       :      :          | -0.0096332524
 309  9/  26 |          :    * :       |       :      :          | -1.0840140674
 310 10/  26 |          :      :    *  |       :      :          | -0.3365405718
 311 11/  26 |          :      :   *   |       :      :          | -0.4795173122
 312 12/  26 +          :      :       *       :      :          + -0.0428548096
 313  1/  27 |          :      :       | *     :      :          |  0.1662579522
 314  2/  27 |          :      :   *   |       :      :          | -0.4327379464
 315  3/  27 |          :      :       |   *   :      :          |  0.4308410226
 316  4/  27 |          :      :*      |       :      :          | -0.7191708111
 317  5/  27 |          :      *       |       :      :          | -0.8698636159
 318  6/  27 |          :      :    *  |       :      :          | -0.3111182680
 319  7/  27 |          :      :       |    *  :      :          |  0.5889457904
 320  8/  27 |          *      :       |       :      :          | -1.6102587064
 321  9/  27 |          :      :   *   |       :      :          | -0.3840995133
 322 10/  27 |          :      : *     |       :      :          | -0.6626756755
 323 11/  27 |          :      :  *    |       :      :          | -0.5008790224
 324 12/  27 +          :      :       *       :      :          +  0.0231413874
 325  1/  28 |          :      :       *       :      :          |  0.0150533593
 326  2/  28 |          :    * :       |       :      :          | -1.0949717496
 327  3/  28 |          :      :      *|       :      :          | -0.0813332711
 328  4/  28>|          :      :       |       :      :*         |> 1.7855524230
 329  5/  28 |          :      :       |    *  :      :          |  0.5394716026
 330  6/  28 |          :      :  *    |       :      :          | -0.5768451911
 331  7/  28 |          :      :       |   *   :      :          |  0.4364946542
 332  8/  28 |          :      :       *       :      :          |  0.0025905744
 333  9/  28 |          :      :*      |       :      :          | -0.7124758204
 334 10/  28>|          :      :       |       :      :*         |> 1.7486713399
 335 11/  28 |          :      :  *    |       :      :          | -0.5591363884
 336 12/  28 +          :      :       |  *    :      :          +  0.3636644096
 337  1/  29 |          :      : *     |       :      :          | -0.5971385055
 338  2/  29 |          :      *       |       :      :          | -0.8292658570
 339  3/  29 |          :      :       |     * :      :          |  0.6828146756
 340  4/  29 |          :      :   *   |       :      :          | -0.4352968073
 341  5/  29>|          :      :       |       :      :    *     |> 2.1886594620
 342  6/  29 |          :      :       |*      :      :          |  0.1329692824
 343  7/  29 |          :      :       | *     :      :          |  0.2385627062
 344  8/  29 |          :      :       | *     :      :          |  0.1730516833
 345  9/  29 |          :     *:       |       :      :          | -0.9746253119
 346 10/  29 |          :      :       |      *:      :          |  0.7323717282
 347 11/  29 |          :      :   *   |       :      :          | -0.4435628549
 348 12/  29 +          :   *  :       |       :      :          + -1.2462894285
 349  1/  30 |          :      :       | *     :      :          |  0.1995555993
 350  2/  30 |          :      :       |       *      :          |  0.9227809085
 351  3/  30 |          :      :       |*      :      :          |  0.1075629208
 352  4/  30 |          :      :       *       :      :          | -0.0313048193
 353  5/  30 |          :      :       |    *  :      :          |  0.5207452755
 354  6/  30 |          :    * :       |       :      :          | -1.0888146439
 355  7/  30 |          :      :       |  *    :      :          |  0.2990894131
 356  8/  30 |          :      :       |    *  :      :          |  0.5571630567
 357  9/  30 |          :      :       |*      :      :          |  0.0642236708
 358 10/  30 |          :      *       |       :      :          | -0.8850132212
 359 11/  30 |          :    * :       |       :      :          | -1.0839280798
 360 12/  30 +          :      :     * |       :      :          + -0.2693813460
 361  1/  31 |          :      :       |      *:      :          |  0.8149764749
 362  2/  31 |          :      :    *  |       :      :          | -0.3706633274
 363  3/  31 |          :      :       |*      :      :          |  0.1288082628
 364  4/  31 |          :      :       |       :  *   :          |  1.2445795604
 365  5/  31 |          :      :     * |       :      :          | -0.1686569268
 366  6/  31 |          :      :       |       :   *  :          |  1.3231811714
 367  7/  31 |          :      :       |      *:      :          |  0.7797276490
 368  8/  31 |          :      :     * |       :      :          | -0.2627298807
 369  9/  31 |          :      :       |   *   :      :          |  0.4644666165
 370 10/  31 |          :      :       |    *  :      :          |  0.5647526674
 371 11/  31 |          :      :      *|       :      :          | -0.1255888294
 372 12/  31 +          :      :       *       :      :          + -0.0043059079
 373  1/  32 |          :      *       |       :      :          | -0.8581492002
 374  2/  32 |          :      :       |      *:      :          |  0.7518528701
 375  3/  32 |          :      :    *  |       :      :          | -0.2760176454
 376  4/  32 |          :      :    *  |       :      :          | -0.3020877862
 377  5/  32 |          :      :       |       :*     :          |  1.0103693166
 378  6/  32 |          :      :    *  |       :      :          | -0.3010270805
 379  7/  32 |          :      :    *  |       :      :          | -0.3157458832
 380  8/  32 |          :      :       |      *:      :          |  0.7468150299
 381  9/  32 |          :      :       |   *   :      :          |  0.4391213206
 382 10/  32 |          :      :       *       :      :          |  0.0170993835
 383 11/  32 |          :      :       |       : *    :          |  1.0513363099
 384 12/  32 +          :      :       |       :   *  :          +  1.3465137514
 385  1/  33 |          :  *   :       |       :      :          | -1.2976274624
 386  2/  33 |          :      :       |*      :      :          |  0.1461886603
 387  3/  33 |          :      :  *    |       :      :          | -0.5685262861
 388  4/  33 |          :      :    *  |       :      :          | -0.3287526789
 389  5/  33 |          :      :       |       :*     :          |  0.9669719671
 390  6/  33 |          :      :       |     * :      :          |  0.6049574891
 391  7/  33 |          :      : *     |       :      :          | -0.6297370551
 392  8/  33 |          :      :    *  |       :      :          | -0.3554548431
 393  9/  33 |          :      *       |       :      :          | -0.8518095439
 394 10/  33 |          :      :       |       :     *:          |  1.4718191021
 395 11/  33 |          :      :       |  *    :      :          |  0.3368685823
 396 12/  33 +          :      :       |*      :      :          +  0.1164463183
 397  1/  34 |          :    * :       |       :      :          | -1.1100623269
 398  2/  34 |          :      :       |       *      :          |  0.8749167557
 399  3/  34 |          :      :       |*      :      :          |  0.0955878602
-------------+--+-------+------+-------+-------+------+-------+--+--------------
               -3      -2     -1       0      +1     +2      +3   

                 +------------------------------------------+
                 |       Table of standardized values       |
                 |       greater than or equal to 2.0       |
                 +------------------------------------------+
                 |                                          |
                 | Observation    Date   Standardized value |
                 |                                          |
                 |     24       12/   2         2.80        |
                 |     68        8/   6         2.45        |
                 |     82       10/   7         2.57        |
                 |     85        1/   8         2.66        |
                 |     95       11/   8         2.99        |
                 |    124        4/  11        -2.81        |
                 |    139        7/  12        -2.82        |
                 |    197        5/  17         2.87        |
                 |    220        4/  19        -3.28        |
                 |    223        7/  19         2.37        |
                 |    225        9/  19        -2.04        |
                 |    228       12/  19        -2.64        |
                 |    234        6/  20        -2.12        |
                 |    251       11/  21         2.50        |
                 |    274       10/  23         2.08        |
                 |    282        6/  24         2.11        |
                 |    286       10/  24         2.77        |
                 |    328        4/  28         2.15        |
                 |    334       10/  28         2.11        |
                 |    341        5/  29         2.64        |
                 +------------------------------------------+

Standardized time series histogram:

       -4      -3      -2      -1       0      +1      +2      +3      +4
        +---+---+---+---+---+---+---+---+---+---+---+---+---+---+---+---+
        |                                 80                            |
        |                             74 ....                            |
        |                         66 ........                            |
        |                        ............                            |
        |                        ............ 56                         |
        |                        ................                        |
        |                        ................                        |
        |                     43 ................                        |
        |                    ....................                        |
        |                    .................... 32                     |
        |                    ........................                    |
        |                    ........................                    |
        |                    ........................                    |
        |                 14 ........................14                  |
        |                ................................  6  8          |
        |      1  3  2   ........................................        |
        |    ....................................................        |
        +---+---+---+---+---+---+---+---+---+---+---+---+---+---+---+---+
       -4      -3      -2      -1       0      +1      +2      +3      +4

             123 values outside (-1,+1): 30.83 % (31.74 % expected)
              20 values outside (-2,+2):  5.01 % ( 4.56 % expected)

Autocorrelation function (acf bands =  0.100):

            -1                         0                         1  L-B Q  DF
-------------+-------------------------+-------------------------+--------------
   1   0.040 |                      :  |* :                      | 
   2  -0.056 |                      : *|  :                      | 
   3   0.022 |                      :  |* :                      | 
   4  -0.102 |                      ***|  :                      | 
   5  -0.079 |                      :**|  :                      | 
   6   0.093 |                      :  |**:                      | 
   7  -0.009 |                      :  |  :                      | 
   8  -0.019 |                      :  |  :                      | 
   9   0.063 |                      :  |**:                      | 
  10   0.067 |                      :  |**:                      | 
  11   0.061 |                      :  |**:                      | 
  12  -0.029 +                      : +|  :                      +  17.86  12
  13  -0.060 |                      :**|  :                      | 
  14   0.005 |                      :  |  :                      | 
  15   0.026 |                      :  |* :                      | 
  16   0.046 |                      :  |* :                      | 
  17   0.052 |                      :  |* :                      | 
  18  -0.017 |                      :  |  :                      | 
  19  -0.026 |                      : *|  :                      | 
  20   0.016 |                      :  |  :                      | 
  21  -0.028 |                      : *|  :                      | 
  22  -0.054 |                      : *|  :                      | 
  23  -0.053 |                      : *|  :                      | 
  24  -0.019 +                      :  |  :                      +  25.18  24
  25  -0.004 |                      :  |  :                      | 
  26   0.033 |                      :  |* :                      | 
  27   0.029 |                      :  |* :                      | 
  28  -0.005 |                      :  |  :                      | 
  29  -0.025 |                      : *|  :                      | 
  30   0.017 |                      :  |  :                      | 
  31  -0.054 |                      : *|  :                      | 
  32   0.004 |                      :  |  :                      | 
  33   0.027 |                      :  |* :                      | 
  34  -0.019 |                      :  |  :                      | 
  35  -0.010 |                      :  |  :                      | 
  36   0.070 +                      :  |++:                      +  30.42  36
  37  -0.046 |                      : *|  :                      | 
  38   0.018 |                      :  |  :                      | 
  39   0.031 |                      :  |* :                      | 
  40  -0.048 |                      : *|  :                      | 
  41   0.024 |                      :  |* :                      | 
  42   0.033 |                      :  |* :                      |  33.70  42
-------------+-------------------------+-------------------------+--------------
            -1                         0                         1  L-B Q  DF

Partial autocorrelation function (pacf bands =  0.100):

            -1                         0                         1
-------------+-------------------------+-------------------------+--------------
   1   0.040 |                      :  |* :                      | 
   2  -0.058 |                      : *|  :                      | 
   3   0.027 |                      :  |* :                      | 
   4  -0.108 |                      ***|  :                      | 
   5  -0.068 |                      :**|  :                      | 
   6   0.088 |                      :  |**:                      | 
   7  -0.021 |                      : *|  :                      | 
   8  -0.015 |                      :  |  :                      | 
   9   0.045 |                      :  |* :                      | 
  10   0.076 |                      :  |**:                      | 
  11   0.074 |                      :  |**:                      | 
  12  -0.045 +                      : +|  :                      + 
  13  -0.044 |                      : *|  :                      | 
  14   0.029 |                      :  |* :                      | 
  15   0.036 |                      :  |* :                      | 
  16   0.040 |                      :  |* :                      | 
  17   0.027 |                      :  |* :                      | 
  18  -0.015 |                      :  |  :                      | 
  19  -0.010 |                      :  |  :                      | 
  20   0.010 |                      :  |  :                      | 
  21  -0.030 |                      : *|  :                      | 
  22  -0.051 |                      : *|  :                      | 
  23  -0.058 |                      : *|  :                      | 
  24  -0.014 +                      :  |  :                      + 
  25  -0.019 |                      :  |  :                      | 
  26   0.001 |                      :  |  :                      | 
  27   0.008 |                      :  |  :                      | 
  28  -0.002 |                      :  |  :                      | 
  29  -0.011 |                      :  |  :                      | 
  30   0.025 |                      :  |* :                      | 
  31  -0.054 |                      : *|  :                      | 
  32   0.022 |                      :  |* :                      | 
  33   0.029 |                      :  |* :                      | 
  34  -0.007 |                      :  |  :                      | 
  35  -0.013 |                      :  |  :                      | 
  36   0.057 +                      :  |+ :                      + 
  37  -0.037 |                      : *|  :                      | 
  38   0.040 |                      :  |* :                      | 
  39   0.025 |                      :  |* :                      | 
  40  -0.025 |                      : *|  :                      | 
  41   0.034 |                      :  |* :                      | 
  42   0.012 |                      :  |  :                      | 
-------------+-------------------------+-------------------------+--------------
            -1                         0                         1


--- Residual series a[3] ---
Unconditional residuals (seasonal period: 12)
399 observations: from 1/1 to 3/34

                  Mean:          -0.038061
Standard error of mean:           0.049869
              Variance:           0.992275
    Standard deviation:           0.996130
              Skewness:           0.179215
              Kurtosis:           0.111252
               Minimum:          -2.851957 at  8/9 (observation 104)
               Maximum:           3.010278 at  4/17 (observation 196)

Standardized time series plot (original values on right-side column):

             -3       -2      -1       0      +1      +2       +3 
-------------++--------+-------+-------+-------+-------+--------++--------------
   1  1/   1 |         :       :       *       :       :         | -0.0385848427
   2  2/   1 |         :       :       |       :       *         |  1.8980188793
   3  3/   1 |         :       :       |       : *     :         |  1.1212286996
   4  4/   1 |         :       :       |  *    :       :         |  0.2779798741
   5  5/   1 |         :       :*      |       :       :         | -0.8376348062
   6  6/   1 |         :       :       |       *       :         |  0.9589209108
   7  7/   1 |         :    *  :       |       :       :         | -1.3723837048
   8  8/   1 |         : *     :       |       :       :         | -1.7714183355
   9  9/   1 |         :       :       |       :   *   :         |  1.4553437681
  10 10/   1 |         :       :       |  *    :       :         |  0.2995086044
  11 11/   1 |         :    *  :       |       :       :         | -1.3238796260
  12 12/   1 +         :       :       |   *   :       :         +  0.4387178372
  13  1/   2 |         :       :       |       *       :         |  0.9072953403
  14  2/   2 |         :      *:       |       :       :         | -1.1961116095
  15  3/   2 |         :       :       |   *   :       :         |  0.4488498060
  16  4/   2 |         :       :       |   *   :       :         |  0.4260828845
  17  5/   2 |         :       :   *   |       :       :         | -0.5266811553
  18  6/   2 |         :       :       |*      :       :         |  0.1047267808
  19  7/   2 |         :       :       |       : *     :         |  1.2087144224
  20  8/   2 |         :       :   *   |       :       :         | -0.4800538977
  21  9/   2 |         :      *:       |       :       :         | -1.1664346597
  22 10/   2 |         :       :       |       *       :         |  0.8984724257
  23 11/   2>|         :       :       |       :       :   *     |> 2.3500838840
  24 12/   2 +         :       : *     |       :       :         + -0.8071883393
  25  1/   3 |         :       :*      |       :       :         | -0.8437488211
  26  2/   3 |         :      *:       |       :       :         | -1.1268260918
  27  3/   3 |         :       :      *|       :       :         | -0.1398646274
  28  4/   3 |         :      *:       |       :       :         | -1.1147050546
  29  5/   3 |         :       :       *       :       :         | -0.0312911448
  30  6/   3 |         : *     :       |       :       :         | -1.7345204823
  31  7/   3 |         :       :       |  *    :       :         |  0.3534100428
  32  8/   3 |         :       :       |       : *     :         |  1.2390510101
  33  9/   3 |         :       :       |       *       :         |  0.9505210478
  34 10/   3 |         :       :       |   *   :       :         |  0.3987799433
  35 11/   3 |         :       :    *  |       :       :         | -0.4210199114
  36 12/   3 +         :       :       |       :*      :         +  1.0588940810
  37  1/   4 |         :       :       |     * :       :         |  0.6519667658
  38  2/   4 |         :       :       |       :*      :         |  1.0675504953
  39  3/   4 |         :       :*      |       :       :         | -0.8488475737
  40  4/   4 |         :       :       |  *    :       :         |  0.3271644101
  41  5/   4 |         :       :   *   |       :       :         | -0.5854637666
  42  6/   4 |         :       :      *|       :       :         | -0.2053986224
  43  7/   4 |         :       :       |    *  :       :         |  0.5306726877
  44  8/   4 |         :       :      *|       :       :         | -0.1535366064
  45  9/   4 |         :       :       |       *       :         |  0.8961947400
  46 10/   4 |         :       :       |       :*      :         |  1.0334110013
  47 11/   4 |         :       :       |     * :       :         |  0.7215422043
  48 12/   4 +         :       :       |       :    *  :         +  1.5412160390
  49  1/   5 |         :       :    *  |       :       :         | -0.3558182506
  50  2/   5 |         :       :       |    *  :       :         |  0.5488682930
  51  3/   5 |         :    *  :       |       :       :         | -1.3269629633
  52  4/   5 |         :       :       |       :*      :         |  1.1189087669
  53  5/   5 |         :       :       |      *:       :         |  0.7878197590
  54  6/   5 |         :       :     * |       :       :         | -0.2495899579
  55  7/   5 |         :       :   *   |       :       :         | -0.5848264150
  56  8/   5 |         :       :     * |       :       :         | -0.3190424094
  57  9/   5 |         :      *:       |       :       :         | -1.1694817911
  58 10/   5 |         :       :       |     * :       :         |  0.7512524885
  59 11/   5 |         :       :       |     * :       :         |  0.6717576810
  60 12/   5 +         :       :  *    |       :       :         + -0.6175177656
  61  1/   6 |         :       :       |*      :       :         |  0.0872364404
  62  2/   6 |         :       :       |   *   :       :         |  0.4589316641
  63  3/   6 |         :       :       |       : *     :         |  1.2157720455
  64  4/   6 |         :     * :       |       :       :         | -1.2238296780
  65  5/   6 |         :       :       *       :       :         | -0.0898985079
  66  6/   6 |         :       :       |  *    :       :         |  0.3675765568
  67  7/   6 |         :       :       |       :      *:         |  1.8296014751
  68  8/   6 |         :       :   *   |       :       :         | -0.5519402324
  69  9/   6 |         :       :    *  |       :       :         | -0.3555084035
  70 10/   6 |         :       :      *|       :       :         | -0.1618176743
  71 11/   6 |         :       :       |       :       *         |  1.9455070281
  72 12/   6 +         :       :       |   *   :       :         +  0.4310739354
  73  1/   7 |         :       :       |     * :       :         |  0.6600626126
  74  2/   7 |         :       :  *    |       :       :         | -0.6169267416
  75  3/   7 |         :       :      *|       :       :         | -0.1733787720
  76  4/   7 |         :       :       *       :       :         |  0.0125634009
  77  5/   7 |         :      *:       |       :       :         | -1.1164800496
  78  6/   7 |         :       :       | *     :       :         |  0.1831280436
  79  7/   7 |         :       :       *       :       :         | -0.0188018131
  80  8/   7 |         :       *       |       :       :         | -0.9883737361
  81  9/   7 |         :       :       |       :      *:         |  1.7347129817
  82 10/   7 |         :       :       |  *    :       :         |  0.3540734153
  83 11/   7 |         :       :       |       *       :         |  0.8788425074
  84 12/   7 +         :       :       |       : *     :         +  1.1903516602
  85  1/   8 |         :       :       *       :       :         | -0.0902416438
  86  2/   8 |         :       :       | *     :       :         |  0.1633771043
  87  3/   8 |         :       :       *       :       :         | -0.0534838203
  88  4/   8 |         :       :     * |       :       :         | -0.2470973542
  89  5/   8 |         :       :       | *     :       :         |  0.1842298461
  90  6/   8 |         :       :       |      *:       :         |  0.8373068210
  91  7/   8 |         :     * :       |       :       :         | -1.2060146115
  92  8/   8 |         :       :       |   *   :       :         |  0.4841091620
  93  9/   8 |         :     * :       |       :       :         | -1.3047800759
  94 10/   8>|         :       :       |       :       :  *      |> 2.2180601215
  95 11/   8 |         :       :       |  *    :       :         |  0.2716833068
  96 12/   8 +         :       :       | *     :       :         +  0.2443330285
  97  1/   9 |         :   *   :       |       :       :         | -1.5420505431
  98  2/   9 |         :       : *     |       :       :         | -0.7338183213
  99  3/   9 |         :       :    *  |       :       :         | -0.4097198276
 100  4/   9 |         :       :       *       :       :         | -0.0789518265
 101  5/   9 |         :       : *     |       :       :         | -0.8053625498
 102  6/   9 |         :       :     * |       :       :         | -0.3368010855
 103  7/   9 |         :       :       |     * :       :         |  0.6694225039
 104  8/   9>|  *      :       :       |       :       :         |>-2.8519568774
 105  9/   9 |         :    *  :       |       :       :         | -1.3737482572
 106 10/   9 |         :     * :       |       :       :         | -1.2478417841
 107 11/   9 |         :       *       |       :       :         | -1.0392838506
 108 12/   9 +         :       :  *    |       :       :         + -0.5888465549
 109  1/  10 |         :       :      *|       :       :         | -0.1464624307
 110  2/  10 |         :       :       |    *  :       :         |  0.5995613120
 111  3/  10 |         :       :   *   |       :       :         | -0.5381636410
 112  4/  10 |         :       :       | *     :       :         |  0.2260160440
 113  5/  10 |         :       :       |      *:       :         |  0.7680643361
 114  6/  10 |         : *     :       |       :       :         | -1.6998383152
 115  7/  10 |         :       :       *       :       :         | -0.0968240945
 116  8/  10 |         :       :       |  *    :       :         |  0.3230242065
 117  9/  10 |         :       :       |   *   :       :         |  0.4267627062
 118 10/  10 |         :       :       |   *   :       :         |  0.4011713769
 119 11/  10 |         :     * :       |       :       :         | -1.2120515383
 120 12/  10 +         :       :     * |       :       :         + -0.3334174949
 121  1/  11 |         :       :       |    *  :       :         |  0.5783634336
 122  2/  11 |         : *     :       |       :       :         | -1.7755732762
 123  3/  11>|     *   :       :       |       :       :         |>-2.5017619784
 124  4/  11 |         :       :       |      *:       :         |  0.8123854035
 125  5/  11 |         :       :    *  |       :       :         | -0.4317058989
 126  6/  11 |         :       :       *       :       :         | -0.0625117200
 127  7/  11 |         :       :       |       :   *   :         |  1.4348538089
 128  8/  11 |         :       :  *    |       :       :         | -0.6001465262
 129  9/  11 |         :       :       |*      :       :         |  0.0728635946
 130 10/  11 |         :   *   :       |       :       :         | -1.5053231040
 131 11/  11 |         :       :       |    *  :       :         |  0.5408950047
 132 12/  11 +         :     * :       |       :       :         + -1.2788744014
 133  1/  12 |         :       :       |      *:       :         |  0.8098699364
 134  2/  12 |         :       :       |       *       :         |  0.9320355728
 135  3/  12 |         :       :      *|       :       :         | -0.1896325505
 136  4/  12 |         :   *   :       |       :       :         | -1.5203203204
 137  5/  12 |         :       :       |       *       :         |  0.9526615911
 138  6/  12>|        *:       :       |       :       :         |>-2.1271603670
 139  7/  12 |         :       : *     |       :       :         | -0.8168365159
 140  8/  12 |         :   *   :       |       :       :         | -1.4504520519
 141  9/  12 |         :       :       |*      :       :         |  0.1207135967
 142 10/  12>|         :       :       |       :       :    *    |> 2.4950546790
 143 11/  12 |         :       :       *       :       :         | -0.0617749771
 144 12/  12 +         :       :     * |       :       :         + -0.2714825988
 145  1/  13 |         :       :       |     * :       :         |  0.6341776593
 146  2/  13 |         :       :       *       :       :         | -0.0711683515
 147  3/  13 |         :       :    *  |       :       :         | -0.4049702290
 148  4/  13 |         :       :       |       *       :         |  0.9686667994
 149  5/  13 |         :       :       |       *       :         |  0.9708364896
 150  6/  13 |         :       :  *    |       :       :         | -0.6190752129
 151  7/  13 |         :       :   *   |       :       :         | -0.5795005149
 152  8/  13 |         :     * :       |       :       :         | -1.2889814603
 153  9/  13 |         :       :    *  |       :       :         | -0.3576137230
 154 10/  13 |         :       :       |       : *     :         |  1.1987564643
 155 11/  13 |         :       :     * |       :       :         | -0.2761503246
 156 12/  13 +         :     * :       |       :       :         + -1.2642614102
 157  1/  14 |         :       :       |   *   :       :         |  0.4735625325
 158  2/  14 |         :       :       |       :  *    :         |  1.3405287602
 159  3/  14 |         :       :       *       :       :         | -0.0147069847
 160  4/  14 |         :       :       |   *   :       :         |  0.4471392628
 161  5/  14 |         :       :     * |       :       :         | -0.3187363816
 162  6/  14 |         :       :       |     * :       :         |  0.7212376918
 163  7/  14 |         :       :     * |       :       :         | -0.2659465882
 164  8/  14 |         :       :     * |       :       :         | -0.2802868916
 165  9/  14 |         :       :    *  |       :       :         | -0.3860649155
 166 10/  14 |         :       :       |     * :       :         |  0.6920769336
 167 11/  14 |         :       :       | *     :       :         |  0.1461672912
 168 12/  14 +         :       :       |  *    :       :         +  0.2853776219
 169  1/  15 |         :  *    :       |       :       :         | -1.5705492256
 170  2/  15 |         :       :  *    |       :       :         | -0.7063228399
 171  3/  15 |         :       :      *|       :       :         | -0.2204663525
 172  4/  15 |         :       :       |*      :       :         |  0.1235853101
 173  5/  15 |         :       :       |       :       *         |  1.8787783930
 174  6/  15 |         :       :       |       :*      :         |  1.0240826067
 175  7/  15 |         :   *   :       |       :       :         | -1.5087178777
 176  8/  15 |         :     * :       |       :       :         | -1.2252242324
 177  9/  15 |         :       :  *    |       :       :         | -0.5933455659
 178 10/  15 |         :       :       *       :       :         | -0.0667706822
 179 11/  15 |         :       *       |       :       :         | -0.9628892118
 180 12/  15 +         :       : *     |       :       :         + -0.7276587894
 181  1/  16 |         :       :       |*      :       :         |  0.1131623484
 182  2/  16 |         :       :       |    *  :       :         |  0.6114950350
 183  3/  16 |         :       :       | *     :       :         |  0.2666466496
 184  4/  16 |         :       :    *  |       :       :         | -0.4046897984
 185  5/  16 |         :       :       |*      :       :         |  0.0790717120
 186  6/  16 |         :       :      *|       :       :         | -0.1241801116
 187  7/  16>|       * :       :       |       :       :         |>-2.2616684272
 188  8/  16 |         :       :      *|       :       :         | -0.1969122987
 189  9/  16 |         :       :       |  *    :       :         |  0.2937959347
 190 10/  16 |         :       :  *    |       :       :         | -0.6635890543
 191 11/  16 |         :       :      *|       :       :         | -0.2075845017
 192 12/  16 +         :       :      *|       :       :         + -0.1763027180
 193  1/  17 |         :       :       |    *  :       :         |  0.5968007357
 194  2/  17 |         :       :       |       :   *   :         |  1.4388269536
 195  3/  17 |         :       :  *    |       :       :         | -0.7062980405
 196  4/  17>|         :       :       |       :       :        *|> 3.0102782962
 197  5/  17 |         :      *:       |       :       :         | -1.1217090795
 198  6/  17 |         :       :       |       :  *    :         |  1.3113289052
 199  7/  17 |         :       :    *  |       :       :         | -0.4155658510
 200  8/  17 |         :       :*      |       :       :         | -0.9169343628
 201  9/  17 |         :       :       *       :       :         | -0.0646109848
 202 10/  17 |         :       :    *  |       :       :         | -0.3573241794
 203 11/  17 |         :  *    :       |       :       :         | -1.6347905124
 204 12/  17 +         :   *   :       |       :       :         + -1.4588167146
 205  1/  18 |         :       :       |       :  *    :         |  1.2996867278
 206  2/  18 |         :       :       |  *    :       :         |  0.3311849723
 207  3/  18 |         :      *:       |       :       :         | -1.1245859189
 208  4/  18 |         :       :   *   |       :       :         | -0.4654472871
 209  5/  18 |         :       :     * |       :       :         | -0.3075678730
 210  6/  18 |         :       :       |*      :       :         |  0.0585826301
 211  7/  18 |         :     * :       |       :       :         | -1.2471976867
 212  8/  18 |         :       :       |*      :       :         |  0.0695291294
 213  9/  18 |         :       :       | *     :       :         |  0.2584877104
 214 10/  18 |         :      *:       |       :       :         | -1.1486491585
 215 11/  18 |         :       :     * |       :       :         | -0.3291533681
 216 12/  18 +         :  *    :       |       :       :         + -1.6351754397
 217  1/  19 |         :   *   :       |       :       :         | -1.4412736394
 218  2/  19 |         :       :      *|       :       :         | -0.2107571987
 219  3/  19>|  *      :       :       |       :       :         |>-2.8279932447
 220  4/  19 |         :      *:       |       :       :         | -1.1722133289
 221  5/  19 |         :       :       |       :  *    :         |  1.2725349840
 222  6/  19 |         :       :       |       :       *         |  1.9484999346
 223  7/  19 |         :       :       *       :       :         | -0.0649024906
 224  8/  19>|       * :       :       |       :       :         |>-2.1965570521
 225  9/  19 |         :  *    :       |       :       :         | -1.6523215223
 226 10/  19 |         :       : *     |       :       :         | -0.7809176314
 227 11/  19 |         : *     :       |       :       :         | -1.7616739743
 228 12/  19 +         :      *:       |       :       :         + -1.0933276862
 229  1/  20 |         :       :  *    |       :       :         | -0.7038426062
 230  2/  20 |         :       *       |       :       :         | -0.9988893743
 231  3/  20 |         :       :       |       :       *         |  1.9012312638
 232  4/  20>|         :       :       |       :       : *       |> 2.1090358208
 233  5/  20>|        *:       :       |       :       :         |>-2.1123585997
 234  6/  20 |         :       :    *  |       :       :         | -0.3825200355
 235  7/  20 |         :       :       | *     :       :         |  0.2544635638
 236  8/  20 |         :       :       |    *  :       :         |  0.5209551108
 237  9/  20 |         :       :       | *     :       :         |  0.2336709956
 238 10/  20>|         :       :       |       :       :*        |> 2.0923950265
 239 11/  20 |         :       :   *   |       :       :         | -0.5643971195
 240 12/  20 +         :       :    *  |       :       :         + -0.4082974069
 241  1/  21 |         :       :      *|       :       :         | -0.1948491277
 242  2/  21 |         :       :     * |       :       :         | -0.2933823068
 243  3/  21 |         :       :  *    |       :       :         | -0.6048339137
 244  4/  21 |         :       :      *|       :       :         | -0.1930913885
 245  5/  21 |         :    *  :       |       :       :         | -1.3745353916
 246  6/  21 |         :       :       |       :       *         |  1.8983539538
 247  7/  21 |         :       :       *       :       :         |  0.0210636590
 248  8/  21>|         :       :       |       :       : *       |> 2.1042578266
 249  9/  21 |         :       :       |*      :       :         |  0.1168353223
 250 10/  21 |         :       :       |       :     * :         |  1.7084008380
 251 11/  21 |         :       :      *|       :       :         | -0.1866865627
 252 12/  21 +         :       : *     |       :       :         + -0.8264572622
 253  1/  22 |         :    *  :       |       :       :         | -1.3983623237
 254  2/  22 |         :   *   :       |       :       :         | -1.5601936774
 255  3/  22 |         :       :   *   |       :       :         | -0.5184142972
 256  4/  22 |         :       :       |       : *     :         |  1.1838647214
 257  5/  22 |         :       :    *  |       :       :         | -0.4145301672
 258  6/  22 |         :       :       |*      :       :         |  0.0940988975
 259  7/  22 |         :       :       |       *       :         |  0.9417257921
 260  8/  22 |         :       :*      |       :       :         | -0.8746113780
 261  9/  22 |         :       :       |   *   :       :         |  0.4671684853
 262 10/  22 |         :       :     * |       :       :         | -0.2382864095
 263 11/  22 |         :       :   *   |       :       :         | -0.4651919041
 264 12/  22 +         :       :       |   *   :       :         +  0.4686478665
 265  1/  23 |         :       :       |      *:       :         |  0.7546107976
 266  2/  23 |         :       :       *       :       :         | -0.0735874555
 267  3/  23 |         :       :       |      *:       :         |  0.8080820040
 268  4/  23 |         :       :*      |       :       :         | -0.8469523006
 269  5/  23 |         :       :       *       :       :         | -0.0928793759
 270  6/  23 |         :       *       |       :       :         | -1.0172066036
 271  7/  23 |         :       :     * |       :       :         | -0.3192159019
 272  8/  23 |         :       :       |*      :       :         |  0.0975787680
 273  9/  23>|         :       :       |       :       :     *   |> 2.5982312548
 274 10/  23 |         :       :   *   |       :       :         | -0.5129065419
 275 11/  23 |         :       :    *  |       :       :         | -0.4336959141
 276 12/  23 +         :       :     * |       :       :         + -0.2281761681
 277  1/  24 |         :       :    *  |       :       :         | -0.3905155332
 278  2/  24 |         :       :       |  *    :       :         |  0.2682783616
 279  3/  24 |         :       :      *|       :       :         | -0.2069615961
 280  4/  24 |         :       :       |     * :       :         |  0.7341754732
 281  5/  24>|         :       :       |       :       :  *      |> 2.3016073468
 282  6/  24 |         :       :       |       *       :         |  0.9228074919
 283  7/  24 |         :       :     * |       :       :         | -0.3183206964
 284  8/  24 |         :       :       |       :  *    :         |  1.3388299623
 285  9/  24 |         :       :       |       :       *         |  1.8528842210
 286 10/  24 |         :       :       |   *   :       :         |  0.4699911853
 287 11/  24 |         :       : *     |       :       :         | -0.7928225731
 288 12/  24 +         :       :       |  *    :       :         +  0.3745625526
 289  1/  25 |         :       :    *  |       :       :         | -0.4041930220
 290  2/  25 |         :       :   *   |       :       :         | -0.5148986913
 291  3/  25 |         :       :      *|       :       :         | -0.2096838191
 292  4/  25 |         :       :       |       :*      :         |  1.0192183063
 293  5/  25 |         :       :      *|       :       :         | -0.0992450066
 294  6/  25 |         :       :       |      *:       :         |  0.8142647584
 295  7/  25 |         :     * :       |       :       :         | -1.2315848664
 296  8/  25 |         :       :      *|       :       :         | -0.1888647523
 297  9/  25 |         :       :     * |       :       :         | -0.3135764018
 298 10/  25 |         :       :       |       :  *    :         |  1.2911485488
 299 11/  25 |         :       :       | *     :       :         |  0.2104721400
 300 12/  25 +         :       :      *|       :       :         + -0.1710766294
 301  1/  26>|         :       :       |       :       : *       |> 2.1065500462
 302  2/  26 |         :       :       |*      :       :         |  0.0589290194
 303  3/  26 |         :       :  *    |       :       :         | -0.6760584767
 304  4/  26 |         :       :       |       :  *    :         |  1.3133982695
 305  5/  26 |         :       :  *    |       :       :         | -0.6680927798
 306  6/  26 |         :       :       |   *   :       :         |  0.4181111410
 307  7/  26 |         :       :      *|       :       :         | -0.2200471283
 308  8/  26 |         :    *  :       |       :       :         | -1.3962275978
 309  9/  26 |         :       *       |       :       :         | -1.0149284557
 310 10/  26 |         :       :      *|       :       :         | -0.2055104865
 311 11/  26 |         :   *   :       |       :       :         | -1.5595184357
 312 12/  26 +         :       :      *|       :       :         + -0.1202632974
 313  1/  27 |         :       :       |     * :       :         |  0.6662898138
 314  2/  27 |         :       :       |    *  :       :         |  0.5734775831
 315  3/  27 |         :    *  :       |       :       :         | -1.3230619717
 316  4/  27 |         : *     :       |       :       :         | -1.7473357429
 317  5/  27 |         :       :    *  |       :       :         | -0.4214497139
 318  6/  27 |         :       :   *   |       :       :         | -0.4696136911
 319  7/  27 |         :       : *     |       :       :         | -0.7751222639
 320  8/  27 |         :       :       |    *  :       :         |  0.6180282682
 321  9/  27 |         :       *       |       :       :         | -0.9542728623
 322 10/  27 |         :     * :       |       :       :         | -1.2399530641
 323 11/  27 |         :       :      *|       :       :         | -0.1542703691
 324 12/  27 +         :       :      *|       :       :         + -0.1623421340
 325  1/  28 |         :       :       |*      :       :         |  0.0466411658
 326  2/  28 |         :       :       |    *  :       :         |  0.5201062035
 327  3/  28 |         :       :       |       :     * :         |  1.6946171468
 328  4/  28 |         :       :       |       :      *:         |  1.8099490763
 329  5/  28 |         :*      :       |       :       :         | -1.8370617722
 330  6/  28 |         :       :       |       :*      :         |  1.0764683633
 331  7/  28 |         :       :     * |       :       :         | -0.2421669980
 332  8/  28 |         :     * :       |       :       :         | -1.3130290590
 333  9/  28 |         :       :       |       :  *    :         |  1.2676231700
 334 10/  28 |         :       :       | *     :       :         |  0.2561068429
 335 11/  28 |         :       :      *|       :       :         | -0.1108021681
 336 12/  28 +         :       :   *   |       :       :         + -0.5452343377
 337  1/  29 |         :     * :       |       :       :         | -1.2209491399
 338  2/  29 |         :       :       |       :*      :         |  1.0792692776
 339  3/  29 |         :       :      *|       :       :         | -0.1372408252
 340  4/  29>|         :       :       |       :       :        *|> 2.9722719149
 341  5/  29 |         :       :       |     * :       :         |  0.6909133003
 342  6/  29 |         :       :      *|       :       :         | -0.1677583219
 343  7/  29 |         :       :       |   *   :       :         |  0.4140059427
 344  8/  29 |         :     * :       |       :       :         | -1.1965513102
 345  9/  29 |         :       :       |       : *     :         |  1.1391701531
 346 10/  29 |         :       :      *|       :       :         | -0.1996106430
 347 11/  29>|        *:       :       |       :       :         |>-2.1191985714
 348 12/  29 +         :       :  *    |       :       :         + -0.5891729097
 349  1/  30 |         :       :       |       :   *   :         |  1.4119397834
 350  2/  30 |         :       :   *   |       :       :         | -0.5513702694
 351  3/  30 |         :       :       |*      :       :         |  0.0825736665
 352  4/  30 |         :       :       |      *:       :         |  0.8266809079
 353  5/  30 |         :    *  :       |       :       :         | -1.3348304363
 354  6/  30 |         :       : *     |       :       :         | -0.8179998001
 355  7/  30 |         :       :       |       :     * :         |  1.7115321195
 356  8/  30 |         :       :    *  |       :       :         | -0.4012606646
 357  9/  30 |         :       :       | *     :       :         |  0.1975513428
 358 10/  30 |         :  *    :       |       :       :         | -1.5648108872
 359 11/  30 |         :       : *     |       :       :         | -0.7948153894
 360 12/  30 +         :       :       |       :    *  :         +  1.4993247984
 361  1/  31 |         :       :   *   |       :       :         | -0.5838924633
 362  2/  31 |         :       :     * |       :       :         | -0.3363508312
 363  3/  31 |         :       :       |*      :       :         |  0.1001694434
 364  4/  31 |         :       :       | *     :       :         |  0.2602590663
 365  5/  31 |         :       :       |    *  :       :         |  0.5220645060
 366  6/  31 |         :       :       |   *   :       :         |  0.4472784662
 367  7/  31 |         :       :     * |       :       :         | -0.2918038079
 368  8/  31 |         :       :*      |       :       :         | -0.8848596230
 369  9/  31 |         :       :       | *     :       :         |  0.1718459747
 370 10/  31 |         :       :      *|       :       :         | -0.1088234094
 371 11/  31 |         :       :       |*      :       :         |  0.1335934393
 372 12/  31 +         :    *  :       |       :       :         + -1.3435936065
 373  1/  32 |         :       :       |       :  *    :         |  1.2653451536
 374  2/  32 |         :       :       *       :       :         | -0.0137011679
 375  3/  32 |         :       :       | *     :       :         |  0.1602538789
 376  4/  32 |         :       :       |      *:       :         |  0.8108423950
 377  5/  32 |         :       :       |    *  :       :         |  0.6055222952
 378  6/  32 |         :     * :       |       :       :         | -1.2196700816
 379  7/  32 |         :       :       |   *   :       :         |  0.4589139245
 380  8/  32 |         :       :       |   *   :       :         |  0.4152883915
 381  9/  32 |         :       :       | *     :       :         |  0.2330679242
 382 10/  32 |         :       :       |       :  *    :         |  1.2424366099
 383 11/  32 |         :       :       |      *:       :         |  0.8516308450
 384 12/  32 +         :    *  :       |       :       :         + -1.3226017161
 385  1/  33 |         :       :       |     * :       :         |  0.7278355197
 386  2/  33 |         :       :    *  |       :       :         | -0.4423584177
 387  3/  33 |         :       :       |*      :       :         |  0.1308894415
 388  4/  33 |         :       :       *       :       :         |  0.0127971324
 389  5/  33 |         :       :       |    *  :       :         |  0.6067352685
 390  6/  33 |         :       :       *       :       :         | -0.0424707268
 391  7/  33 |         :       :       *       :       :         | -0.0369626383
 392  8/  33 |         :       :*      |       :       :         | -0.8973990769
 393  9/  33 |         :       :       |      *:       :         |  0.8135230694
 394 10/  33 |         :       :       *       :       :         | -0.0803129776
 395 11/  33 |         :       :       |       *       :         |  0.9347601254
 396 12/  33 +         : *     :       |       :       :         + -1.7967539899
 397  1/  34 |         :       :       |       :    *  :         |  1.5937480446
 398  2/  34 |         :       :      *|       :       :         | -0.1725896568
 399  3/  34 |         :       :       | *     :       :         |  0.2287517230
-------------++--------+-------+-------+-------+-------+--------++--------------
             -3       -2      -1       0      +1      +2       +3 

                 +------------------------------------------+
                 |       Table of standardized values       |
                 |       greater than or equal to 2.0       |
                 +------------------------------------------+
                 |                                          |
                 | Observation    Date   Standardized value |
                 |                                          |
                 |     23       11/   2         2.40        |
                 |     94       10/   8         2.26        |
                 |    104        8/   9        -2.82        |
                 |    123        3/  11        -2.47        |
                 |    138        6/  12        -2.10        |
                 |    142       10/  12         2.54        |
                 |    187        7/  16        -2.23        |
                 |    196        4/  17         3.06        |
                 |    219        3/  19        -2.80        |
                 |    224        8/  19        -2.17        |
                 |    232        4/  20         2.16        |
                 |    233        5/  20        -2.08        |
                 |    238       10/  20         2.14        |
                 |    248        8/  21         2.15        |
                 |    273        9/  23         2.65        |
                 |    281        5/  24         2.35        |
                 |    301        1/  26         2.15        |
                 |    340        4/  29         3.02        |
                 |    347       11/  29        -2.09        |
                 +------------------------------------------+

Standardized time series histogram:

       -4      -3      -2      -1       0      +1      +2      +3      +4
        +---+---+---+---+---+---+---+---+---+---+---+---+---+---+---+---+
        |                             97                                |
        |                            ....                                |
        |                            ....                                |
        |                            ....                                |
        |                            .... 71                             |
        |                            ........                            |
        |                            ........                            |
        |                            ........ 54                         |
        |                     45 48  ............                        |
        |                    ....................                        |
        |                    .................... 33                     |
        |                    ........................                    |
        |                    ........................                    |
        |                 16 ........................16                  |
        |                ................................  7             |
        |          2  6  ....................................2  2        |
        |        ....................................................    |
        +---+---+---+---+---+---+---+---+---+---+---+---+---+---+---+---+
       -4      -3      -2      -1       0      +1      +2      +3      +4

             129 values outside (-1,+1): 32.33 % (31.74 % expected)
              19 values outside (-2,+2):  4.76 % ( 4.56 % expected)

Autocorrelation function (acf bands =  0.100):

            -1                         0                         1  L-B Q  DF
-------------+-------------------------+-------------------------+--------------
   1   0.014 |                      :  |  :                      | 
   2  -0.030 |                      : *|  :                      | 
   3   0.014 |                      :  |  :                      | 
   4  -0.000 |                      :  |  :                      | 
   5  -0.068 |                      :**|  :                      | 
   6   0.026 |                      :  |* :                      | 
   7  -0.035 |                      : *|  :                      | 
   8   0.060 |                      :  |* :                      | 
   9   0.027 |                      :  |* :                      | 
  10   0.087 |                      :  |**:                      | 
  11  -0.039 |                      : *|  :                      | 
  12   0.003 +                      :  |  :                      +   8.69  12
  13   0.049 |                      :  |* :                      | 
  14   0.035 |                      :  |* :                      | 
  15   0.035 |                      :  |* :                      | 
  16   0.100 |                      :  |**:                      | 
  17   0.037 |                      :  |* :                      | 
  18  -0.047 |                      : *|  :                      | 
  19  -0.043 |                      : *|  :                      | 
  20  -0.040 |                      : *|  :                      | 
  21   0.016 |                      :  |  :                      | 
  22  -0.079 |                      :**|  :                      | 
  23  -0.070 |                      :**|  :                      | 
  24   0.029 +                      :  |+ :                      +  22.96  24
  25   0.081 |                      :  |**:                      | 
  26   0.005 |                      :  |  :                      | 
  27   0.026 |                      :  |* :                      | 
  28  -0.040 |                      : *|  :                      | 
  29   0.002 |                      :  |  :                      | 
  30  -0.057 |                      : *|  :                      | 
  31  -0.043 |                      : *|  :                      | 
  32  -0.018 |                      :  |  :                      | 
  33   0.014 |                      :  |  :                      | 
  34   0.007 |                      :  |  :                      | 
  35   0.011 |                      :  |  :                      | 
  36   0.054 +                      :  |+ :                      +  30.57  36
  37   0.007 |                      :  |  :                      | 
  38  -0.046 |                      : *|  :                      | 
  39   0.030 |                      :  |* :                      | 
  40   0.050 |                      :  |* :                      | 
  41  -0.040 |                      : *|  :                      | 
  42   0.057 |                      :  |* :                      |  35.18  42
-------------+-------------------------+-------------------------+--------------
            -1                         0                         1  L-B Q  DF

Partial autocorrelation function (pacf bands =  0.100):

            -1                         0                         1
-------------+-------------------------+-------------------------+--------------
   1   0.014 |                      :  |  :                      | 
   2  -0.031 |                      : *|  :                      | 
   3   0.015 |                      :  |  :                      | 
   4  -0.001 |                      :  |  :                      | 
   5  -0.068 |                      :**|  :                      | 
   6   0.028 |                      :  |* :                      | 
   7  -0.040 |                      : *|  :                      | 
   8   0.065 |                      :  |**:                      | 
   9   0.022 |                      :  |* :                      | 
  10   0.087 |                      :  |**:                      | 
  11  -0.039 |                      : *|  :                      | 
  12   0.004 +                      :  |  :                      + 
  13   0.055 |                      :  |* :                      | 
  14   0.033 |                      :  |* :                      | 
  15   0.054 |                      :  |* :                      | 
  16   0.089 |                      :  |**:                      | 
  17   0.044 |                      :  |* :                      | 
  18  -0.052 |                      : *|  :                      | 
  19  -0.040 |                      : *|  :                      | 
  20  -0.043 |                      : *|  :                      | 
  21   0.030 |                      :  |* :                      | 
  22  -0.090 |                      :**|  :                      | 
  23  -0.086 |                      :**|  :                      | 
  24   0.006 +                      :  |  :                      + 
  25   0.058 |                      :  |* :                      | 
  26  -0.004 |                      :  |  :                      | 
  27   0.019 |                      :  |  :                      | 
  28  -0.034 |                      : *|  :                      | 
  29  -0.005 |                      :  |  :                      | 
  30  -0.060 |                      : *|  :                      | 
  31  -0.044 |                      : *|  :                      | 
  32   0.002 |                      :  |  :                      | 
  33   0.010 |                      :  |  :                      | 
  34   0.012 |                      :  |  :                      | 
  35   0.010 |                      :  |  :                      | 
  36   0.088 +                      :  |++:                      + 
  37   0.008 |                      :  |  :                      | 
  38  -0.022 |                      : *|  :                      | 
  39   0.049 |                      :  |* :                      | 
  40   0.054 |                      :  |* :                      | 
  41  -0.055 |                      : *|  :                      | 
  42   0.041 |                      :  |* :                      | 
-------------+-------------------------+-------------------------+--------------
            -1                         0                         1


--- Cross-correlation functions between residuals ---

CROSS CORRELATION a[2] - a[1]
      a[2] --> a[1] IF k > 0
      a[1] --> a[2] IF k < 0
CCF BANDS  2.0/SQRT(N) =  0.10013:

            -1                         0                         1
-------------+-------------------------+-------------------------+--------------
  -9  -0.029 |                      : *|  :                      |                            
  -8   0.062 |                      :  |**:                      |                            
  -7   0.005 |                      :  |  :                      |                            
  -6   0.067 |                      :  |**:                      |                            
  -5  -0.001 |                      :  |  :                      |                            
  -4  -0.083 |                      :**|  :                      |                            
  -3   0.036 |                      :  |* :                      |                            
  -2  -0.040 |                      : *|  :                      |                            
  -1  -0.059 |                      : *|  :                      |                            
   0   0.006 |                      :  |  :                      |                            
   1  -0.075 |                      :**|  :                      |                            
   2  -0.008 |                      :  |  :                      |                            
   3   0.055 |                      :  |* :                      |                            
   4   0.038 |                      :  |* :                      |                            
   5  -0.013 |                      :  |  :                      |                            
   6   0.082 |                      :  |**:                      |                            
   7   0.020 |                      :  |  :                      |                            
   8  -0.005 |                      :  |  :                      |                            
   9   0.019 |                      :  |  :                      |                            
-------------+-------------------------+-------------------------+--------------
            -1                         0                         1
Q(10) =  7.223     k >= 0      Q( 9) =  7.207      k > 0
Q(10) =  9.108     k <= 0      Q( 9) =  9.092      k < 0

CROSS CORRELATION a[3] - a[1]
      a[3] --> a[1] IF k > 0
      a[1] --> a[3] IF k < 0
CCF BANDS  2.0/SQRT(N) =  0.10013:

            -1                         0                         1
-------------+-------------------------+-------------------------+--------------
  -9   0.031 |                      :  |* :                      |                            
  -8  -0.020 |                      : *|  :                      |                            
  -7   0.009 |                      :  |  :                      |                            
  -6   0.014 |                      :  |  :                      |                            
  -5   0.055 |                      :  |* :                      |                            
  -4  -0.055 |                      : *|  :                      |                            
  -3  -0.070 |                      :**|  :                      |                            
  -2   0.036 |                      :  |* :                      |                            
  -1  -0.013 |                      :  |  :                      |                            
   0  -0.092 |                      :**|  :                      |                            
   1   0.019 |                      :  |  :                      |                            
   2  -0.077 |                      :**|  :                      |                            
   3  -0.008 |                      :  |  :                      |                            
   4  -0.004 |                      :  |  :                      |                            
   5   0.053 |                      :  |* :                      |                            
   6   0.045 |                      :  |* :                      |                            
   7   0.087 |                      :  |**:                      |                            
   8  -0.011 |                      :  |  :                      |                            
   9  -0.017 |                      :  |  :                      |                            
-------------+-------------------------+-------------------------+--------------
            -1                         0                         1
Q(10) = 11.144     k >= 0      Q( 9) =  7.752      k > 0
Q(10) =  9.100     k <= 0      Q( 9) =  5.708      k < 0

CROSS CORRELATION a[3] - a[2]
      a[3] --> a[2] IF k > 0
      a[2] --> a[3] IF k < 0
CCF BANDS  2.0/SQRT(N) =  0.10013:

            -1                         0                         1
-------------+-------------------------+-------------------------+--------------
  -9   0.041 |                      :  |* :                      |                            
  -8   0.108 |                      :  |***                      |                            
  -7  -0.004 |                      :  |  :                      |                            
  -6  -0.014 |                      :  |  :                      |                            
  -5   0.080 |                      :  |**:                      |                            
  -4  -0.078 |                      :**|  :                      |                            
  -3  -0.073 |                      :**|  :                      |                            
  -2   0.004 |                      :  |  :                      |                            
  -1  -0.039 |                      : *|  :                      |                            
   0   0.063 |                      :  |**:                      |                            
   1   0.802 |                      :  |********************     |                            
   2   0.078 |                      :  |**:                      |                            
   3  -0.025 |                      : *|  :                      |                            
   4   0.017 |                      :  |  :                      |                            
   5  -0.035 |                      : *|  :                      |                            
   6  -0.045 |                      : *|  :                      |                            
   7   0.032 |                      :  |* :                      |                            
   8  -0.038 |                      : *|  :                      |                            
   9   0.049 |                      :  |* :                      |                            
-------------+-------------------------+-------------------------+--------------
            -1                         0                         1
Q(10) = 266.474     k >= 0      Q( 9) = 264.886      k > 0
Q(10) = 15.088     k <= 0      Q( 9) = 13.500      k < 0

=============================================================

--- Multivariate diagnostics (Hosking + JB) ---


=============================================================
           MULTIVARIATE RESIDUAL DIAGNOSTICS                
=============================================================

Hosking's Multivariate Portmanteau Test (lag 19):
  Q(171) = 396.3122, p-value = 0.0000
  *** REJECT H0: residuals are not white noise.

Multivariate Jarque-Bera Test (normality):
  JB(6) = 10.6761, p-value = 0.0989
  Cannot reject H0: residuals appear normal.
=============================================================

=============================================================
  TRANSFER FUNCTION ADEQUACY - input 1 (SYNC_M)
  CCF between the estimated noise and the prewhitened input    
=============================================================
  If (b, r, s) is correct, this CCF must be white noise.
    significant at k >= 0 -> structure missing in the TRANSFER
    significant at k <  0 -> FEEDBACK (X is not exogenous)

CCF BANDS  2.0/SQRT(N) =  0.10013:

            -1                         0                         1
-------------+-------------------------+-------------------------+--------------
 -24   0.086 +                      :  |**:                      +                            
 -23   0.113 |                      :  |***                      |                            
 -22   0.021 |                      :  |* :                      |                            
 -21  -0.072 |                      :**|  :                      |                            
 -20  -0.051 |                      : *|  :                      |                            
 -19   0.099 |                      :  |**:                      |                            
 -18  -0.016 |                      :  |  :                      |                            
 -17   0.054 |                      :  |* :                      |                            
 -16   0.056 |                      :  |* :                      |                            
 -15  -0.094 |                      :**|  :                      |                            
 -14   0.014 |                      :  |  :                      |                            
 -13  -0.012 |                      :  |  :                      |                            
 -12  -0.050 +                      : *|  :                      +                            
 -11   0.030 |                      :  |* :                      |                            
 -10   0.018 |                      :  |  :                      |                            
  -9  -0.029 |                      : *|  :                      |                            
  -8   0.062 |                      :  |**:                      |                            
  -7   0.005 |                      :  |  :                      |                            
  -6   0.067 |                      :  |**:                      |                            
  -5  -0.001 |                      :  |  :                      |                            
  -4  -0.083 |                      :**|  :                      |                            
  -3   0.036 |                      :  |* :                      |                            
  -2  -0.040 |                      : *|  :                      |                            
  -1  -0.059 |                      : *|  :                      |                            
   0   0.006 +                      :  |  :                      +                            
   1  -0.075 |                      :**|  :                      |                            
   2  -0.008 |                      :  |  :                      |                            
   3   0.055 |                      :  |* :                      |                            
   4   0.038 |                      :  |* :                      |                            
   5  -0.013 |                      :  |  :                      |                            
   6   0.082 |                      :  |**:                      |                            
   7   0.020 |                      :  |  :                      |                            
   8  -0.005 |                      :  |  :                      |                            
   9   0.019 |                      :  |  :                      |                            
  10   0.008 |                      :  |  :                      |                            
  11  -0.022 |                      : *|  :                      |                            
  12  -0.017 +                      :  |  :                      +                            
  13   0.062 |                      :  |**:                      |                            
  14   0.044 |                      :  |* :                      |                            
  15   0.029 |                      :  |* :                      |                            
  16  -0.012 |                      :  |  :                      |                            
  17   0.012 |                      :  |  :                      |                            
  18  -0.012 |                      :  |  :                      |                            
  19   0.091 |                      :  |**:                      |                            
  20  -0.060 |                      :**|  :                      |                            
  21  -0.081 |                      :**|  :                      |                            
  22  -0.001 |                      :  |  :                      |                            
  23  -0.052 |                      : *|  :                      |                            
  24   0.023 +                      :  |* :                      +                            
-------------+-------------------------+-------------------------+--------------
            -1                         0                         1

  Portmanteau of the CCF (k >= 0): this is the test of the transfer:
    Q(24) = 19.6312   [25 lags - 1 parameters of nu(B)]
    p-value = 0.7175

  VERDICT:
    The transfer is ADEQUATE (p = 0.7175): the CCF is consistent
    with white noise at k >= 0.

  Portmanteau of the CCF (k < 0): this is the EXOGENEITY test:
    Q(24) = 33.2072   p-value = 0.0998   [1 significant]
    X behaves as exogenous. OK
=============================================================


=============================================================
  TRANSFER FUNCTION ADEQUACY - input 2 (SYNC_X)
  CCF between the estimated noise and the prewhitened input    
=============================================================
  If (b, r, s) is correct, this CCF must be white noise.
    significant at k >= 0 -> structure missing in the TRANSFER
    significant at k <  0 -> FEEDBACK (X is not exogenous)

CCF BANDS  2.0/SQRT(N) =  0.10013:

            -1                         0                         1
-------------+-------------------------+-------------------------+--------------
 -24   0.038 +                      :  |* :                      +                            
 -23   0.090 |                      :  |**:                      |                            
 -22   0.013 |                      :  |  :                      |                            
 -21   0.038 |                      :  |* :                      |                            
 -20  -0.019 |                      :  |  :                      |                            
 -19  -0.007 |                      :  |  :                      |                            
 -18   0.110 |                      :  |***                      |                            
 -17  -0.015 |                      :  |  :                      |                            
 -16   0.023 |                      :  |* :                      |                            
 -15   0.046 |                      :  |* :                      |                            
 -14  -0.008 |                      :  |  :                      |                            
 -13  -0.018 |                      :  |  :                      |                            
 -12  -0.024 +                      : *|  :                      +                            
 -11  -0.033 |                      : *|  :                      |                            
 -10  -0.014 |                      :  |  :                      |                            
  -9   0.031 |                      :  |* :                      |                            
  -8  -0.020 |                      : *|  :                      |                            
  -7   0.009 |                      :  |  :                      |                            
  -6   0.014 |                      :  |  :                      |                            
  -5   0.055 |                      :  |* :                      |                            
  -4  -0.055 |                      : *|  :                      |                            
  -3  -0.070 |                      :**|  :                      |                            
  -2   0.036 |                      :  |* :                      |                            
  -1  -0.013 |                      :  |  :                      |                            
   0  -0.092 +                      :**|  :                      +                            
   1   0.019 |                      :  |  :                      |                            
   2  -0.077 |                      :**|  :                      |                            
   3  -0.008 |                      :  |  :                      |                            
   4  -0.004 |                      :  |  :                      |                            
   5   0.053 |                      :  |* :                      |                            
   6   0.045 |                      :  |* :                      |                            
   7   0.087 |                      :  |**:                      |                            
   8  -0.011 |                      :  |  :                      |                            
   9  -0.017 |                      :  |  :                      |                            
  10  -0.063 |                      :**|  :                      |                            
  11   0.027 |                      :  |* :                      |                            
  12   0.048 +                      :  |* :                      +                            
  13  -0.054 |                      : *|  :                      |                            
  14   0.051 |                      :  |* :                      |                            
  15   0.056 |                      :  |* :                      |                            
  16   0.021 |                      :  |* :                      |                            
  17  -0.073 |                      :**|  :                      |                            
  18  -0.019 |                      :  |  :                      |                            
  19   0.049 |                      :  |* :                      |                            
  20   0.100 |                      :  |**:                      |                            
  21  -0.069 |                      :**|  :                      |                            
  22  -0.089 |                      :**|  :                      |                            
  23   0.008 |                      :  |  :                      |                            
  24  -0.011 +                      :  |  :                      +                            
-------------+-------------------------+-------------------------+--------------
            -1                         0                         1

  Portmanteau of the CCF (k >= 0): this is the test of the transfer:
    Q(24) = 30.9270   [25 lags - 1 parameters of nu(B)]
    p-value = 0.1559

  VERDICT:
    The transfer is ADEQUATE (p = 0.1559): the CCF is consistent
    with white noise at k >= 0.

  Portmanteau of the CCF (k < 0): this is the EXOGENEITY test:
    Q(24) = 17.7489   p-value = 0.8150   [1 significant]
    X behaves as exogenous. OK
=============================================================

