DRTRAN 1.0: Box-Jenkins transfer function models by exact ML
Copyright (C) 1995-2026 A.B. Treadway, J.A. Mauricio & D.E. Guerrero
Free software under the GNU GPL v2 or later; NO WARRANTY.

Model            : syn2
Series           : 3 (1 output + 2 input(s))
Output (Y)       : tests/data/SYN2_Y.pre
Input  (X1)      : tests/data/SYN2_X1.pre
Input  (X2)      : tests/data/SYN2_X2.pre
Frequency        : 12
Start            : 1 2000
Observations     : 399 (raw 400)

  series 1: Box-Cox 0.00, d=1 D=0, 0 deterministic(s)
  series 2: Box-Cox 0.00, d=1 D=0, 0 deterministic(s)
  series 3: Box-Cox 0.00, d=1 D=0, 0 deterministic(s)


Transfer function orders:
  input 1: b = 1, r = 0, s = 0
  input 2: b = 0, r = 0, s = 1

Parameters to estimate: 8

Estimating transfer function model...

**** CONVERGENCE OBTAINED AFTER 21 ITERATIONS (of 500)
**** gradient stopping criterium satisfied

Log-likelihood = -1585.443038

=============================================================
  Estimated Parameters and Standard Deviations               
=============================================================

                        Parameter     Estimate    Std.Error   t-stat  p-val
--------------------------------------------------------------------
omega1[0]                0.678953     0.022277   30.478 0.0000 ***
omega2[0]                0.455676     0.016523   27.579 0.0000 ***
omega2[1]                0.299199     0.016627   17.995 0.0000 ***
phi_1[B^1]               0.199151     0.049957    3.986 0.0001 ***
phi_2[B^1]               0.454858     0.044680   10.180 0.0000 ***
phi_3[B^1]               0.127232     0.049945    2.547 0.0109 *
mu[1]                (fixed     0.000000)
mu[2]                (fixed     0.000000)
mu[3]                (fixed     0.000000)
log(var2/var1)           1.554367     0.100123   15.525 0.0000 ***
log(var3/var1)           2.227251     0.100128   22.244 0.0000 ***
--------------------------------------------------------------------
Signif. codes:  0 '***' 0.001 '**' 0.01 '*' 0.05 '.' 0.1 ' ' 1

sigma2 (concentrated) = 0.234657

Sigma = sigma2 * Q  (innovation covariance):
  Sigma[1,1] (noise)     =     0.234657
  Sigma[2,2] (input 1)   =     1.110419
  Sigma[3,3] (input 2)   =     2.176288




=============================================================
                RESIDUAL DIAGNOSTICS                         
=============================================================

--- Residual series a[1] ---
Unconditional residuals (seasonal period: 12)
399 observations: from 1/1 to 3/34

                  Mean:          -0.003202
Standard error of mean:           0.024249
              Variance:           0.234622
    Standard deviation:           0.484378
              Skewness:          -0.052492
              Kurtosis:          -0.012990
               Minimum:          -1.425088 at  2/5 (observation  50)
               Maximum:           1.237451 at  3/9 (observation  99)

Standardized time series plot (original values on right-side column):

                     -2      -1        0       +1      +2         
-------------+--------+-------+--------+--------+-------+--------+--------------
   1  1/   1 |        :       :        |        *       :        |  0.4942399107
   2  2/   1 |        :       *        |        :       :        | -0.5249408352
   3  3/   1 |        :       :        |     *  :       :        |  0.3523326495
   4  4/   1 |        :       :  *     |        :       :        | -0.3299398495
   5  5/   1 |        :       :     *  |        :       :        | -0.1848812563
   6  6/   1 |        :       :*       |        :       :        | -0.4438448674
   7  7/   1 |        :       :    *   |        :       :        | -0.2209216898
   8  8/   1 |        :       :        | *      :       :        |  0.1061064850
   9  9/   1 |        :       :  *     |        :       :        | -0.3212045128
  10 10/   1 |        :     * :        |        :       :        | -0.6335284106
  11 11/   1 |        :       :       *|        :       :        | -0.0781182139
  12 12/   1 +        :       :        |        :     * :        +  0.8244640059
  13  1/   2 |        :       :        |     *  :       :        |  0.3259186640
  14  2/   2 |        :       *        |        :       :        | -0.5250787493
  15  3/   2 |        :       :        |        :   *   :        |  0.7229081018
  16  4/   2 |        :       :       *|        :       :        | -0.0316867264
  17  5/   2 |        :       :   *    |        :       :        | -0.3067611514
  18  6/   2 |        :       :*       |        :       :        | -0.4396808325
  19  7/   2 |        :       :        |  *     :       :        |  0.1687684531
  20  8/   2 |        :       :       *|        :       :        | -0.0616983478
  21  9/   2 |        :       :        |     *  :       :        |  0.3376013828
  22 10/   2 |        :       :        |       *:       :        |  0.4438530916
  23 11/   2 |        :       :        |        :  *    :        |  0.6562528888
  24 12/   2 +        :       : *      |        :       :        + -0.3948089892
  25  1/   3 |        :       :        |*       :       :        |  0.0268899315
  26  2/   3 |        :       :   *    |        :       :        | -0.2828971783
  27  3/   3 |        :       :    *   |        :       :        | -0.2316089705
  28  4/   3 |        :       :     *  |        :       :        | -0.1491636226
  29  5/   3 |        :       :      * |        :       :        | -0.1149520541
  30  6/   3 |        :*      :        |        :       :        | -0.9317450675
  31  7/   3 |        :       :        |   *    :       :        |  0.2069047760
  32  8/   3 |        :       :    *   |        :       :        | -0.2412573196
  33  9/   3 |        :    *  :        |        :       :        | -0.6758021915
  34 10/   3 |        :       : *      |        :       :        | -0.3808277866
  35 11/   3 |        :       :       *|        :       :        | -0.0676570040
  36 12/   3 +        :       :*       |        :       :        + -0.4651907431
  37  1/   4 |        :       :        |     *  :       :        |  0.3184385211
  38  2/   4 |        :       :  *     |        :       :        | -0.3300410466
  39  3/   4 |        :       :     *  |        :       :        | -0.1652221166
  40  4/   4 |        :       :        | *      :       :        |  0.0867813662
  41  5/   4 |        :       :      * |        :       :        | -0.1037565141
  42  6/   4 |        :       : *      |        :       :        | -0.4291706926
  43  7/   4 |        :       :        *        :       :        | -0.0110334761
  44  8/   4 |        :       :    *   |        :       :        | -0.2479797682
  45  9/   4 |        :    *  :        |        :       :        | -0.6989475462
  46 10/   4 |        :       :      * |        :       :        | -0.1212726420
  47 11/   4 |        :       :        |        :    *  :        |  0.8078183253
  48 12/   4 +        :       :        |        :*      :        +  0.5606663370
  49  1/   5 |        : *     :        |        :       :        | -0.8343128066
  50  2/   5>|*       :       :        |        :       :        |>-1.4250881078
  51  3/   5 |        :       :       *|        :       :        | -0.0829876774
  52  4/   5 |        :       :        *        :       :        | -0.0020210992
  53  5/   5 |        :       :        |        : *     :        |  0.6077337539
  54  6/   5 |        :       :       *|        :       :        | -0.0860982549
  55  7/   5 |        :       : *      |        :       :        | -0.4210546147
  56  8/   5 |        :       :        |   *    :       :        |  0.2393570931
  57  9/   5 |        :       :        |    *   :       :        |  0.2886270868
  58 10/   5 |        :       :  *     |        :       :        | -0.3179160361
  59 11/   5 |        :     * :        |        :       :        | -0.6114615523
  60 12/   5>+        :       :        |        :       :   *    +> 1.1951574011
  61  1/   6 |        :       :        *        :       :        |  0.0246970312
  62  2/   6 |        :       :        |     *  :       :        |  0.3157910174
  63  3/   6 |        :       :    *   |        :       :        | -0.2181142200
  64  4/   6 |        :       :        |        : *     :        |  0.6147037171
  65  5/   6>|        :       :        |        :       :  *     |> 1.1296247798
  66  6/   6 |        :       :        |      * :       :        |  0.3882456836
  67  7/   6 |        :       :     *  |        :       :        | -0.1925893424
  68  8/   6 |        :       :     *  |        :       :        | -0.1946720818
  69  9/   6 |        :       :        |        :   *   :        |  0.7547696978
  70 10/   6 |        :    *  :        |        :       :        | -0.6878112545
  71 11/   6 |        :       :        |  *     :       :        |  0.1719700689
  72 12/   6 +        :       :     *  |        :       :        + -0.1568070897
  73  1/   7 |        :     * :        |        :       :        | -0.6206699893
  74  2/   7 |        :       *        |        :       :        | -0.4879431022
  75  3/   7 |        :    *  :        |        :       :        | -0.6624758282
  76  4/   7 |        :       :        *        :       :        |  0.0006542372
  77  5/   7 |        :       :        |        :     * :        |  0.8366039980
  78  6/   7 |        :       :    *   |        :       :        | -0.2130996926
  79  7/   7 |        :       :        | *      :       :        |  0.0913660531
  80  8/   7 |        :       :        |  *     :       :        |  0.1687779822
  81  9/   7 |        :       :*       |        :       :        | -0.4858227379
  82 10/   7 |        :       :       *|        :       :        | -0.0361951691
  83 11/   7 |        :       :        *        :       :        | -0.0110610830
  84 12/   7 +        :       :      * |        :       :        + -0.1223568468
  85  1/   8 |        :       :     *  |        :       :        | -0.1742059505
  86  2/   8 |        :      *:        |        :       :        | -0.5855826808
  87  3/   8 |        :       :       *|        :       :        | -0.0336287232
  88  4/   8 |        :      *:        |        :       :        | -0.5601083012
  89  5/   8 |        :       :        |*       :       :        |  0.0595427192
  90  6/   8 |        :       :        |     *  :       :        |  0.3099863041
  91  7/   8 |        :       :        |        :  *    :        |  0.6945075635
  92  8/   8 |        :       :   *    |        :       :        | -0.2857791545
  93  9/   8 |        :       :        |      * :       :        |  0.3830161630
  94 10/   8 |        :       :   *    |        :       :        | -0.2950076575
  95 11/   8 |        :       :   *    |        :       :        | -0.3108178494
  96 12/   8 +        :       :        | *      :       :        +  0.0867902677
  97  1/   9 |        :       :        |        :  *    :        |  0.6636936824
  98  2/   9 |        :       :    *   |        :       :        | -0.2131690603
  99  3/   9>|        :       :        |        :       :    *   |> 1.2374514390
 100  4/   9 |        :       :       *|        :       :        | -0.0816970382
 101  5/   9 |        :      *:        |        :       :        | -0.5552723748
 102  6/   9 |        :       :        |   *    :       :        |  0.2114021143
 103  7/   9 |        :       :        |   *    :       :        |  0.2286196525
 104  8/   9 |        :       :*       |        :       :        | -0.4315678343
 105  9/   9 |        :       :        |*       :       :        |  0.0689536614
 106 10/   9 |        :       :        *        :       :        |  0.0051878699
 107 11/   9 |        :       :        *        :       :        | -0.0167915200
 108 12/   9 +        :       :        |    *   :       :        +  0.2815831868
 109  1/  10 |        :       :      * |        :       :        | -0.1035014370
 110  2/  10>|  *     :       :        |        :       :        |>-1.3032038284
 111  3/  10 |        :      *:        |        :       :        | -0.5535033194
 112  4/  10 |        :       :        |     *  :       :        |  0.3661021093
 113  5/  10 |        :       :        |        *       :        |  0.4959574461
 114  6/  10 |        :       : *      |        :       :        | -0.4145315415
 115  7/  10 |        :       :        | *      :       :        |  0.1334648711
 116  8/  10 |        :       :        |*       :       :        |  0.0336996622
 117  9/  10 |        :       :        |    *   :       :        |  0.2820154862
 118 10/  10 |        :     * :        |        :       :        | -0.6094876138
 119 11/  10 |        :       :        *        :       :        |  0.0172654736
 120 12/  10 +        :       :        *        :       :        +  0.0089426962
 121  1/  11 |        :       :*       |        :       :        | -0.4563593630
 122  2/  11 |        :       :        |       *:       :        |  0.4329421265
 123  3/  11 |        :       :        |      * :       :        |  0.4032807286
 124  4/  11 |        :       :       *|        :       :        | -0.0329251946
 125  5/  11 |        :       :     *  |        :       :        | -0.1812151661
 126  6/  11 |        :       :        | *      :       :        |  0.0914479646
 127  7/  11 |        :       :     *  |        :       :        | -0.1777930628
 128  8/  11 |        :       : *      |        :       :        | -0.3899668340
 129  9/  11 |        :       :        | *      :       :        |  0.0835885238
 130 10/  11 |        :       :        |     *  :       :        |  0.3199716143
 131 11/  11 |        :   *   :        |        :       :        | -0.7397734052
 132 12/  11 +        :       :        |    *   :       :        +  0.2833679713
 133  1/  12 |        :       :        |   *    :       :        |  0.2146379150
 134  2/  12 |        :       :        | *      :       :        |  0.0899024345
 135  3/  12>|*       :       :        |        :       :        |>-1.4045495199
 136  4/  12 |        :   *   :        |        :       :        | -0.7309730352
 137  5/  12 |        :       :       *|        :       :        | -0.0674466464
 138  6/  12 |        :       :        | *      :       :        |  0.1241652837
 139  7/  12 |        :       :       *|        :       :        | -0.0809010391
 140  8/  12 |        :*      :        |        :       :        | -0.8878575392
 141  9/  12 |        :       :        |  *     :       :        |  0.1606867031
 142 10/  12 |        :       :        |        :      *:        |  0.9244320465
 143 11/  12 |        :       :    *   |        :       :        | -0.2225169803
 144 12/  12 +        :   *   :        |        :       :        + -0.7677308864
 145  1/  13 |        :       :     *  |        :       :        | -0.1594141614
 146  2/  13 |        :     * :        |        :       :        | -0.6309058904
 147  3/  13 |        :       :        |        :    *  :        |  0.7699012770
 148  4/  13 |        :     * :        |        :       :        | -0.6008342261
 149  5/  13 |        :       :        |        *       :        |  0.5357661535
 150  6/  13 |        :       *        |        :       :        | -0.4978569905
 151  7/  13 |        :       :        |      * :       :        |  0.4193949603
 152  8/  13 |        :       :        |    *   :       :        |  0.2896043809
 153  9/  13 |        :       :        |        : *     :        |  0.6395684214
 154 10/  13 |        :       : *      |        :       :        | -0.3989065590
 155 11/  13 |        :       :        |        *       :        |  0.5366863421
 156 12/  13 +        :       :        *        :       :        + -0.0196397830
 157  1/  14 |        :       : *      |        :       :        | -0.4033707230
 158  2/  14 |        :       :      * |        :       :        | -0.1453271909
 159  3/  14 |        :       :        | *      :       :        |  0.1189261214
 160  4/  14 |        :       :   *    |        :       :        | -0.2778194804
 161  5/  14 |        :       :        |       *:       :        |  0.4800574418
 162  6/  14 |        :       :*       |        :       :        | -0.4371495846
 163  7/  14 |        :    *  :        |        :       :        | -0.6807680291
 164  8/  14 |        :       :*       |        :       :        | -0.4746085665
 165  9/  14 |        :       :     *  |        :       :        | -0.1882776621
 166 10/  14 |        :       :        |       *:       :        |  0.4299335740
 167 11/  14 |        :       :        |     *  :       :        |  0.3427532127
 168 12/  14 +        :       :    *   |        :       :        + -0.2293710639
 169  1/  15 |        :       :*       |        :       :        | -0.4586966409
 170  2/  15 |        :       :        |      * :       :        |  0.4140831013
 171  3/  15 |        :       :        |        :*      :        |  0.5682573616
 172  4/  15 |        :       :      * |        :       :        | -0.0919668567
 173  5/  15 |        :       :        |  *     :       :        |  0.1758882732
 174  6/  15 |        :       :     *  |        :       :        | -0.1856742063
 175  7/  15 |        :       : *      |        :       :        | -0.4054772334
 176  8/  15>|        :       :        |        :       :*       |> 1.0357531808
 177  9/  15 |        :       :    *   |        :       :        | -0.2349351138
 178 10/  15 |        :       :        |        :  *    :        |  0.6717284636
 179 11/  15 |        : *     :        |        :       :        | -0.8525614417
 180 12/  15 +        :       *        |        :       :        + -0.5408880394
 181  1/  16 |        :       : *      |        :       :        | -0.4063486556
 182  2/  16 |        :       :  *     |        :       :        | -0.3260983639
 183  3/  16 |        :       :        |        :   *   :        |  0.7393209050
 184  4/  16>|     *  :       :        |        :       :        |>-1.1302220341
 185  5/  16 |        :      *:        |        :       :        | -0.5770595362
 186  6/  16 |        :       :       *|        :       :        | -0.0373555638
 187  7/  16 |        :       : *      |        :       :        | -0.4210086518
 188  8/  16 |        :       :      * |        :       :        | -0.1345993531
 189  9/  16 |        :       :        |        :      *:        |  0.8950078024
 190 10/  16 |        :       :        |       *:       :        |  0.4730124287
 191 11/  16 |        :       :       *|        :       :        | -0.0444696732
 192 12/  16 +        :       :*       |        :       :        + -0.4491781771
 193  1/  17 |        :       :  *     |        :       :        | -0.3469810448
 194  2/  17 |        :   *   :        |        :       :        | -0.7183107708
 195  3/  17 |        :       :        |   *    :       :        |  0.2382427960
 196  4/  17 |        :       :        |  *     :       :        |  0.1905949661
 197  5/  17 |        :       :        |        :*      :        |  0.5404753297
 198  6/  17 |        :       :*       |        :       :        | -0.4439022398
 199  7/  17 |        :       :    *   |        :       :        | -0.2442344857
 200  8/  17 |        :       :        |    *   :       :        |  0.2698856422
 201  9/  17 |        :       :        |   *    :       :        |  0.2421186602
 202 10/  17 |        :       :        |      * :       :        |  0.4100534195
 203 11/  17 |        :       :        |    *   :       :        |  0.2834988873
 204 12/  17 +        :       :        |*       :       :        +  0.0387754322
 205  1/  18 |        :       :      * |        :       :        | -0.1222482389
 206  2/  18 |        :       *        |        :       :        | -0.4951164218
 207  3/  18 |        :       :      * |        :       :        | -0.1242413455
 208  4/  18 |        :       :        | *      :       :        |  0.1020510211
 209  5/  18 |        :       *        |        :       :        | -0.5162514035
 210  6/  18 |        :       :      * |        :       :        | -0.1385290302
 211  7/  18 |        :       :       *|        :       :        | -0.0318439951
 212  8/  18 |        :       :      * |        :       :        | -0.0998748881
 213  9/  18 |        :       :        |    *   :       :        |  0.3088879124
 214 10/  18 |        :       :        |        :  *    :        |  0.6857411808
 215 11/  18 |        :       :        | *      :       :        |  0.1052604439
 216 12/  18 +        :       :      * |        :       :        + -0.1386945234
 217  1/  19 |        :       :        |      * :       :        |  0.3991836943
 218  2/  19 |        :       :        *        :       :        |  0.0163353393
 219  3/  19 |        :       :        |       *:       :        |  0.4352924962
 220  4/  19 |        :       :     *  |        :       :        | -0.1630484414
 221  5/  19 |        :     * :        |        :       :        | -0.6036865851
 222  6/  19 |        :    *  :        |        :       :        | -0.6936916633
 223  7/  19 |        :       :        |  *     :       :        |  0.1632876841
 224  8/  19 |        :*      :        |        :       :        | -0.9006540130
 225  9/  19 |        :       :     *  |        :       :        | -0.1927292775
 226 10/  19 |        :       :        |       *:       :        |  0.4395890314
 227 11/  19 |        :       :        |       *:       :        |  0.4796997083
 228 12/  19>+        :       :        |        :       *        +> 0.9777063674
 229  1/  20 |        :       :   *    |        :       :        | -0.3064361762
 230  2/  20 |        :       : *      |        :       :        | -0.4018173657
 231  3/  20 |        :       :       *|        :       :        | -0.0572026417
 232  4/  20 |        :      *:        |        :       :        | -0.5489524626
 233  5/  20 |        :       :        |        :*      :        |  0.5925430217
 234  6/  20 |        :       :        |   *    :       :        |  0.2103139109
 235  7/  20 |        :       :        |    *   :       :        |  0.2808480286
 236  8/  20 |        :       :        |    *   :       :        |  0.3005797450
 237  9/  20 |        :       :   *    |        :       :        | -0.3117642530
 238 10/  20>|       *:       :        |        :       :        |>-1.0392044710
 239 11/  20 |        :       :        |        :      *:        |  0.9006733242
 240 12/  20 +        :       :      * |        :       :        + -0.1149205467
 241  1/  21 |        :       :      * |        :       :        | -0.1084307829
 242  2/  21 |        :       :        |  *     :       :        |  0.1644423079
 243  3/  21 |        :       :        |        :  *    :        |  0.6671918634
 244  4/  21 |        :       :        |        :    *  :        |  0.7701903983
 245  5/  21 |        :       :      * |        :       :        | -0.1339444361
 246  6/  21 |        :       :        |        *       :        |  0.5341405548
 247  7/  21 |        :       :        |  *     :       :        |  0.1774358339
 248  8/  21>|        :       :        |        :       : *      |> 1.0894789500
 249  9/  21 |        :       :        |        :*      :        |  0.5792416806
 250 10/  21 |        :       :        |     *  :       :        |  0.3517384181
 251 11/  21 |        :       : *      |        :       :        | -0.3819767513
 252 12/  21 +        :       :        |  *     :       :        +  0.1695578492
 253  1/  22 |        :       :    *   |        :       :        | -0.2578809117
 254  2/  22 |        :       :        | *      :       :        |  0.0887438700
 255  3/  22 |        :       :        |*       :       :        |  0.0395114123
 256  4/  22 |        :       : *      |        :       :        | -0.4292100484
 257  5/  22 |        :       :        |     *  :       :        |  0.3227849038
 258  6/  22>|     *  :       :        |        :       :        |>-1.1617078797
 259  7/  22 |        :       :        |        :*      :        |  0.5721234412
 260  8/  22 |        :       :*       |        :       :        | -0.4672483548
 261  9/  22 |        :       :        |      * :       :        |  0.3835171028
 262 10/  22 |        :       :  *     |        :       :        | -0.3492455026
 263 11/  22 |        :       :  *     |        :       :        | -0.3712550370
 264 12/  22 +        :       :        |*       :       :        +  0.0326664401
 265  1/  23 |        :       :        |*       :       :        |  0.0253954125
 266  2/  23 |        :       :   *    |        :       :        | -0.2973631924
 267  3/  23 |        :      *:        |        :       :        | -0.5538873850
 268  4/  23 |        :   *   :        |        :       :        | -0.7493064905
 269  5/  23 |        :       :        |   *    :       :        |  0.1981017882
 270  6/  23 |        :       :        |      * :       :        |  0.3728060018
 271  7/  23 |        :       :        |      * :       :        |  0.3886917235
 272  8/  23 |        :       :     *  |        :       :        | -0.1903939144
 273  9/  23 |        :       :        |        :     * :        |  0.8768089918
 274 10/  23 |        :       :        |     *  :       :        |  0.3351644029
 275 11/  23 |        :       :   *    |        :       :        | -0.2759879497
 276 12/  23 +        :       :        |   *    :       :        +  0.2165327715
 277  1/  24 |        :       :        |        :    *  :        |  0.8087264131
 278  2/  24 |        :       :        |     *  :       :        |  0.3442412253
 279  3/  24 |        :       :    *   |        :       :        | -0.2154608258
 280  4/  24 |        :       :   *    |        :       :        | -0.2765523994
 281  5/  24 |        :       :        |      * :       :        |  0.3671893605
 282  6/  24 |        :       :       *|        :       :        | -0.0653340601
 283  7/  24 |        :       :        |        :   *   :        |  0.7486669216
 284  8/  24>| *      :       :        |        :       :        |>-1.3549104026
 285  9/  24 |        :       :        |     *  :       :        |  0.3291663857
 286 10/  24 |        :     * :        |        :       :        | -0.6415840365
 287 11/  24 |        :       :        *        :       :        |  0.0078398314
 288 12/  24 +        :       :        |        *       :        +  0.4861707470
 289  1/  25 |        :       :        |     *  :       :        |  0.3494351254
 290  2/  25 |        :       :      * |        :       :        | -0.0988378769
 291  3/  25 |        :       :        |        : *     :        |  0.5974523282
 292  4/  25 |        :       :        |  *     :       :        |  0.1900487405
 293  5/  25 |        :       :     *  |        :       :        | -0.1894186518
 294  6/  25 |        :       :        |        *       :        |  0.5310613203
 295  7/  25>|        :       :        |        :       :   *    |> 1.2120144440
 296  8/  25 |        :       *        |        :       :        | -0.4926978699
 297  9/  25 |        :       :        |*       :       :        |  0.0414036609
 298 10/  25 |        :       :        | *      :       :        |  0.1071876468
 299 11/  25 |        :       :        |        :  *    :        |  0.6627048174
 300 12/  25 +        :       :        |        : *     :        +  0.5990814688
 301  1/  26 |        :       :     *  |        :       :        | -0.1463653475
 302  2/  26 |        :      *:        |        :       :        | -0.5912868270
 303  3/  26 |        :       :        *        :       :        |  0.0182762861
 304  4/  26 |        :       :        |*       :       :        |  0.0445097981
 305  5/  26 |        :       :     *  |        :       :        | -0.1779086907
 306  6/  26 |        :       :        |        :      *:        |  0.8894702293
 307  7/  26 |        :       :        |    *   :       :        |  0.2555128738
 308  8/  26 |        :       :        |  *     :       :        |  0.1562928529
 309  9/  26 |        :       :  *     |        :       :        | -0.3617134543
 310 10/  26 |        :       :        |  *     :       :        |  0.1822747980
 311 11/  26 |        :       :        |  *     :       :        |  0.1502970002
 312 12/  26 +        :       *        |        :       :        + -0.5232873388
 313  1/  27 |        :       :        |        :  *    :        |  0.6912512661
 314  2/  27 |        :       *        |        :       :        | -0.5420568667
 315  3/  27 |        :       :        |       *:       :        |  0.4415197159
 316  4/  27 |        :       :        |        :   *   :        |  0.7443216303
 317  5/  27 |        :       :     *  |        :       :        | -0.1484458965
 318  6/  27 |        :  *    :        |        :       :        | -0.8204148288
 319  7/  27 |        :       : *      |        :       :        | -0.3821633673
 320  8/  27 |        :       :        |    *   :       :        |  0.2837476840
 321  9/  27 |        :       :  *     |        :       :        | -0.3560530055
 322 10/  27 |        :       : *      |        :       :        | -0.3899126008
 323 11/  27 |        :       :       *|        :       :        | -0.0388477568
 324 12/  27 +        :   *   :        |        :       :        + -0.7196196175
 325  1/  28 |        :       : *      |        :       :        | -0.4187786441
 326  2/  28 |        :       : *      |        :       :        | -0.4237367159
 327  3/  28 |        :       :        |        :       *        |  0.9354121926
 328  4/  28 |        :       :    *   |        :       :        | -0.2473879136
 329  5/  28 |        :       :        |       *:       :        |  0.4528782189
 330  6/  28 |        :  *    :        |        :       :        | -0.7962739503
 331  7/  28 |        :       :        |        :*      :        |  0.5924978567
 332  8/  28 |        :       :        *        :       :        |  0.0051032963
 333  9/  28 |        :       :     *  |        :       :        | -0.1986752371
 334 10/  28 |        :       :        | *      :       :        |  0.1084527304
 335 11/  28 |        :       *        |        :       :        | -0.5273059046
 336 12/  28 +        :       :      * |        :       :        + -0.1282640661
 337  1/  29 |        :       :        |*       :       :        |  0.0665105716
 338  2/  29 |        :       :        |  *     :       :        |  0.1685155816
 339  3/  29 |        :       :     *  |        :       :        | -0.1541966556
 340  4/  29 |        :       :        |   *    :       :        |  0.2464957127
 341  5/  29 |        :       :       *|        :       :        | -0.0598655659
 342  6/  29 |        :       :        |        *       :        |  0.4949920551
 343  7/  29 |        :       : *      |        :       :        | -0.4277740009
 344  8/  29 |        :       :        | *      :       :        |  0.0994390988
 345  9/  29 |        :       :        |        :*      :        |  0.5391230708
 346 10/  29 |        :       :      * |        :       :        | -0.1100351665
 347 11/  29 |        :       :   *    |        :       :        | -0.2650135315
 348 12/  29 +        :*      :        |        :       :        + -0.9044046887
 349  1/  30 |        :       :        |        :    *  :        |  0.7984398597
 350  2/  30 |        :       :   *    |        :       :        | -0.2871405160
 351  3/  30 |        :       :        |       *:       :        |  0.4689670086
 352  4/  30 |        :       :        |  *     :       :        |  0.1663806149
 353  5/  30 |        : *     :        |        :       :        | -0.8809129113
 354  6/  30 |        :       :        |*       :       :        |  0.0532169821
 355  7/  30 |        :       :        |      * :       :        |  0.4201603435
 356  8/  30 |        :       :        |        :       *        |  0.9454741162
 357  9/  30 |        :       :        |        :  *    :        |  0.6842292811
 358 10/  30 |        :       :        |        :   *   :        |  0.7609976519
 359 11/  30 |        :       :        *        :       :        | -0.0228558549
 360 12/  30 +        :       :        |    *   :       :        +  0.2571670311
 361  1/  31 |        :      *:        |        :       :        | -0.5766015973
 362  2/  31 |        :       :        *        :       :        |  0.0199836283
 363  3/  31 |        :       :        |  *     :       :        |  0.1938165718
 364  4/  31 |        :      *:        |        :       :        | -0.5522665355
 365  5/  31 |        :       :        |     *  :       :        |  0.3295045005
 366  6/  31 |        :       :        |   *    :       :        |  0.2396903184
 367  7/  31 |        :       :     *  |        :       :        | -0.1578798386
 368  8/  31 |        :       :        *        :       :        | -0.0301828064
 369  9/  31 |        :       :        | *      :       :        |  0.1162345937
 370 10/  31 |        :       :        |  *     :       :        |  0.1479979981
 371 11/  31 |        :       :        | *      :       :        |  0.1166276961
 372 12/  31 +        :       :        |     *  :       :        +  0.3370221077
 373  1/  32 |        :       :        |*       :       :        |  0.0573005533
 374  2/  32 |        :       :        |        : *     :        |  0.6147039467
 375  3/  32 |        :       :        |       *:       :        |  0.4510943284
 376  4/  32 |        :       :        |        :     * :        |  0.8541268559
 377  5/  32 |        :       :        |        :   *   :        |  0.7449013314
 378  6/  32 |        :       :      * |        :       :        | -0.1148784959
 379  7/  32 |        :       :        |        :     * :        |  0.8524135083
 380  8/  32 |        :       :        |   *    :       :        |  0.2502998960
 381  9/  32 |        :       :    *   |        :       :        | -0.2570607169
 382 10/  32 |        :       :    *   |        :       :        | -0.2355432480
 383 11/  32 |        :       :        |        : *     :        |  0.6222890346
 384 12/  32 +        :       :        |     *  :       :        +  0.3439622044
 385  1/  33 |        :       :        |   *    :       :        |  0.2358280130
 386  2/  33 |        :       :        | *      :       :        |  0.1239675871
 387  3/  33 |        :       :       *|        :       :        | -0.0422764926
 388  4/  33 |        :       *        |        :       :        | -0.5202989194
 389  5/  33 |        :       :    *   |        :       :        | -0.2260998605
 390  6/  33 |        : *     :        |        :       :        | -0.8798889610
 391  7/  33>|*       :       :        |        :       :        |>-1.4030514069
 392  8/  33 |        :       :      * |        :       :        | -0.0987483694
 393  9/  33 |        :       :        |    *   :       :        |  0.2856832262
 394 10/  33 |        :       *        |        :       :        | -0.5281243170
 395 11/  33 |        :       :        |        :  *    :        |  0.6667010642
 396 12/  33 +        :       :        *        :       :        +  0.0145677971
 397  1/  34 |        :       :*       |        :       :        | -0.4334447081
 398  2/  34 |        :       :        |        :       *        |  0.9649709556
 399  3/  34 |        :  *    :        |        :       :        | -0.7849326451
-------------+--------+-------+--------+--------+-------+--------+--------------
                     -2      -1        0       +1      +2         

                 +------------------------------------------+
                 |       Table of standardized values       |
                 |       greater than or equal to 2.0       |
                 +------------------------------------------+
                 |                                          |
                 | Observation    Date   Standardized value |
                 |                                          |
                 |     50        2/   5        -2.94        |
                 |     60       12/   5         2.47        |
                 |     65        5/   6         2.34        |
                 |     99        3/   9         2.56        |
                 |    110        2/  10        -2.68        |
                 |    135        3/  12        -2.89        |
                 |    176        8/  15         2.14        |
                 |    184        4/  16        -2.33        |
                 |    228       12/  19         2.03        |
                 |    238       10/  20        -2.14        |
                 |    248        8/  21         2.26        |
                 |    258        6/  22        -2.39        |
                 |    284        8/  24        -2.79        |
                 |    295        7/  25         2.51        |
                 |    391        7/  33        -2.89        |
                 +------------------------------------------+

Standardized time series histogram:

       -4      -3      -2      -1       0      +1      +2      +3      +4
        +---+---+---+---+---+---+---+---+---+---+---+---+---+---+---+---+
        |                             82                                |
        |                            ....                                |
        |                            .... 71                             |
        |                            ........                            |
        |                         59 ........61                          |
        |                        ................                        |
        |                        ................                        |
        |                        ................                        |
        |                     39 ................                        |
        |                    .................... 34                     |
        |                    ........................                    |
        |                    ........................ 23                 |
        |                    ............................                |
        |                 15 ............................                |
        |                ................................                |
        |          5  3  ................................5  2            |
        |        ................................................        |
        +---+---+---+---+---+---+---+---+---+---+---+---+---+---+---+---+
       -4      -3      -2      -1       0      +1      +2      +3      +4

             126 values outside (-1,+1): 31.58 % (31.74 % expected)
              15 values outside (-2,+2):  3.76 % ( 4.56 % expected)

Autocorrelation function (acf bands =  0.100):

            -1                         0                         1  L-B Q  DF
-------------+-------------------------+-------------------------+--------------
   1   0.000 |                      :  |  :                      | 
   2   0.006 |                      :  |  :                      | 
   3  -0.043 |                      : *|  :                      | 
   4   0.043 |                      :  |* :                      | 
   5   0.021 |                      :  |* :                      | 
   6   0.042 |                      :  |* :                      | 
   7  -0.018 |                      :  |  :                      | 
   8  -0.019 |                      :  |  :                      | 
   9   0.025 |                      :  |* :                      | 
  10  -0.056 |                      : *|  :                      | 
  11  -0.054 |                      : *|  :                      | 
  12   0.015 +                      :  |  :                      +   5.53  12
  13  -0.008 |                      :  |  :                      | 
  14  -0.008 |                      :  |  :                      | 
  15  -0.075 |                      :**|  :                      | 
  16   0.022 |                      :  |* :                      | 
  17   0.031 |                      :  |* :                      | 
  18   0.036 |                      :  |* :                      | 
  19  -0.059 |                      : *|  :                      | 
  20  -0.015 |                      :  |  :                      | 
  21  -0.005 |                      :  |  :                      | 
  22   0.023 |                      :  |* :                      | 
  23  -0.041 |                      : *|  :                      | 
  24   0.010 +                      :  |  :                      +  11.67  24
  25   0.093 |                      :  |**:                      | 
  26   0.020 |                      :  |* :                      | 
  27  -0.090 |                      :**|  :                      | 
  28   0.026 |                      :  |* :                      | 
  29   0.074 |                      :  |**:                      | 
  30   0.034 |                      :  |* :                      | 
  31  -0.011 |                      :  |  :                      | 
  32  -0.089 |                      :**|  :                      | 
  33  -0.074 |                      :**|  :                      | 
  34   0.057 |                      :  |* :                      | 
  35  -0.058 |                      : *|  :                      | 
  36   0.024 +                      :  |+ :                      +  31.28  36
  37  -0.017 |                      :  |  :                      | 
  38   0.015 |                      :  |  :                      | 
  39   0.005 |                      :  |  :                      | 
  40   0.018 |                      :  |  :                      | 
  41  -0.095 |                      :**|  :                      | 
  42   0.021 |                      :  |* :                      |  35.91  42
-------------+-------------------------+-------------------------+--------------
            -1                         0                         1  L-B Q  DF

Partial autocorrelation function (pacf bands =  0.100):

            -1                         0                         1
-------------+-------------------------+-------------------------+--------------
   1   0.000 |                      :  |  :                      | 
   2   0.006 |                      :  |  :                      | 
   3  -0.043 |                      : *|  :                      | 
   4   0.043 |                      :  |* :                      | 
   5   0.021 |                      :  |* :                      | 
   6   0.040 |                      :  |* :                      | 
   7  -0.015 |                      :  |  :                      | 
   8  -0.020 |                      :  |  :                      | 
   9   0.027 |                      :  |* :                      | 
  10  -0.062 |                      :**|  :                      | 
  11  -0.056 |                      : *|  :                      | 
  12   0.018 +                      :  |  :                      + 
  13  -0.013 |                      :  |  :                      | 
  14  -0.007 |                      :  |  :                      | 
  15  -0.070 |                      :**|  :                      | 
  16   0.028 |                      :  |* :                      | 
  17   0.036 |                      :  |* :                      | 
  18   0.024 |                      :  |* :                      | 
  19  -0.050 |                      : *|  :                      | 
  20  -0.011 |                      :  |  :                      | 
  21  -0.006 |                      :  |  :                      | 
  22   0.010 |                      :  |  :                      | 
  23  -0.045 |                      : *|  :                      | 
  24   0.014 +                      :  |  :                      + 
  25   0.096 |                      :  |**:                      | 
  26   0.010 |                      :  |  :                      | 
  27  -0.088 |                      :**|  :                      | 
  28   0.041 |                      :  |* :                      | 
  29   0.075 |                      :  |**:                      | 
  30   0.007 |                      :  |  :                      | 
  31  -0.016 |                      :  |  :                      | 
  32  -0.076 |                      :**|  :                      | 
  33  -0.068 |                      :**|  :                      | 
  34   0.033 |                      :  |* :                      | 
  35  -0.067 |                      :**|  :                      | 
  36   0.045 +                      :  |+ :                      + 
  37  -0.000 |                      :  |  :                      | 
  38   0.002 |                      :  |  :                      | 
  39   0.029 |                      :  |* :                      | 
  40   0.029 |                      :  |* :                      | 
  41  -0.091 |                      :**|  :                      | 
  42  -0.009 |                      :  |  :                      | 
-------------+-------------------------+-------------------------+--------------
            -1                         0                         1


--- Residual series a[2] ---
Unconditional residuals (seasonal period: 12)
399 observations: from 1/1 to 3/34

                  Mean:          -0.060422
Standard error of mean:           0.052628
              Variance:           1.105131
    Standard deviation:           1.051252
              Skewness:           0.074692
              Kurtosis:          -0.187828
               Minimum:          -3.032918 at  2/10 (observation 110)
               Maximum:           2.687015 at  7/6 (observation  67)

Standardized time series plot (original values on right-side column):

                    -2       -1        0       +1       +2        
-------------+-------+--------+--------+--------+--------+-------+--------------
   1  1/   1 |       :        :        |        :    *   :       |  1.5822750040
   2  2/   1 |       :        :        |        : *      :       |  1.3007176176
   3  3/   1 |       :        :        |        :*       :       |  1.1743131235
   4  4/   1 |       :        :*       |        :        :       | -0.9996747956
   5  5/   1 |       :        :        |        :*       :       |  1.1090186406
   6  6/   1 |       :        : *      |        :        :       | -0.9289161785
   7  7/   1 |       :        :        |   *    :        :       |  0.4103801002
   8  8/   1 |       :        :        | *      :        :       |  0.1703504015
   9  9/   1 |       :        :     *  |        :        :       | -0.3905231061
  10 10/   1 |       :        : *      |        :        :       | -0.9040786992
  11 11/   1 |       :        :    *   |        :        :       | -0.5801705650
  12 12/   1 +       :        :        |   *    :        :       +  0.4571084434
  13  1/   2>|       :        :        |        :        :  *    |> 2.4445998095
  14  2/   2 |       :        :        |        :      * :       |  1.8475421686
  15  3/   2 |       :        :*       |        :        :       | -1.0502359549
  16  4/   2 |       :        :        |        :   *    :       |  1.4489291425
  17  5/   2>|     * :        :        |        :        :       |>-2.4640129277
  18  6/   2 |       :        :*       |        :        :       | -0.9721327219
  19  7/   2 |       :        : *      |        :        :       | -0.8605153821
  20  8/   2 |       :        :        |*       :        :       |  0.0548162288
  21  9/   2 |       :        :        |   *    :        :       |  0.4053416415
  22 10/   2 |       :      * :        |        :        :       | -1.4263419012
  23 11/   2 |       :        :        | *      :        :       |  0.2025051366
  24 12/   2 +       :        :        | *      :        :       +  0.1713772794
  25  1/   3 |       :        :        |  *     :        :       |  0.3033005217
  26  2/   3 |       :        :        *        :        :       | -0.0801902745
  27  3/   3 |       :        :        |     *  :        :       |  0.6397363714
  28  4/   3 |       :        :        |    *   :        :       |  0.5070138013
  29  5/   3 |       :       *:        |        :        :       | -1.2515475535
  30  6/   3 |       :        :      * |        :        :       | -0.3365739750
  31  7/   3 |       :        :        | *      :        :       |  0.1508017186
  32  8/   3 |       :        :        |        *        :       |  0.9566727294
  33  9/   3 |       :        :        |        :      * :       |  1.8429880647
  34 10/   3 |       :        :        |      * :        :       |  0.7924938752
  35 11/   3 |       :        *        |        :        :       | -1.0874135411
  36 12/   3 +       :     *  :        |        :        :       + -1.4369962624
  37  1/   4 |       :        : *      |        :        :       | -0.9081237851
  38  2/   4 |       :        :        |        *        :       |  0.9536342030
  39  3/   4 |       :        :   *    |        :        :       | -0.7106297849
  40  4/   4 |       :        :      * |        :        :       | -0.3033666037
  41  5/   4 |       :        :        |        :*       :       |  1.1874875725
  42  6/   4 |       :        : *      |        :        :       | -0.8346512856
  43  7/   4 |       :        : *      |        :        :       | -0.8737540013
  44  8/   4 |       :        :        |    *   :        :       |  0.5361977894
  45  9/   4 |       :        :     *  |        :        :       | -0.4385612039
  46 10/   4 |       :        :        |   *    :        :       |  0.4074501701
  47 11/   4 |       :        : *      |        :        :       | -0.8553424492
  48 12/   4 +       :        :        |     *  :        :       +  0.6908578210
  49  1/   5 |       :        :        |        :    *   :       |  1.5662916024
  50  2/   5 |       :        :        |        : *      :       |  1.2311612606
  51  3/   5>|       :        :        |        :        : *     |> 2.3457463157
  52  4/   5 |       :        :        *        :        :       | -0.1195805678
  53  5/   5 |       :        : *      |        :        :       | -0.8884978467
  54  6/   5 |       :        :       *|        :        :       | -0.2283287819
  55  7/   5 |       :       *:        |        :        :       | -1.2159814750
  56  8/   5 |       :        :        |  *     :        :       |  0.3263307443
  57  9/   5 |       :        :   *    |        :        :       | -0.6500318096
  58 10/   5>|       :        :        |        :        :   *   |> 2.5768031437
  59 11/   5 |       :        :    *   |        :        :       | -0.5882078303
  60 12/   5 +       :        :*       |        :        :       + -1.0464481147
  61  1/   6 |       :        :        |    *   :        :       |  0.5580565533
  62  2/   6 |       :        : *      |        :        :       | -0.8980198032
  63  3/   6>|    *  :        :        |        :        :       |>-2.5530879711
  64  4/   6 |       :        :        *        :        :       | -0.0487540172
  65  5/   6 |       :        :        |  *     :        :       |  0.3361138550
  66  6/   6 |       :      * :        |        :        :       | -1.3351743267
  67  7/   6>|       :        :        |        :        :    *  |> 2.6870151733
  68  8/   6 |       :        :        |        :  *     :       |  1.3874102175
  69  9/   6 |       :        :        | *      :        :       |  0.1460738096
  70 10/   6 |       :        :        *        :        :       | -0.0684534289
  71 11/   6 |       :        :        |      * :        :       |  0.7832941946
  72 12/   6 +       :        :        |       *:        :       +  0.8639234104
  73  1/   7 |       :       *:        |        :        :       | -1.2572218209
  74  2/   7 |       :        :        |        :   *    :       |  1.5250151264
  75  3/   7 |       :        :        |*       :        :       |  0.1132363004
  76  4/   7 |       :        *        |        :        :       | -1.1058382954
  77  5/   7 |       :     *  :        |        :        :       | -1.4908709107
  78  6/   7 |       :        :        | *      :        :       |  0.1556882667
  79  7/   7 |       :        :        |       *:        :       |  0.9314736090
  80  8/   7 |       :        :        | *      :        :       |  0.1762816755
  81  9/   7 |       :       *:        |        :        :       | -1.2708081181
  82 10/   7 |       :        :        |   *    :        :       |  0.3800816306
  83 11/   7 |       :        :   *    |        :        :       | -0.6804507123
  84 12/   7 +       :        :        *        :        :       + -0.1162489029
  85  1/   8 |       :   *    :        |        :        :       | -1.7293773706
  86  2/   8 |       :        :        |*       :        :       |  0.0429371326
  87  3/   8 |       :        :       *|        :        :       | -0.1560781269
  88  4/   8 |       :        :*       |        :        :       | -0.9802110715
  89  5/   8 |       :        :        |     *  :        :       |  0.6927243281
  90  6/   8 |       :        :  *     |        :        :       | -0.8092297153
  91  7/   8 |       :        :        |      * :        :       |  0.7346427546
  92  8/   8 |       :        :       *|        :        :       | -0.1403091111
  93  9/   8 |       :    *   :        |        :        :       | -1.6398713542
  94 10/   8 |       :        :        |      * :        :       |  0.8094144034
  95 11/   8 |       :       *:        |        :        :       | -1.2560239273
  96 12/   8 +       :        :     *  |        :        :       + -0.4418204324
  97  1/   9 |       :        : *      |        :        :       | -0.9088234849
  98  2/   9 |       :        :        *        :        :       | -0.0247018746
  99  3/   9 |       :        :        |     *  :        :       |  0.6457958911
 100  4/   9>|      *:        :        |        :        :       |>-2.3671096835
 101  5/   9 |       :        :        | *      :        :       |  0.1280152258
 102  6/   9 |       :        :        |        :  *     :       |  1.3350917643
 103  7/   9 |       :        :        |      * :        :       |  0.7356731326
 104  8/   9 |       :        :     *  |        :        :       | -0.3725533061
 105  9/   9 |       :    *   :        |        :        :       | -1.6078428966
 106 10/   9 |       :        :        |        :  *     :       |  1.3641138326
 107 11/   9 |       :        *        |        :        :       | -1.1234038661
 108 12/   9 +       :        :        |        :  *     :       +  1.3926810241
 109  1/  10 |       :        : *      |        :        :       | -0.8497773831
 110  2/  10>|*      :        :        |        :        :       |>-3.0329184023
 111  3/  10 |       :        :*       |        :        :       | -1.0477196607
 112  4/  10 |       :        :        |        :*       :       |  1.1162950916
 113  5/  10 |       :        :        |        :   *    :       |  1.4794892556
 114  6/  10 |       :        :        |        :*       :       |  1.0886471634
 115  7/  10 |       :        :        |    *   :        :       |  0.5441955711
 116  8/  10 |       :        :        |     *  :        :       |  0.7098193536
 117  9/  10 |       :        :    *   |        :        :       | -0.4827715549
 118 10/  10 |       :        :       *|        :        :       | -0.2213721978
 119 11/  10 |       :        :   *    |        :        :       | -0.6501279899
 120 12/  10 +       :        :        |        : *      :       +  1.2952906704
 121  1/  11 |       :        :*       |        :        :       | -0.9681827846
 122  2/  11 |       :  *     :        |        :        :       | -1.7895047847
 123  3/  11 |       :        :        |   *    :        :       |  0.4534834918
 124  4/  11 |       :        :    *   |        :        :       | -0.5625066187
 125  5/  11 |       :        :  *     |        :        :       | -0.7822658763
 126  6/  11 |       :        : *      |        :        :       | -0.8753966371
 127  7/  11 |       :   *    :        |        :        :       | -1.6729267095
 128  8/  11 |       :        :        *        :        :       | -0.1081808996
 129  9/  11 |       :        :     *  |        :        :       | -0.4100430742
 130 10/  11 |       :        :        |*       :        :       |  0.0889287055
 131 11/  11 |       :       *:        |        :        :       | -1.3078160277
 132 12/  11 +       :        :        |        :*       :       +  1.1030312950
 133  1/  12 |       :        :        |        :*       :       |  1.1143900749
 134  2/  12 |       :        :        |  *     :        :       |  0.3557264419
 135  3/  12 |       :        :        |    *   :        :       |  0.5153696978
 136  4/  12 |       :        :        |  *     :        :       |  0.3422783341
 137  5/  12 |       :        :    *   |        :        :       | -0.5499451553
 138  6/  12 |       :        :        | *      :        :       |  0.2342231330
 139  7/  12 |       :        :        |      * :        :       |  0.7732349776
 140  8/  12 |       :       *:        |        :        :       | -1.2814703024
 141  9/  12 |       :        :        |        :      * :       |  1.8563754404
 142 10/  12 |       :        :    *   |        :        :       | -0.5439548901
 143 11/  12 |       :      * :        |        :        :       | -1.3633927981
 144 12/  12 +       :      * :        |        :        :       + -1.3174878421
 145  1/  13 |       :        :     *  |        :        :       | -0.4098681555
 146  2/  13 |       :        :        | *      :        :       |  0.2295692471
 147  3/  13 |       :        :        *        :        :       | -0.1176492060
 148  4/  13>|       :        :        |        :        : *     |> 2.2596430797
 149  5/  13 |       :        :        |*       :        :       |  0.0939788431
 150  6/  13 |       :       *:        |        :        :       | -1.2060368092
 151  7/  13 |       :        :        |  *     :        :       |  0.2565354769
 152  8/  13 |       :        :        |   *    :        :       |  0.4070016224
 153  9/  13 |       :        :        | *      :        :       |  0.1271517071
 154 10/  13 |       :        :       *|        :        :       | -0.1549754926
 155 11/  13 |       :        :        |       *:        :       |  0.9374338400
 156 12/  13 +       :        :   *    |        :        :       + -0.6851406423
 157  1/  14 |       :        :        |     *  :        :       |  0.6559900525
 158  2/  14 |       :  *     :        |        :        :       | -1.8958001999
 159  3/  14 |       :        :        *        :        :       | -0.0975655791
 160  4/  14 |       :        :        |*       :        :       |  0.0203514802
 161  5/  14 |       :        :        |   *    :        :       |  0.3576109313
 162  6/  14 |       :        :        *        :        :       | -0.0976467193
 163  7/  14 |       :        :   *    |        :        :       | -0.6535727863
 164  8/  14 |       :        :    *   |        :        :       | -0.5805717187
 165  9/  14 |       :        *        |        :        :       | -1.1734835984
 166 10/  14 |       :        *        |        :        :       | -1.1241988106
 167 11/  14 |       :        :  *     |        :        :       | -0.7820205365
 168 12/  14 +       :        :        *        :        :       + -0.0229053245
 169  1/  15 |       :        :        *        :        :       | -0.1175730567
 170  2/  15 |       :        :   *    |        :        :       | -0.6578296141
 171  3/  15 |       :        :        |*       :        :       |  0.0232433598
 172  4/  15 |       :        :     *  |        :        :       | -0.4267575924
 173  5/  15 |       :        *        |        :        :       | -1.1855834245
 174  6/  15 |       :*       :        |        :        :       | -2.1236958842
 175  7/  15 |       :        :        |     *  :        :       |  0.6021717359
 176  8/  15 |       :        :*       |        :        :       | -1.0275774378
 177  9/  15 |       :        :        |    *   :        :       |  0.5910857597
 178 10/  15 |       :        :        |   *    :        :       |  0.4402092289
 179 11/  15 |       :        :        |        :      * :       |  1.8075805101
 180 12/  15 +       :        :      * |        :        :       + -0.3253106203
 181  1/  16 |       :        :        |  *     :        :       |  0.3545672480
 182  2/  16 |       :        :        |      * :        :       |  0.7826310220
 183  3/  16 |       :        :        |        :*       :       |  1.1182317568
 184  4/  16 |       :        :        |        *        :       |  1.0093807692
 185  5/  16 |       :        :        |   *    :        :       |  0.3578755448
 186  6/  16 |       :        :    *   |        :        :       | -0.5782828856
 187  7/  16 |       :        :        |     *  :        :       |  0.6353260790
 188  8/  16 |       :        :        |      * :        :       |  0.7663407038
 189  9/  16 |       :        :*       |        :        :       | -1.0461798708
 190 10/  16 |       :        :        |        :*       :       |  1.1535434115
 191 11/  16 |       :        :        *        :        :       | -0.1192240312
 192 12/  16 +       :        :    *   |        :        :       + -0.5771273546
 193  1/  17 |       :        :        |       *:        :       |  0.8465373643
 194  2/  17 |       :        :        |        :   *    :       |  1.5224729056
 195  3/  17 |       :      * :        |        :        :       | -1.3864784889
 196  4/  17 |       :        :        |        :   *    :       |  1.4302133611
 197  5/  17 |       :        :  *     |        :        :       | -0.7254755047
 198  6/  17 |       :        :        |   *    :        :       |  0.4323761667
 199  7/  17 |       :        :        |        :   *    :       |  1.5289993767
 200  8/  17 |       :        :        |     *  :        :       |  0.6286373989
 201  9/  17 |       :  *     :        |        :        :       | -1.8000029786
 202 10/  17 |       :        :   *    |        :        :       | -0.6529738044
 203 11/  17 |       :        :      * |        :        :       | -0.2982160582
 204 12/  17 +       :        :        |      * :        :       +  0.7735467803
 205  1/  18 |       :        : *      |        :        :       | -0.9342310069
 206  2/  18 |       :        :   *    |        :        :       | -0.6839198773
 207  3/  18 |       :        :        |   *    :        :       |  0.4070695234
 208  4/  18 |       :        :        |        :      * :       |  1.7844723706
 209  5/  18 |       :        :        |        :      * :       |  1.8741667750
 210  6/  18 |       :        :        *        :        :       | -0.0067138056
 211  7/  18 |       :        :        *        :        :       | -0.0601773825
 212  8/  18 |       :        :        |        :      * :       |  1.8453686849
 213  9/  18 |       :        :        |      * :        :       |  0.8206104992
 214 10/  18 |       :        :        *        :        :       | -0.0545914081
 215 11/  18 |       :        :        |*       :        :       |  0.0675709814
 216 12/  18 +       :        :        |  *     :        :       +  0.3063950790
 217  1/  19 |       :        :      * |        :        :       | -0.2817793294
 218  2/  19 |       :        :        |       *:        :       |  0.8680112447
 219  3/  19 |       :    *   :        |        :        :       | -1.5483178588
 220  4/  19 |       :        : *      |        :        :       | -0.8921668824
 221  5/  19 |       :        :        |   *    :        :       |  0.4700381080
 222  6/  19 |       :        :   *    |        :        :       | -0.6614258911
 223  7/  19 |       :        :       *|        :        :       | -0.1855398981
 224  8/  19 |       :    *   :        |        :        :       | -1.6619679651
 225  9/  19 |       :        :        |*       :        :       |  0.0301499553
 226 10/  19 |       :       *:        |        :        :       | -1.2367409073
 227 11/  19 |       :        : *      |        :        :       | -0.8383461824
 228 12/  19 +       :        :        |    *   :        :       +  0.5217947087
 229  1/  20 |       :      * :        |        :        :       | -1.3707766053
 230  2/  20 |       :        :        |       *:        :       |  0.9451403238
 231  3/  20 |       :    *   :        |        :        :       | -1.5605445882
 232  4/  20 |       :        :      * |        :        :       | -0.2587095704
 233  5/  20 |       :        :*       |        :        :       | -1.0470400200
 234  6/  20 |       :        :        |    *   :        :       |  0.4917517356
 235  7/  20 |       :        :        |  *     :        :       |  0.3291692794
 236  8/  20 |       :        :        |*       :        :       |  0.0459663465
 237  9/  20 |       :      * :        |        :        :       | -1.3129202104
 238 10/  20 |       :        :   *    |        :        :       | -0.6660534102
 239 11/  20 |       :        :        |     *  :        :       |  0.5952573759
 240 12/  20 +       :        :       *|        :        :       + -0.2331649394
 241  1/  21 |       :        :        |       *:        :       |  0.8811952036
 242  2/  21 |       :        :     *  |        :        :       | -0.3939862355
 243  3/  21 |       :        : *      |        :        :       | -0.8584974258
 244  4/  21 |       :*       :        |        :        :       | -2.0991655017
 245  5/  21 |       :        :        |       *:        :       |  0.8729334924
 246  6/  21>|  *    :        :        |        :        :       |>-2.7545387048
 247  7/  21 |       :        :        |        *        :       |  0.9553437109
 248  8/  21 |       :        :        | *      :        :       |  0.2274893030
 249  9/  21>|     * :        :        |        :        :       |>-2.4188460395
 250 10/  21 |       :        :     *  |        :        :       | -0.4424203212
 251 11/  21 |       :        :        |   *    :        :       |  0.3610406872
 252 12/  21 +       :        :        |   *    :        :       +  0.4742833286
 253  1/  22 |       :        :        |        :    *   :       |  1.6626208572
 254  2/  22 |       :        :      * |        :        :       | -0.2568754225
 255  3/  22 |       :        :   *    |        :        :       | -0.6173777507
 256  4/  22 |       :    *   :        |        :        :       | -1.5557495316
 257  5/  22 |       :        :        |*       :        :       |  0.0146339620
 258  6/  22 |       :        :        |   *    :        :       |  0.3914511581
 259  7/  22 |       :        :    *   |        :        :       | -0.5272283206
 260  8/  22 |       :        :        | *      :        :       |  0.1546050897
 261  9/  22 |       :        :    *   |        :        :       | -0.5848629153
 262 10/  22 |       :        :        | *      :        :       |  0.1576474326
 263 11/  22 |       :        :        |   *    :        :       |  0.3727988710
 264 12/  22 +       :        *        |        :        :       + -1.1692130229
 265  1/  23 |       :   *    :        |        :        :       | -1.7445478412
 266  2/  23>|       :        :        |        :        :*      |> 2.1595811258
 267  3/  23 |       :        :        |   *    :        :       |  0.4510991731
 268  4/  23 |       :    *   :        |        :        :       | -1.6442229044
 269  5/  23 |       :   *    :        |        :        :       | -1.7144174320
 270  6/  23 |       :       *:        |        :        :       | -1.1960975025
 271  7/  23 |       :        :        |       *:        :       |  0.9380660782
 272  8/  23 |       :        :        *        :        :       | -0.0792334177
 273  9/  23 |       :        :  *     |        :        :       | -0.7789332986
 274 10/  23 |       :        :     *  |        :        :       | -0.4631928937
 275 11/  23 |       :        :    *   |        :        :       | -0.5410836027
 276 12/  23 +       :        : *      |        :        :       + -0.8619376887
 277  1/  24 |       :        :        *        :        :       | -0.0043619581
 278  2/  24 |       :       *:        |        :        :       | -1.2641215396
 279  3/  24 |       :        :        |        :        *       |  2.0391123482
 280  4/  24 |       :        :        |*       :        :       |  0.0612899832
 281  5/  24 |       :        :        |   *    :        :       |  0.4153239701
 282  6/  24>|    *  :        :        |        :        :       |>-2.5827330476
 283  7/  24 |       :  *     :        |        :        :       | -1.8248132196
 284  8/  24 |       :        :    *   |        :        :       | -0.4868212524
 285  9/  24 |       : *      :        |        :        :       | -2.0142385920
 286 10/  24 |       :     *  :        |        :        :       | -1.5410479978
 287 11/  24 |       :        :        |        :    *   :       |  1.5906012397
 288 12/  24 +       :        :        |        : *      :       +  1.2397455032
 289  1/  25 |       :        :        *        :        :       | -0.0486419895
 290  2/  25 |       :        :    *   |        :        :       | -0.5916094984
 291  3/  25>|       :        :        |        :        : *     |> 2.3303513849
 292  4/  25 |       :        :       *|        :        :       | -0.1306479429
 293  5/  25 |       :        :        *        :        :       | -0.0076137838
 294  6/  25 |       :        :*       |        :        :       | -1.0395836949
 295  7/  25 |       :     *  :        |        :        :       | -1.4612057749
 296  8/  25 |       :       *:        |        :        :       | -1.2142748537
 297  9/  25 |       :        :        |        : *      :       |  1.2115174297
 298 10/  25 |       :      * :        |        :        :       | -1.3673631922
 299 11/  25 |       :        :        | *      :        :       |  0.1388325536
 300 12/  25 +       :        :        |       *:        :       +  0.8387325322
 301  1/  26 |       :        : *      |        :        :       | -0.8915201076
 302  2/  26 |       :        :       *|        :        :       | -0.1450869904
 303  3/  26>|       :        :        |        :        : *     |> 2.2748293603
 304  4/  26 |       :        :        |        :    *   :       |  1.5707522188
 305  5/  26 |       :        :        |      * :        :       |  0.7313335481
 306  6/  26 |       :       *:        |        :        :       | -1.1972733839
 307  7/  26 |       :        :        |        :*       :       |  1.0699210158
 308  8/  26 |       :        :        |*       :        :       |  0.0634339069
 309  9/  26 |       :        :   *    |        :        :       | -0.6170199744
 310 10/  26 |       :    *   :        |        :        :       | -1.5569062812
 311 11/  26 |       : *      :        |        :        :       | -2.0085074529
 312 12/  26 +       :        :        |        :       *:       +  1.9116509236
 313  1/  27 |       :        :        *        :        :       | -0.0553240528
 314  2/  27 |       :        :     *  |        :        :       | -0.4088033640
 315  3/  27 |       :        :        |        *        :       |  1.0113379725
 316  4/  27 |       :        :  *     |        :        :       | -0.7402280793
 317  5/  27 |       :   *    :        |        :        :       | -1.6969775766
 318  6/  27 |       :        :        |       *:        :       |  0.8948680830
 319  7/  27 |       :        :        |*       :        :       |  0.0809228222
 320  8/  27 |       :        :        |  *     :        :       |  0.3169101729
 321  9/  27 |       :        :  *     |        :        :       | -0.7959822603
 322 10/  27 |       :        :        | *      :        :       |  0.2098785458
 323 11/  27 |       :        :     *  |        :        :       | -0.4041883778
 324 12/  27 +       :        :        |   *    :        :       +  0.4084265190
 325  1/  28 |       :        :        |        : *      :       |  1.2630419670
 326  2/  28 |       :        :  *     |        :        :       | -0.7644725389
 327  3/  28 |       :        :        |*       :        :       |  0.0921046713
 328  4/  28 |       :        :        |      * :        :       |  0.8050901437
 329  5/  28 |       :        :        |  *     :        :       |  0.3407621111
 330  6/  28 |       :        :        | *      :        :       |  0.2286227660
 331  7/  28 |       :        :        |        : *      :       |  1.1998233662
 332  8/  28>|       :        :        |        :        : *     |> 2.3220237687
 333  9/  28 |       :        :        |  *     :        :       |  0.2902343539
 334 10/  28 |       :     *  :        |        :        :       | -1.4634129268
 335 11/  28 |       :        :        |   *    :        :       |  0.4500455200
 336 12/  28 +       :        :       *|        :        :       + -0.1528135570
 337  1/  29 |       :        :     *  |        :        :       | -0.3920118380
 338  2/  29 |       :        *        |        :        :       | -1.1184470413
 339  3/  29 |       :       *:        |        :        :       | -1.2582016907
 340  4/  29 |       :        :        |    *   :        :       |  0.5529686665
 341  5/  29 |       :        :        |*       :        :       |  0.1129516984
 342  6/  29 |       :   *    :        |        :        :       | -1.6804464661
 343  7/  29 |       :        :     *  |        :        :       | -0.3904906045
 344  8/  29 |       :        :        |  *     :        :       |  0.2974582718
 345  9/  29 |       :        :        | *      :        :       |  0.1745888524
 346 10/  29 |       :        :        |        *        :       |  0.9909966220
 347 11/  29 |       :        :       *|        :        :       | -0.1433314513
 348 12/  29 +       :        : *      |        :        :       + -0.8478710442
 349  1/  30 |       :        :        |        *        :       |  0.9729953677
 350  2/  30 |       :        :        |      * :        :       |  0.7178618651
 351  3/  30 |       :        :  *     |        :        :       | -0.7541088995
 352  4/  30 |       :        :        |   *    :        :       |  0.4560424742
 353  5/  30 |       :        :     *  |        :        :       | -0.4575878509
 354  6/  30>|       :        :        |        :        :    *  |> 2.6654435359
 355  7/  30 |       :        :        |    *   :        :       |  0.5172910408
 356  8/  30 |       :        :        |      * :        :       |  0.7482721684
 357  9/  30 |       :        :*       |        :        :       | -1.0163164501
 358 10/  30 |       :        :        | *      :        :       |  0.1560641487
 359 11/  30 |       :        :   *    |        :        :       | -0.6719899809
 360 12/  30 +       :        :        |       *:        :       +  0.9047597660
 361  1/  31 |       :        :        *        :        :       | -0.0308937870
 362  2/  31 |       :        :        |  *     :        :       |  0.3244871156
 363  3/  31 |       :        :     *  |        :        :       | -0.4026889046
 364  4/  31 |       :       *:        |        :        :       | -1.2625337742
 365  5/  31 |       :        :    *   |        :        :       | -0.5454652315
 366  6/  31 |       :        :        |   *    :        :       |  0.4480347032
 367  7/  31 |       :        :        *        :        :       | -0.0297273373
 368  8/  31 |       :        :    *   |        :        :       | -0.5496784318
 369  9/  31 |       :        :        |    *   :        :       |  0.4748911523
 370 10/  31 |       :        :        |*       :        :       |  0.0223928074
 371 11/  31 |       *        :        |        :        :       | -2.1497254788
 372 12/  31 +       :        :  *     |        :        :       + -0.8080038070
 373  1/  32 |       :        :        | *      :        :       |  0.1493336653
 374  2/  32 |       :        :        |        :  *     :       |  1.3429592104
 375  3/  32 |       :        :        |*       :        :       |  0.0681711700
 376  4/  32 |       :  *     :        |        :        :       | -1.8307714351
 377  5/  32 |       :        :        |        :     *  :       |  1.7444568392
 378  6/  32 |       :        :        |*       :        :       |  0.0694490738
 379  7/  32 |       :        :        |  *     :        :       |  0.3326895198
 380  8/  32 |       :        :        |        :*       :       |  1.1562810952
 381  9/  32 |       :        :        |*       :        :       |  0.0652508133
 382 10/  32>|       :        :        |        :        :*      |> 2.1400951010
 383 11/  32 |       :        :   *    |        :        :       | -0.6368597049
 384 12/  32 +       :        :        |   *    :        :       +  0.4032296169
 385  1/  33 |       :        :        |*       :        :       |  0.0511226805
 386  2/  33 |       :        : *      |        :        :       | -0.9132579658
 387  3/  33 |       :        :        |*       :        :       | -0.0004640363
 388  4/  33 |       :        :        |        :*       :       |  1.1521618302
 389  5/  33 |       :        :  *     |        :        :       | -0.7536782915
 390  6/  33 |       :      * :        |        :        :       | -1.3475850636
 391  7/  33 |       :        :        |       *:        :       |  0.8652601140
 392  8/  33 |       :        :        |        :       *:       |  1.9641264852
 393  9/  33 |       :        :  *     |        :        :       | -0.8178803344
 394 10/  33 |       :        :        *        :        :       | -0.0464717931
 395 11/  33 |       :        :   *    |        :        :       | -0.6633795884
 396 12/  33 +       :        :     *  |        :        :       + -0.3737154889
 397  1/  34 |       :        :        |        :  *     :       |  1.4126963164
 398  2/  34 |       :        :        |        *        :       |  1.0381926768
 399  3/  34 |       :        *        |        :        :       | -1.1712246898
-------------+-------+--------+--------+--------+--------+-------+--------------
                    -2       -1        0       +1       +2        

                 +------------------------------------------+
                 |       Table of standardized values       |
                 |       greater than or equal to 2.0       |
                 +------------------------------------------+
                 |                                          |
                 | Observation    Date   Standardized value |
                 |                                          |
                 |     13        1/   2         2.38        |
                 |     17        5/   2        -2.29        |
                 |     51        3/   5         2.29        |
                 |     58       10/   5         2.51        |
                 |     63        3/   6        -2.37        |
                 |     67        7/   6         2.61        |
                 |    100        4/   9        -2.19        |
                 |    110        2/  10        -2.83        |
                 |    148        4/  13         2.21        |
                 |    246        6/  21        -2.56        |
                 |    249        9/  21        -2.24        |
                 |    266        2/  23         2.11        |
                 |    282        6/  24        -2.40        |
                 |    291        3/  25         2.27        |
                 |    303        3/  26         2.22        |
                 |    332        8/  28         2.27        |
                 |    354        6/  30         2.59        |
                 |    382       10/  32         2.09        |
                 +------------------------------------------+

Standardized time series histogram:

       -4      -3      -2      -1       0      +1      +2      +3      +4
        +---+---+---+---+---+---+---+---+---+---+---+---+---+---+---+---+
        |                                 92                            |
        |                                ....                            |
        |                                ....                            |
        |                                ....                            |
        |                         64     ....                            |
        |                        .... 60 ....                            |
        |                        ............ 54                         |
        |                        ................                        |
        |                     41 ................                        |
        |                    ....................                        |
        |                    .................... 32                     |
        |                    ........................                    |
        |                 19 ........................19                  |
        |                ................................                |
        |                ................................  8             |
        |          2  5  ....................................3           |
        |        ................................................        |
        +---+---+---+---+---+---+---+---+---+---+---+---+---+---+---+---+
       -4      -3      -2      -1       0      +1      +2      +3      +4

             129 values outside (-1,+1): 32.33 % (31.74 % expected)
              18 values outside (-2,+2):  4.51 % ( 4.56 % expected)

Autocorrelation function (acf bands =  0.100):

            -1                         0                         1  L-B Q  DF
-------------+-------------------------+-------------------------+--------------
   1   0.017 |                      :  |  :                      | 
   2  -0.056 |                      : *|  :                      | 
   3  -0.009 |                      :  |  :                      | 
   4  -0.000 |                      :  |  :                      | 
   5   0.007 |                      :  |  :                      | 
   6  -0.032 |                      : *|  :                      | 
   7   0.010 |                      :  |  :                      | 
   8  -0.028 |                      : *|  :                      | 
   9  -0.018 |                      :  |  :                      | 
  10   0.006 |                      :  |  :                      | 
  11  -0.080 |                      :**|  :                      | 
  12   0.052 +                      :  |+ :                      +   6.07  12
  13   0.062 |                      :  |**:                      | 
  14  -0.041 |                      : *|  :                      | 
  15  -0.012 |                      :  |  :                      | 
  16  -0.022 |                      : *|  :                      | 
  17  -0.002 |                      :  |  :                      | 
  18   0.045 |                      :  |* :                      | 
  19  -0.004 |                      :  |  :                      | 
  20   0.017 |                      :  |  :                      | 
  21   0.005 |                      :  |  :                      | 
  22  -0.020 |                      :  |  :                      | 
  23  -0.039 |                      : *|  :                      | 
  24   0.062 +                      :  |++:                      +  12.09  24
  25   0.071 |                      :  |**:                      | 
  26  -0.002 |                      :  |  :                      | 
  27   0.033 |                      :  |* :                      | 
  28   0.063 |                      :  |**:                      | 
  29  -0.033 |                      : *|  :                      | 
  30  -0.020 |                      : *|  :                      | 
  31   0.016 |                      :  |  :                      | 
  32  -0.032 |                      : *|  :                      | 
  33   0.002 |                      :  |  :                      | 
  34   0.044 |                      :  |* :                      | 
  35  -0.101 |                      ***|  :                      | 
  36   0.015 +                      :  |  :                      +  23.07  36
  37   0.035 |                      :  |* :                      | 
  38  -0.005 |                      :  |  :                      | 
  39  -0.074 |                      :**|  :                      | 
  40  -0.014 |                      :  |  :                      | 
  41   0.039 |                      :  |* :                      | 
  42  -0.005 |                      :  |  :                      |  26.83  42
-------------+-------------------------+-------------------------+--------------
            -1                         0                         1  L-B Q  DF

Partial autocorrelation function (pacf bands =  0.100):

            -1                         0                         1
-------------+-------------------------+-------------------------+--------------
   1   0.017 |                      :  |  :                      | 
   2  -0.056 |                      : *|  :                      | 
   3  -0.007 |                      :  |  :                      | 
   4  -0.003 |                      :  |  :                      | 
   5   0.006 |                      :  |  :                      | 
   6  -0.032 |                      : *|  :                      | 
   7   0.012 |                      :  |  :                      | 
   8  -0.032 |                      : *|  :                      | 
   9  -0.016 |                      :  |  :                      | 
  10   0.003 |                      :  |  :                      | 
  11  -0.082 |                      :**|  :                      | 
  12   0.054 +                      :  |+ :                      + 
  13   0.053 |                      :  |* :                      | 
  14  -0.042 |                      : *|  :                      | 
  15  -0.004 |                      :  |  :                      | 
  16  -0.024 |                      : *|  :                      | 
  17  -0.010 |                      :  |  :                      | 
  18   0.048 |                      :  |* :                      | 
  19  -0.009 |                      :  |  :                      | 
  20   0.018 |                      :  |  :                      | 
  21   0.013 |                      :  |  :                      | 
  22  -0.028 |                      : *|  :                      | 
  23  -0.032 |                      : *|  :                      | 
  24   0.072 +                      :  |++:                      + 
  25   0.049 |                      :  |* :                      | 
  26   0.006 |                      :  |  :                      | 
  27   0.046 |                      :  |* :                      | 
  28   0.063 |                      :  |**:                      | 
  29  -0.024 |                      : *|  :                      | 
  30  -0.015 |                      :  |  :                      | 
  31   0.013 |                      :  |  :                      | 
  32  -0.031 |                      : *|  :                      | 
  33   0.007 |                      :  |  :                      | 
  34   0.047 |                      :  |* :                      | 
  35  -0.092 |                      :**|  :                      | 
  36   0.034 +                      :  |+ :                      + 
  37   0.013 |                      :  |  :                      | 
  38  -0.014 |                      :  |  :                      | 
  39  -0.061 |                      :**|  :                      | 
  40  -0.018 |                      :  |  :                      | 
  41   0.025 |                      :  |* :                      | 
  42   0.006 |                      :  |  :                      | 
-------------+-------------------------+-------------------------+--------------
            -1                         0                         1


--- Residual series a[3] ---
Unconditional residuals (seasonal period: 12)
399 observations: from 1/1 to 3/34

                  Mean:          -0.082963
Standard error of mean:           0.073737
              Variance:           2.169395
    Standard deviation:           1.472887
              Skewness:           0.304095
              Kurtosis:          -0.140880
               Minimum:          -3.511875 at 12/3 (observation  36)
               Maximum:           4.627784 at  2/32 (observation 374)

Standardized time series plot (original values on right-side column):

               -3     -2      -1       0      +1      +2     +3   
-------------+--+------+-------+-------+-------+-------+------+--+--------------
   1  1/   1 |         :       :       |  *    :       :         |  0.5068404944
   2  2/   1 |         :       :       |       :   *   :         |  2.1870524149
   3  3/   1 |         :      *:       |       :       :         | -1.7478956742
   4  4/   1 |         :       :       |*      :       :         |  0.1856314858
   5  5/   1 |         :       :       | *     :       :         |  0.3863349084
   6  6/   1 |         :       :   *   |       :       :         | -0.7828843149
   7  7/   1 |         :       :       |      *:       :         |  1.2751497319
   8  8/   1 |         :       :       |*      :       :         |  0.1945252887
   9  9/   1 |         :       :     * |       :       :         | -0.4174835412
  10 10/   1 |         :       :       *       :       :         |  0.0010859180
  11 11/   1 |         :       :       |       : *     :         |  1.8343083776
  12 12/   1 +         :       :      *|       :       :         + -0.3052461182
  13  1/   2 |         :       :*      |       :       :         | -1.4323865088
  14  2/   2 |         :       :       |       :   *   :         |  2.1004394565
  15  3/   2 |         :       :      *|       :       :         | -0.2048034776
  16  4/   2 |         :       :       *       :       :         | -0.0375591815
  17  5/   2 |         : *     :       |       :       :         | -2.6286650233
  18  6/   2>|         :       :       |       :       :*        |> 3.0715337146
  19  7/   2 |         :       :       |*      :       :         |  0.1633200988
  20  8/   2 |         :       :     * |       :       :         | -0.3685447928
  21  9/   2 |         :       :       |  *    :       :         |  0.5495701645
  22 10/   2 |         :       :       |     * :       :         |  1.0684303399
  23 11/   2 |         :       :      *|       :       :         | -0.3369681348
  24 12/   2 +         :       : *     |       :       :         + -1.1529044746
  25  1/   3 |         :    *  :       |       :       :         | -2.1461522964
  26  2/   3 |         : *     :       |       :       :         | -2.6567478632
  27  3/   3 |         :   *   :       |       :       :         | -2.3912586945
  28  4/   3 |         :     * :       |       :       :         | -2.0539224779
  29  5/   3 |         :       *       |       :       :         | -1.5626867685
  30  6/   3 |         :       :     * |       :       :         | -0.4282718456
  31  7/   3 |         :       :       |       :     * :         |  2.4929716058
  32  8/   3 |         :       :  *    |       :       :         | -1.1105212808
  33  9/   3 |         :       *       |       :       :         | -1.5493341793
  34 10/   3 |         :       :       |*      :       :         |  0.1837266518
  35 11/   3 |         :       :       |       :   *   :         |  2.2536392554
  36 12/   3>+       * :       :       |       :       :         +>-3.5118748165
  37  1/   4 |         :       :   *   |       :       :         | -0.8810741317
  38  2/   4 |         :       :       |       : *     :         |  1.8678998936
  39  3/   4 |         :       :       |*      :       :         |  0.0185703866
  40  4/   4 |         :       :     * |       :       :         | -0.3703820025
  41  5/   4 |         :       :       |   *   :       :         |  0.6583728553
  42  6/   4 |         :       *       |       :       :         | -1.5508796927
  43  7/   4 |         :       :     * |       :       :         | -0.3731550584
  44  8/   4 |         :       :       |     * :       :         |  1.1376340979
  45  9/   4 |         :       :    *  |       :       :         | -0.6821089440
  46 10/   4 |         :       :       |    *  :       :         |  0.9347268872
  47 11/   4 |         :      *:       |       :       :         | -1.6849634971
  48 12/   4>+         :       :       |       :       : *       +> 3.3998751838
  49  1/   5 |         :       :       | *     :       :         |  0.2738230257
  50  2/   5 |         :       :     * |       :       :         | -0.3726536495
  51  3/   5 |         :       :       |       :     * :         |  2.6247786357
  52  4/   5 |         :       :  *    |       :       :         | -1.0567635530
  53  5/   5 |         :       :       |  *    :       :         |  0.3980978136
  54  6/   5 |         :       :      *|       :       :         | -0.2484755538
  55  7/   5 |         :       *       |       :       :         | -1.6307401327
  56  8/   5 |         :       :       |*      :       :         |  0.1859275865
  57  9/   5 |         :       :*      |       :       :         | -1.3613164183
  58 10/   5 |         :       *       |       :       :         | -1.5296494196
  59 11/   5 |         :       :     * |       :       :         | -0.4014704610
  60 12/   5 +         :       :       |       :*      :         +  1.6894111071
  61  1/   6 |         :       *       |       :       :         | -1.6357244329
  62  2/   6 |         :       :*      |       :       :         | -1.4201652952
  63  3/   6 |         :       :   *   |       :       :         | -0.8785229408
  64  4/   6 |         :       :    *  |       :       :         | -0.6421870160
  65  5/   6 |         :       :*      |       :       :         | -1.4355423213
  66  6/   6 |         :    *  :       |       :       :         | -2.0742090899
  67  7/   6 |         :       :       |   *   :       :         |  0.6247508919
  68  8/   6 |         :*      :       |       :       :         | -2.8990744865
  69  9/   6 |         :       *       |       :       :         | -1.5979009070
  70 10/   6 |         :       :       |       :  *    :         |  1.9096296207
  71 11/   6 |         :       :       |  *    :       :         |  0.5573875745
  72 12/   6 +         :       :       |       :*      :         +  1.5356302617
  73  1/   7 |         :       :       |       : *     :         |  1.7388359493
  74  2/   7 |         :       :       |       *       :         |  1.3405492899
  75  3/   7 |         :       :    *  |       :       :         | -0.5942375252
  76  4/   7 |         :       :   *   |       :       :         | -0.8041494955
  77  5/   7 |         :       :*      |       :       :         | -1.3083483311
  78  6/   7 |         :      *:       |       :       :         | -1.7273322966
  79  7/   7 |         :      *:       |       :       :         | -1.6859805470
  80  8/   7 |         :       :       |       :*      :         |  1.6848842553
  81  9/   7 |         :       :  *    |       :       :         | -1.0989446412
  82 10/   7>|         :       :       |       :       :  *      |> 3.5724079391
  83 11/   7 |         :       :       |    *  :       :         |  0.8487131721
  84 12/   7 +         :       :       |       *       :         +  1.3909607668
  85  1/   8 |         :       : *     |       :       :         | -1.2894997115
  86  2/   8 |         :      *:       |       :       :         | -1.7541551752
  87  3/   8 |         :       :    *  |       :       :         | -0.6204836520
  88  4/   8 |         :       :       |      *:       :         |  1.2160514548
  89  5/   8 |         :       :       |       : *     :         |  1.7858753729
  90  6/   8 |         :       :       |*      :       :         |  0.1003755442
  91  7/   8 |         :       :       | *     :       :         |  0.3792984459
  92  8/   8 |         :       :       |  *    :       :         |  0.5077437004
  93  9/   8 |         :       :      *|       :       :         | -0.2949060494
  94 10/   8 |         :       :       |     * :       :         |  0.9602664306
  95 11/   8 |         :       *       |       :       :         | -1.4982440996
  96 12/   8 +         :       :    *  |       :       :         + -0.5967260174
  97  1/   9 |         :      *:       |       :       :         | -1.7121377218
  98  2/   9 |         :       :     * |       :       :         | -0.4910513049
  99  3/   9 |         :       :     * |       :       :         | -0.5456400227
 100  4/   9 |         :       : *     |       :       :         | -1.1771940719
 101  5/   9 |         :       :   *   |       :       :         | -0.7457230485
 102  6/   9 |         :       :       *       :       :         | -0.0849938108
 103  7/   9 |         :       :  *    |       :       :         | -1.1089401366
 104  8/   9 |         :    *  :       |       :       :         | -2.0895694684
 105  9/   9 |         :       :       |*      :       :         |  0.0354534380
 106 10/   9 |         :       :       |  *    :       :         |  0.5129801557
 107 11/   9 |         :       :*      |       :       :         | -1.4898769322
 108 12/   9 +         :       :       |       :*      :         +  1.6089983630
 109  1/  10 |         :       :       |       *       :         |  1.4231652712
 110  2/  10 |         :       :       |     * :       :         |  1.0510732991
 111  3/  10 |         :  *    :       |       :       :         | -2.5056662778
 112  4/  10>|         :       :       |       :       :  *      |> 3.4446962061
 113  5/  10 |         :       :       |     * :       :         |  0.9640348188
 114  6/  10 |         :       :*      |       :       :         | -1.3481455132
 115  7/  10 |         :       :       *       :       :         | -0.1215983684
 116  8/  10 |         :       :  *    |       :       :         | -0.9432971229
 117  9/  10 |         :       :       |       : *     :         |  1.8011235411
 118 10/  10 |         :       :       |       :   *   :         |  2.2477552494
 119 11/  10 |         :       :   *   |       :       :         | -0.8695417746
 120 12/  10 +         :       :       |  *    :       :         +  0.4116917288
 121  1/  11 |         :       :       |  *    :       :         |  0.4354134475
 122  2/  11 |         :       :   *   |       :       :         | -0.7878498175
 123  3/  11 |         :       :*      |       :       :         | -1.4110381645
 124  4/  11 |         :       :       |       : *     :         |  1.8767979151
 125  5/  11 |         :       :    *  |       :       :         | -0.7184470639
 126  6/  11 |         :       :*      |       :       :         | -1.4030508874
 127  7/  11 |         :    *  :       |       :       :         | -2.1772818492
 128  8/  11 |         :       :      *|       :       :         | -0.1905261402
 129  9/  11 |         :       :       |       :   *   :         |  2.1038662520
 130 10/  11 |         :       :   *   |       :       :         | -0.8825366601
 131 11/  11 |         :       :       *       :       :         | -0.0882887323
 132 12/  11 +         :       :       |       :*      :         +  1.5953372803
 133  1/  12 |         :       :       |    *  :       :         |  0.7998176066
 134  2/  12 |         :       :      *|       :       :         | -0.3257791829
 135  3/  12 |         :       :   *   |       :       :         | -0.9023423382
 136  4/  12 |         :       :       |      *:       :         |  1.2825544133
 137  5/  12 |         :       :       |  *    :       :         |  0.5001432397
 138  6/  12 |         :       :       |       :   *   :         |  2.2295059785
 139  7/  12>|         :       :       |       :       :   *     |> 3.6024008275
 140  8/  12 |         :       : *     |       :       :         | -1.2407232591
 141  9/  12 |         :       :       |    *  :       :         |  0.8866711657
 142 10/  12 |         :       :       |       :*      :         |  1.6201966076
 143 11/  12 |         :       :       |       *       :         |  1.3805364420
 144 12/  12 +         :       :      *|       :       :         + -0.2261837818
 145  1/  13 |         :       :       |*      :       :         |  0.0533481635
 146  2/  13 |         :       :    *  |       :       :         | -0.7146024348
 147  3/  13 |         :       :      *|       :       :         | -0.2893340925
 148  4/  13 |         :       : *     |       :       :         | -1.2401735808
 149  5/  13 |         :       *       |       :       :         | -1.5259754103
 150  6/  13 |         :       :       *       :       :         |  0.0033051462
 151  7/  13 |         :       :       |       *       :         |  1.4114051306
 152  8/  13 |         :       :       |   *   :       :         |  0.6935177831
 153  9/  13 |         :       :       |       *       :         |  1.3902878532
 154 10/  13 |         :       :       | *     :       :         |  0.3018888123
 155 11/  13 |         :      *:       |       :       :         | -1.7488420288
 156 12/  13 +         :       :  *    |       :       :         + -0.9674652122
 157  1/  14 |         :       :       |*      :       :         |  0.0837280018
 158  2/  14 |         :       :       *       :       :         |  0.0039250344
 159  3/  14 |         :       :       |  *    :       :         |  0.5340184111
 160  4/  14 |         :       :*      |       :       :         | -1.4528698792
 161  5/  14 |         :       :  *    |       :       :         | -1.0808044366
 162  6/  14 |         :       :       |       *       :         |  1.3506091818
 163  7/  14 |         :       :       |    *  :       :         |  0.8762486873
 164  8/  14 |         :       :       |   *   :       :         |  0.7103753775
 165  9/  14 |         :       :*      |       :       :         | -1.3446088867
 166 10/  14 |         :       :       |       :      *:         |  2.7364199932
 167 11/  14 |         :       :       *       :       :         | -0.0808309499
 168 12/  14 +         :       :       |   *   :       :         +  0.6034396429
 169  1/  15 |         :      *:       |       :       :         | -1.6917398691
 170  2/  15 |         :       :       *       :       :         | -0.1124827071
 171  3/  15 |         :       :       | *     :       :         |  0.2465623921
 172  4/  15 |         :       :*      |       :       :         | -1.4100920721
 173  5/  15 |         :       : *     |       :       :         | -1.1606974507
 174  6/  15 |         :       :       |*      :       :         |  0.1368406894
 175  7/  15 |         :       :       |   *   :       :         |  0.7012632163
 176  8/  15 |         :       :       |  *    :       :         |  0.4824970748
 177  9/  15 |         :       :     * |       :       :         | -0.4044773025
 178 10/  15 |         :       :       *       :       :         | -0.0179478955
 179 11/  15 |         :       :       |     * :       :         |  1.0125917949
 180 12/  15 +         :       :       |  *    :       :         +  0.5061902528
 181  1/  16 |         :       :       |  *    :       :         |  0.4513936150
 182  2/  16 |         :       :*      |       :       :         | -1.4198947093
 183  3/  16 |         :       :     * |       :       :         | -0.5263854299
 184  4/  16 |         :       :       |       :     * :         |  2.4739484521
 185  5/  16 |         :       :     * |       :       :         | -0.4689653939
 186  6/  16 |         :       :       |     * :       :         |  1.0564258192
 187  7/  16 |         :       :*      |       :       :         | -1.3781370299
 188  8/  16 |         :       :*      |       :       :         | -1.3209461430
 189  9/  16 |         :       :      *|       :       :         | -0.3631451799
 190 10/  16 |         :       :       |      *:       :         |  1.1738391542
 191 11/  16 |         :       :   *   |       :       :         | -0.8093464744
 192 12/  16 +         :       :  *    |       :       :         + -1.0147617711
 193  1/  17 |         :       :       |   *   :       :         |  0.6365910920
 194  2/  17 |         :       :   *   |       :       :         | -0.8941067162
 195  3/  17 |         :       :       |    *  :       :         |  0.8775973676
 196  4/  17 |         :       :       |*      :       :         |  0.0294902659
 197  5/  17>|       * :       :       |       :       :         |>-3.4271572712
 198  6/  17 |         :       :       |    *  :       :         |  0.8079363118
 199  7/  17 |         :       :      *|       :       :         | -0.1909463229
 200  8/  17 |         :       :       |      *:       :         |  1.2828611049
 201  9/  17 |         :       :       |       :    *  :         |  2.2789716348
 202 10/  17 |         :       :       |*      :       :         |  0.0186558092
 203 11/  17 |         :     * :       |       :       :         | -1.9822799959
 204 12/  17 +         :       :       |       *       :         +  1.4752153613
 205  1/  18 |         :       : *     |       :       :         | -1.1361435420
 206  2/  18 |         :       :       *       :       :         | -0.1212861237
 207  3/  18 |         :       :       |       :*      :         |  1.7001397009
 208  4/  18 |         :       :   *   |       :       :         | -0.9091546595
 209  5/  18 |         :       :  *    |       :       :         | -0.9764397386
 210  6/  18 |         :       :       |       :*      :         |  1.6562957076
 211  7/  18 |         :       :       |     * :       :         |  1.1312260134
 212  8/  18 |         :       :       | *     :       :         |  0.3866476333
 213  9/  18 |         :       :       |  *    :       :         |  0.4488548846
 214 10/  18 |         :       :       |*      :       :         |  0.1048700563
 215 11/  18>|         *       :       |       :       :         |>-3.1512696804
 216 12/  18 +         :       :    *  |       :       :         + -0.7252542266
 217  1/  19 |         :       :       |      *:       :         |  1.2232802332
 218  2/  19 |         :       :   *   |       :       :         | -0.8650692344
 219  3/  19 |         :       :       |   *   :       :         |  0.5778933508
 220  4/  19 |         :       :*      |       :       :         | -1.3085632621
 221  5/  19 |         :       :    *  |       :       :         | -0.7086939833
 222  6/  19 |         :       :       |       :     * :         |  2.4743645258
 223  7/  19 |         :       :  *    |       :       :         | -1.0870631394
 224  8/  19 |         :       :       |  *    :       :         |  0.4110753743
 225  9/  19 |         :       :     * |       :       :         | -0.4320083203
 226 10/  19 |         :       :*      |       :       :         | -1.3192694268
 227 11/  19>|         :       :       |       :       :     *   |> 4.1473195828
 228 12/  19 +         :       :       |       :*      :         +  1.5705900225
 229  1/  20 |         :       : *     |       :       :         | -1.1625116069
 230  2/  20 |         :       :       |      *:       :         |  1.2578330106
 231  3/  20 |         :       :       |       :  *    :         |  1.9303214241
 232  4/  20 |         :       :       |   *   :       :         |  0.7300296287
 233  5/  20 |         :       :  *    |       :       :         | -1.0975706361
 234  6/  20 |         :       :   *   |       :       :         | -0.8872953345
 235  7/  20 |         :       : *     |       :       :         | -1.2525638085
 236  8/  20>|         :       :       |       :       :  *      |> 3.4713767703
 237  9/  20 |         :       :       *       :       :         | -0.0232825723
 238 10/  20 |         :       :       |     * :       :         |  0.9947126477
 239 11/  20 |         :     * :       |       :       :         | -1.9740647563
 240 12/  20 +         :       :       *       :       :         + -0.0582618272
 241  1/  21 |         :       *       |       :       :         | -1.6282744591
 242  2/  21 |         :       :       |       : *     :         |  1.7888502348
 243  3/  21 |         :       :  *    |       :       :         | -1.0523919350
 244  4/  21 |         :       :     * |       :       :         | -0.4519923056
 245  5/  21 |         :       :   *   |       :       :         | -0.8315820072
 246  6/  21>|         :       :       |       :       : *       |> 3.2364866222
 247  7/  21 |         :       :       *       :       :         | -0.1314670979
 248  8/  21 |         :    *  :       |       :       :         | -2.1497490333
 249  9/  21 |         :       :       |     * :       :         |  0.9565389803
 250 10/  21 |         :       :  *    |       :       :         | -0.9359286905
 251 11/  21 |         :       :    *  |       :       :         | -0.6644075801
 252 12/  21 +         :       :   *   |       :       :         + -0.7742226465
 253  1/  22 |         :       :       |       :    *  :         |  2.3205209440
 254  2/  22 |         :       :      *|       :       :         | -0.2021482694
 255  3/  22 |         :       :       |  *    :       :         |  0.5529707718
 256  4/  22 |         :       : *     |       :       :         | -1.3076734006
 257  5/  22 |         :       :     * |       :       :         | -0.4937581795
 258  6/  22 |         :       :   *   |       :       :         | -0.8162038784
 259  7/  22 |         :  *    :       |       :       :         | -2.5726986773
 260  8/  22 |         :       *       |       :       :         | -1.5656421011
 261  9/  22 |         :       :       |       :*      :         |  1.6897654247
 262 10/  22 |         :       :       |       :   *   :         |  2.1975882642
 263 11/  22 |         :       : *     |       :       :         | -1.1388077716
 264 12/  22 +         :       :       |*      :       :         +  0.0919122086
 265  1/  23 |         :       :     * |       :       :         | -0.4380191821
 266  2/  23 |         :       :       |       :   *   :         |  2.1366947177
 267  3/  23 |         :       :       *       :       :         | -0.0855411819
 268  4/  23 |         :       :       | *     :       :         |  0.2507911435
 269  5/  23 |         :       :       |    *  :       :         |  0.8435309722
 270  6/  23 |         :       :       *       :       :         | -0.0287003851
 271  7/  23 |         :       :    *  |       :       :         | -0.6935077504
 272  8/  23 |         :      *:       |       :       :         | -1.7490058396
 273  9/  23 |         :       :       |*      :       :         |  0.0335410785
 274 10/  23 |         :       :     * |       :       :         | -0.3697936962
 275 11/  23>|        *:       :       |       :       :         |>-3.2195482068
 276 12/  23 +         :       :    *  |       :       :         + -0.7024687342
 277  1/  24 |         :       :       |       :*      :         |  1.6532223702
 278  2/  24>|        *:       :       |       :       :         |>-3.3650190835
 279  3/  24 |         :       : *     |       :       :         | -1.2800951581
 280  4/  24 |         :       :       *       :       :         | -0.1499905318
 281  5/  24 |         :       :       |     * :       :         |  1.0211654326
 282  6/  24 |         :       :   *   |       :       :         | -0.8430322589
 283  7/  24 |         :       :  *    |       :       :         | -1.0771671895
 284  8/  24 |         :       :       | *     :       :         |  0.3616008396
 285  9/  24 |         :       :       |*      :       :         |  0.1486781468
 286 10/  24 |         :    *  :       |       :       :         | -2.2223937145
 287 11/  24 |         :       :      *|       :       :         | -0.2244078611
 288 12/  24 +         :       :       *       :       :         + -0.0728008205
 289  1/  25 |         :       :       |       :*      :         |  1.5410144929
 290  2/  25 |         :       :       |       :   *   :         |  2.1081844531
 291  3/  25 |         :       :  *    |       :       :         | -0.9620882481
 292  4/  25 |         :*      :       |       :       :         | -2.8630376048
 293  5/  25 |         :       :       |       *       :         |  1.3916658262
 294  6/  25 |         :       :  *    |       :       :         | -1.0813922866
 295  7/  25 |         :       :       |       *       :         |  1.3439406932
 296  8/  25 |         :       :       | *     :       :         |  0.3251912891
 297  9/  25 |         :       :       |     * :       :         |  1.1094682183
 298 10/  25 |         :     * :       |       :       :         | -1.9285671939
 299 11/  25 |         :       :  *    |       :       :         | -1.1150459799
 300 12/  25 +         :     * :       |       :       :         + -1.9664597517
 301  1/  26 |         :       :       |    *  :       :         |  0.8031447085
 302  2/  26 |         :       :       |*      :       :         |  0.1611804902
 303  3/  26 |         :     * :       |       :       :         | -2.0067175029
 304  4/  26 |         :  *    :       |       :       :         | -2.4649238250
 305  5/  26 |         :       :      *|       :       :         | -0.2569024178
 306  6/  26 |         :       :      *|       :       :         | -0.2458290509
 307  7/  26 |         :       : *     |       :       :         | -1.1730499757
 308  8/  26 |         :      *:       |       :       :         | -1.7882818465
 309  9/  26 |         :       :    *  |       :       :         | -0.5792643362
 310 10/  26>|         :       :       |       :       :   *     |> 3.7433817384
 311 11/  26 |         : *     :       |       :       :         | -2.7048394853
 312 12/  26 +         :       :       *       :       :         + -0.0256335841
 313  1/  27 |         :       :*      |       :       :         | -1.4481401764
 314  2/  27 |         :     * :       |       :       :         | -1.8782576534
 315  3/  27 |         :    *  :       |       :       :         | -2.2330743547
 316  4/  27 |         :       :       |       :     * :         |  2.5279674789
 317  5/  27 |         :       :    *  |       :       :         | -0.6214620605
 318  6/  27 |         :       :     * |       :       :         | -0.5403124942
 319  7/  27 |         :       :     * |       :       :         | -0.4375019248
 320  8/  27 |         :       :      *|       :       :         | -0.2852006275
 321  9/  27 |         :       :     * |       :       :         | -0.3778060330
 322 10/  27 |         :       :       |       *       :         |  1.4907647113
 323 11/  27 |         :       *       |       :       :         | -1.5510348138
 324 12/  27 +         :       :   *   |       :       :         + -0.8831252833
 325  1/  28 |         : *     :       |       :       :         | -2.6671354215
 326  2/  28 |         :       :       |       :  *    :         |  1.9681946525
 327  3/  28 |         : *     :       |       :       :         | -2.7078597469
 328  4/  28 |         :       *       |       :       :         | -1.5870624486
 329  5/  28 |         :    *  :       |       :       :         | -2.2429568584
 330  6/  28 |         :       :  *    |       :       :         | -1.0093133129
 331  7/  28 |         :       :       |   *   :       :         |  0.7102808693
 332  8/  28 |         :       :    *  |       :       :         | -0.6606775492
 333  9/  28 |         :       :       |  *    :       :         |  0.4034977583
 334 10/  28 |         :       :      *|       :       :         | -0.3346231750
 335 11/  28 |         :       :       |       :*      :         |  1.6305256656
 336 12/  28 +         :       :       |*      :       :         +  0.1681594819
 337  1/  29 |         :       :       |  *    :       :         |  0.5334600321
 338  2/  29 |         :       :       |      *:       :         |  1.3140471917
 339  3/  29 |         :       :       |     * :       :         |  0.9794114285
 340  4/  29 |         :       : *     |       :       :         | -1.1419615788
 341  5/  29 |         :       :       |*      :       :         |  0.1869362758
 342  6/  29 |         :       :   *   |       :       :         | -0.7715394365
 343  7/  29 |         :       *       |       :       :         | -1.6582566825
 344  8/  29 |         :      *:       |       :       :         | -1.7371270945
 345  9/  29 |         :       :     * |       :       :         | -0.4221540597
 346 10/  29 |         :    *  :       |       :       :         | -2.1019466879
 347 11/  29 |         :       :       *       :       :         |  0.0039799531
 348 12/  29 +         :    *  :       |       :       :         + -2.2350956349
 349  1/  30 |         :  *    :       |       :       :         | -2.6230078694
 350  2/  30 |         :       :*      |       :       :         | -1.3702414636
 351  3/  30 |         :       :       |   *   :       :         |  0.6047265340
 352  4/  30>|         :       :       |       :       : *       |> 3.2667465770
 353  5/  30 |         :      *:       |       :       :         | -1.7718840937
 354  6/  30 |         :       :*      |       :       :         | -1.4113003526
 355  7/  30 |         :       : *     |       :       :         | -1.1787212198
 356  8/  30 |         :       *       |       :       :         | -1.6074528454
 357  9/  30 |         :       :       |       :  *    :         |  1.9616450127
 358 10/  30 |         :       *       |       :       :         | -1.6021635958
 359 11/  30 |         :      *:       |       :       :         | -1.7282833569
 360 12/  30 +         :       :       |       :*      :         +  1.5872457630
 361  1/  31 |         :       :       |*      :       :         |  0.1399662458
 362  2/  31 |         :       :       |     * :       :         |  1.0106307336
 363  3/  31 |         :       :       |       :  *    :         |  2.0520779613
 364  4/  31 |         :       :       |    *  :       :         |  0.9264056489
 365  5/  31 |         :       :       |*      :       :         |  0.1916721374
 366  6/  31 |         :       :       |       *       :         |  1.4658900286
 367  7/  31 |         :       :       |     * :       :         |  1.0741405087
 368  8/  31 |         :       :       |       : *     :         |  1.8169577309
 369  9/  31 |         :       :  *    |       :       :         | -0.9795879061
 370 10/  31 |         :       :       |    *  :       :         |  0.9134651319
 371 11/  31 |         :       :       |       :     * :         |  2.5631178630
 372 12/  31>+         :       :       |       :       : *       +> 3.2513123233
 373  1/  32 |         :       :   *   |       :       :         | -0.8585266660
 374  2/  32>|         :       :       |       :       :        *|> 4.6277840279
 375  3/  32 |         :       :    *  |       :       :         | -0.6744254982
 376  4/  32 |         :       :       |       : *     :         |  1.7382771643
 377  5/  32 |         :       :  *    |       :       :         | -1.0705507692
 378  6/  32 |         :       :       |       : *     :         |  1.7981919980
 379  7/  32 |         :       :       |    *  :       :         |  0.8039880659
 380  8/  32 |         :       :     * |       :       :         | -0.5341897838
 381  9/  32 |         :*      :       |       :       :         | -2.9593235838
 382 10/  32 |         :       :       |      *:       :         |  1.3187901686
 383 11/  32 |         :       :       *       :       :         | -0.0864624382
 384 12/  32 +         :       :       |  *    :       :         +  0.5422010844
 385  1/  33 |         :       :       |      *:       :         |  1.2942412606
 386  2/  33 |         :       *       |       :       :         | -1.6814914646
 387  3/  33 |         :       :    *  |       :       :         | -0.6692745425
 388  4/  33 |         :       :       |*      :       :         |  0.1948914641
 389  5/  33 |         :       :       |  *    :       :         |  0.5042515616
 390  6/  33 |         :       :       |       : *     :         |  1.8591291880
 391  7/  33 |         :       :       |      *:       :         |  1.2479527174
 392  8/  33 |         :       :       | *     :       :         |  0.3727277710
 393  9/  33 |         :       :       |    *  :       :         |  0.8406641753
 394 10/  33 |         :       : *     |       :       :         | -1.1767971385
 395 11/  33 |         :       :  *    |       :       :         | -0.9688490509
 396 12/  33 +         :       :       |       :  *    :         +  2.0232234746
 397  1/  34 |         :       :       |       :    *  :         |  2.3380689354
 398  2/  34 |         : *     :       |       :       :         | -2.6926891451
 399  3/  34>|         *       :       |       :       :         |>-3.1626964524
-------------+--+------+-------+-------+-------+-------+------+--+--------------
               -3     -2      -1       0      +1      +2     +3   

                 +------------------------------------------+
                 |       Table of standardized values       |
                 |       greater than or equal to 2.0       |
                 +------------------------------------------+
                 |                                          |
                 | Observation    Date   Standardized value |
                 |                                          |
                 |     18        6/   2         2.14        |
                 |     36       12/   3        -2.33        |
                 |     48       12/   4         2.36        |
                 |     82       10/   7         2.48        |
                 |    112        4/  10         2.40        |
                 |    139        7/  12         2.50        |
                 |    197        5/  17        -2.27        |
                 |    215       11/  18        -2.08        |
                 |    227       11/  19         2.87        |
                 |    236        8/  20         2.41        |
                 |    246        6/  21         2.25        |
                 |    275       11/  23        -2.13        |
                 |    278        2/  24        -2.23        |
                 |    310       10/  26         2.60        |
                 |    352        4/  30         2.27        |
                 |    372       12/  31         2.26        |
                 |    374        2/  32         3.20        |
                 |    399        3/  34        -2.09        |
                 +------------------------------------------+

Standardized time series histogram:

       -4      -3      -2      -1       0      +1      +2      +3      +4
        +---+---+---+---+---+---+---+---+---+---+---+---+---+---+---+---+
        |                         76 73                                
        |                        ........ 70                             |
        |                        ............                            |
        |                        ............                            |
        |                        ............                            |
        |                        ............ 49                         |
        |                        ................                        |
        |                     41 ................42                      |
        |                    ........................                    |
        |                    ........................                    |
        |                    ........................                    |
        |                    ........................                    |
        |                    ........................ 16                 |
        |                 14 ............................                |
        |              6 ................................ 8              |
        |            ........................................  3  1      |
        |            ................................................    |
        +---+---+---+---+---+---+---+---+---+---+---+---+---+---+---+---+
       -4      -3      -2      -1       0      +1      +2      +3      +4

             131 values outside (-1,+1): 32.83 % (31.74 % expected)
              18 values outside (-2,+2):  4.51 % ( 4.56 % expected)

Autocorrelation function (acf bands =  0.100):

            -1                         0                         1  L-B Q  DF
-------------+-------------------------+-------------------------+--------------
   1   0.000 |                      :  |  :                      | 
   2  -0.032 |                      : *|  :                      | 
   3   0.034 |                      :  |* :                      | 
   4   0.106 |                      :  |***                      | 
   5  -0.005 |                      :  |  :                      | 
   6   0.041 |                      :  |* :                      | 
   7  -0.041 |                      : *|  :                      | 
   8   0.027 |                      :  |* :                      | 
   9   0.006 |                      :  |  :                      | 
  10   0.010 |                      :  |  :                      | 
  11   0.018 |                      :  |  :                      | 
  12   0.007 +                      :  |  :                      +   7.35  12
  13  -0.053 |                      : *|  :                      | 
  14  -0.039 |                      : *|  :                      | 
  15  -0.024 |                      : *|  :                      | 
  16   0.020 |                      :  |* :                      | 
  17  -0.009 |                      :  |  :                      | 
  18  -0.096 |                      :**|  :                      | 
  19   0.059 |                      :  |* :                      | 
  20   0.041 |                      :  |* :                      | 
  21   0.038 |                      :  |* :                      | 
  22  -0.023 |                      : *|  :                      | 
  23  -0.016 |                      :  |  :                      | 
  24   0.003 +                      :  |  :                      +  16.55  24
  25  -0.003 |                      :  |  :                      | 
  26   0.060 |                      :  |**:                      | 
  27   0.011 |                      :  |  :                      | 
  28  -0.022 |                      : *|  :                      | 
  29   0.078 |                      :  |**:                      | 
  30   0.020 |                      :  |* :                      | 
  31  -0.049 |                      : *|  :                      | 
  32  -0.004 |                      :  |  :                      | 
  33   0.071 |                      :  |**:                      | 
  34  -0.049 |                      : *|  :                      | 
  35   0.030 |                      :  |* :                      | 
  36   0.058 +                      :  |+ :                      +  27.34  36
  37  -0.026 |                      : *|  :                      | 
  38  -0.006 |                      :  |  :                      | 
  39   0.003 |                      :  |  :                      | 
  40  -0.005 |                      :  |  :                      | 
  41   0.034 |                      :  |* :                      | 
  42   0.069 |                      :  |**:                      |  30.31  42
-------------+-------------------------+-------------------------+--------------
            -1                         0                         1  L-B Q  DF

Partial autocorrelation function (pacf bands =  0.100):

            -1                         0                         1
-------------+-------------------------+-------------------------+--------------
   1   0.000 |                      :  |  :                      | 
   2  -0.032 |                      : *|  :                      | 
   3   0.034 |                      :  |* :                      | 
   4   0.105 |                      :  |***                      | 
   5  -0.003 |                      :  |  :                      | 
   6   0.047 |                      :  |* :                      | 
   7  -0.049 |                      : *|  :                      | 
   8   0.019 |                      :  |  :                      | 
   9   0.001 |                      :  |  :                      | 
  10   0.006 |                      :  |  :                      | 
  11   0.028 |                      :  |* :                      | 
  12  -0.000 +                      :  |  :                      + 
  13  -0.050 |                      : *|  :                      | 
  14  -0.047 |                      : *|  :                      | 
  15  -0.031 |                      : *|  :                      | 
  16   0.020 |                      :  |* :                      | 
  17   0.002 |                      :  |  :                      | 
  18  -0.085 |                      :**|  :                      | 
  19   0.068 |                      :  |**:                      | 
  20   0.030 |                      :  |* :                      | 
  21   0.052 |                      :  |* :                      | 
  22  -0.009 |                      :  |  :                      | 
  23  -0.027 |                      : *|  :                      | 
  24   0.003 +                      :  |  :                      + 
  25  -0.024 |                      : *|  :                      | 
  26   0.074 |                      :  |**:                      | 
  27   0.008 |                      :  |  :                      | 
  28  -0.019 |                      :  |  :                      | 
  29   0.079 |                      :  |**:                      | 
  30  -0.002 |                      :  |  :                      | 
  31  -0.055 |                      : *|  :                      | 
  32  -0.015 |                      :  |  :                      | 
  33   0.062 |                      :  |**:                      | 
  34  -0.033 |                      : *|  :                      | 
  35   0.038 |                      :  |* :                      | 
  36   0.052 +                      :  |+ :                      + 
  37  -0.031 |                      : *|  :                      | 
  38  -0.002 |                      :  |  :                      | 
  39  -0.005 |                      :  |  :                      | 
  40  -0.014 |                      :  |  :                      | 
  41   0.029 |                      :  |* :                      | 
  42   0.085 |                      :  |**:                      | 
-------------+-------------------------+-------------------------+--------------
            -1                         0                         1


--- Cross-correlation functions between residuals ---

CROSS CORRELATION a[2] - a[1]
      a[2] --> a[1] IF k > 0
      a[1] --> a[2] IF k < 0
CCF BANDS  2.0/SQRT(N) =  0.10013:

            -1                         0                         1
-------------+-------------------------+-------------------------+--------------
  -9   0.057 |                      :  |* :                      |                            
  -8   0.020 |                      :  |* :                      |                            
  -7  -0.039 |                      : *|  :                      |                            
  -6  -0.056 |                      : *|  :                      |                            
  -5   0.044 |                      :  |* :                      |                            
  -4   0.003 |                      :  |  :                      |                            
  -3  -0.016 |                      :  |  :                      |                            
  -2   0.011 |                      :  |  :                      |                            
  -1  -0.037 |                      : *|  :                      |                            
   0  -0.038 |                      : *|  :                      |                            
   1   0.016 |                      :  |  :                      |                            
   2  -0.035 |                      : *|  :                      |                            
   3  -0.045 |                      : *|  :                      |                            
   4   0.015 |                      :  |  :                      |                            
   5  -0.080 |                      :**|  :                      |                            
   6  -0.028 |                      : *|  :                      |                            
   7   0.028 |                      :  |* :                      |                            
   8  -0.023 |                      : *|  :                      |                            
   9  -0.014 |                      :  |  :                      |                            
-------------+-------------------------+-------------------------+--------------
            -1                         0                         1
Q(10) =  5.634     k >= 0      Q( 9) =  5.050      k > 0
Q(10) =  5.506     k <= 0      Q( 9) =  4.922      k < 0

CROSS CORRELATION a[3] - a[1]
      a[3] --> a[1] IF k > 0
      a[1] --> a[3] IF k < 0
CCF BANDS  2.0/SQRT(N) =  0.10013:

            -1                         0                         1
-------------+-------------------------+-------------------------+--------------
  -9   0.002 |                      :  |  :                      |                            
  -8  -0.031 |                      : *|  :                      |                            
  -7   0.015 |                      :  |  :                      |                            
  -6  -0.006 |                      :  |  :                      |                            
  -5  -0.028 |                      : *|  :                      |                            
  -4  -0.079 |                      :**|  :                      |                            
  -3   0.034 |                      :  |* :                      |                            
  -2  -0.083 |                      :**|  :                      |                            
  -1  -0.057 |                      : *|  :                      |                            
   0  -0.002 |                      :  |  :                      |                            
   1  -0.007 |                      :  |  :                      |                            
   2  -0.092 |                      :**|  :                      |                            
   3   0.005 |                      :  |  :                      |                            
   4   0.046 |                      :  |* :                      |                            
   5   0.086 |                      :  |**:                      |                            
   6   0.032 |                      :  |* :                      |                            
   7   0.013 |                      :  |  :                      |                            
   8   0.043 |                      :  |* :                      |                            
   9   0.063 |                      :  |**:                      |                            
-------------+-------------------------+-------------------------+--------------
            -1                         0                         1
Q(10) = 10.195     k >= 0      Q( 9) = 10.194      k > 0
Q(10) =  7.859     k <= 0      Q( 9) =  7.857      k < 0

CROSS CORRELATION a[3] - a[2]
      a[3] --> a[2] IF k > 0
      a[2] --> a[3] IF k < 0
CCF BANDS  2.0/SQRT(N) =  0.10013:

            -1                         0                         1
-------------+-------------------------+-------------------------+--------------
  -9  -0.003 |                      :  |  :                      |                            
  -8   0.006 |                      :  |  :                      |                            
  -7  -0.084 |                      :**|  :                      |                            
  -6   0.082 |                      :  |**:                      |                            
  -5   0.045 |                      :  |* :                      |                            
  -4   0.013 |                      :  |  :                      |                            
  -3  -0.042 |                      : *|  :                      |                            
  -2   0.114 |                      :  |***                      |                            
  -1  -0.072 |                      :**|  :                      |                            
   0   0.015 |                      :  |  :                      |                            
   1  -0.089 |                      :**|  :                      |                            
   2   0.027 |                      :  |* :                      |                            
   3   0.037 |                      :  |* :                      |                            
   4  -0.061 |                      :**|  :                      |                            
   5  -0.043 |                      : *|  :                      |                            
   6  -0.030 |                      : *|  :                      |                            
   7   0.003 |                      :  |  :                      |                            
   8  -0.001 |                      :  |  :                      |                            
   9   0.037 |                      :  |* :                      |                            
-------------+-------------------------+-------------------------+--------------
            -1                         0                         1
Q(10) =  7.329     k >= 0      Q( 9) =  7.243      k > 0
Q(10) = 14.669     k <= 0      Q( 9) = 14.583      k < 0

=============================================================

--- Multivariate diagnostics (Hosking + JB) ---


=============================================================
           MULTIVARIATE RESIDUAL DIAGNOSTICS                
=============================================================

Hosking's Multivariate Portmanteau Test (lag 19):
  Q(171) = 139.4141, p-value = 0.0368
  *** REJECT H0: residuals are not white noise.

Multivariate Jarque-Bera Test (normality):
  JB(6) = 7.6230, p-value = 0.2670
  Cannot reject H0: residuals appear normal.
=============================================================

=============================================================
  TRANSFER FUNCTION ADEQUACY - input 1 (SYN2_X1)
  CCF between the estimated noise and the prewhitened input    
=============================================================
  If (b, r, s) is correct, this CCF must be white noise.
    significant at k >= 0 -> structure missing in the TRANSFER
    significant at k <  0 -> FEEDBACK (X is not exogenous)

CCF BANDS  2.0/SQRT(N) =  0.10013:

            -1                         0                         1
-------------+-------------------------+-------------------------+--------------
 -24  -0.015 +                      :  |  :                      +                            
 -23  -0.017 |                      :  |  :                      |                            
 -22   0.026 |                      :  |* :                      |                            
 -21  -0.063 |                      :**|  :                      |                            
 -20  -0.005 |                      :  |  :                      |                            
 -19  -0.053 |                      : *|  :                      |                            
 -18   0.061 |                      :  |**:                      |                            
 -17   0.021 |                      :  |* :                      |                            
 -16  -0.073 |                      :**|  :                      |                            
 -15   0.016 |                      :  |  :                      |                            
 -14   0.035 |                      :  |* :                      |                            
 -13  -0.050 |                      : *|  :                      |                            
 -12   0.063 +                      :  |**:                      +                            
 -11  -0.004 |                      :  |  :                      |                            
 -10   0.003 |                      :  |  :                      |                            
  -9   0.057 |                      :  |* :                      |                            
  -8   0.020 |                      :  |* :                      |                            
  -7  -0.039 |                      : *|  :                      |                            
  -6  -0.056 |                      : *|  :                      |                            
  -5   0.044 |                      :  |* :                      |                            
  -4   0.003 |                      :  |  :                      |                            
  -3  -0.016 |                      :  |  :                      |                            
  -2   0.011 |                      :  |  :                      |                            
  -1  -0.037 |                      : *|  :                      |                            
   0  -0.038 +                      : *|  :                      +                            
   1   0.016 |                      :  |  :                      |                            
   2  -0.035 |                      : *|  :                      |                            
   3  -0.045 |                      : *|  :                      |                            
   4   0.015 |                      :  |  :                      |                            
   5  -0.080 |                      :**|  :                      |                            
   6  -0.028 |                      : *|  :                      |                            
   7   0.028 |                      :  |* :                      |                            
   8  -0.023 |                      : *|  :                      |                            
   9  -0.014 |                      :  |  :                      |                            
  10   0.052 |                      :  |* :                      |                            
  11   0.017 |                      :  |  :                      |                            
  12  -0.074 +                      :**|  :                      +                            
  13  -0.024 |                      : *|  :                      |                            
  14   0.065 |                      :  |**:                      |                            
  15  -0.045 |                      : *|  :                      |                            
  16   0.013 |                      :  |  :                      |                            
  17  -0.105 |                      ***|  :                      |                            
  18   0.020 |                      :  |* :                      |                            
  19   0.108 |                      :  |***                      |                            
  20   0.045 |                      :  |* :                      |                            
  21  -0.009 |                      :  |  :                      |                            
  22  -0.077 |                      :**|  :                      |                            
  23  -0.009 |                      :  |  :                      |                            
  24   0.001 +                      :  |  :                      +                            
-------------+-------------------------+-------------------------+--------------
            -1                         0                         1

  Portmanteau of the CCF (k >= 0): this is the test of the transfer:
    Q(24) = 25.1948   [25 lags - 1 parameters of nu(B)]
    p-value = 0.3952

  VERDICT:
    The transfer is ADEQUATE (p = 0.3952): the CCF is consistent
    with white noise at k >= 0.
    (2 lag(s) cross the individual bands; ~0.4 would be expected
     by chance, so they do not contradict the joint test:
       k = 17   r = -0.1051
       k = 19   r =  0.1084

  Portmanteau of the CCF (k < 0): this is the EXOGENEITY test:
    Q(24) = 15.4538   p-value = 0.9068   [0 significant]
    X behaves as exogenous. OK
=============================================================


=============================================================
  TRANSFER FUNCTION ADEQUACY - input 2 (SYN2_X2)
  CCF between the estimated noise and the prewhitened input    
=============================================================
  If (b, r, s) is correct, this CCF must be white noise.
    significant at k >= 0 -> structure missing in the TRANSFER
    significant at k <  0 -> FEEDBACK (X is not exogenous)

CCF BANDS  2.0/SQRT(N) =  0.10013:

            -1                         0                         1
-------------+-------------------------+-------------------------+--------------
 -24  -0.043 +                      : *|  :                      +                            
 -23   0.024 |                      :  |* :                      |                            
 -22   0.025 |                      :  |* :                      |                            
 -21  -0.070 |                      :**|  :                      |                            
 -20   0.045 |                      :  |* :                      |                            
 -19   0.083 |                      :  |**:                      |                            
 -18   0.043 |                      :  |* :                      |                            
 -17   0.021 |                      :  |* :                      |                            
 -16   0.031 |                      :  |* :                      |                            
 -15  -0.015 |                      :  |  :                      |                            
 -14  -0.058 |                      : *|  :                      |                            
 -13   0.046 |                      :  |* :                      |                            
 -12   0.015 +                      :  |  :                      +                            
 -11   0.020 |                      :  |* :                      |                            
 -10   0.070 |                      :  |**:                      |                            
  -9   0.002 |                      :  |  :                      |                            
  -8  -0.031 |                      : *|  :                      |                            
  -7   0.015 |                      :  |  :                      |                            
  -6  -0.006 |                      :  |  :                      |                            
  -5  -0.028 |                      : *|  :                      |                            
  -4  -0.079 |                      :**|  :                      |                            
  -3   0.034 |                      :  |* :                      |                            
  -2  -0.083 |                      :**|  :                      |                            
  -1  -0.057 |                      : *|  :                      |                            
   0  -0.002 +                      :  |  :                      +                            
   1  -0.007 |                      :  |  :                      |                            
   2  -0.092 |                      :**|  :                      |                            
   3   0.005 |                      :  |  :                      |                            
   4   0.046 |                      :  |* :                      |                            
   5   0.086 |                      :  |**:                      |                            
   6   0.032 |                      :  |* :                      |                            
   7   0.013 |                      :  |  :                      |                            
   8   0.043 |                      :  |* :                      |                            
   9   0.063 |                      :  |**:                      |                            
  10   0.069 |                      :  |**:                      |                            
  11   0.003 |                      :  |  :                      |                            
  12  -0.008 +                      :  |  :                      +                            
  13   0.046 |                      :  |* :                      |                            
  14  -0.000 |                      :  |  :                      |                            
  15  -0.008 |                      :  |  :                      |                            
  16  -0.005 |                      :  |  :                      |                            
  17   0.073 |                      :  |**:                      |                            
  18  -0.013 |                      :  |  :                      |                            
  19   0.014 |                      :  |  :                      |                            
  20  -0.062 |                      :**|  :                      |                            
  21   0.034 |                      :  |* :                      |                            
  22  -0.077 |                      :**|  :                      |                            
  23   0.001 |                      :  |  :                      |                            
  24   0.008 +                      :  |  :                      +                            
-------------+-------------------------+-------------------------+--------------
            -1                         0                         1

  Portmanteau of the CCF (k >= 0): this is the test of the transfer:
    Q(23) = 20.1477   [25 lags - 2 parameters of nu(B)]
    p-value = 0.6330

  VERDICT:
    The transfer is ADEQUATE (p = 0.6330): the CCF is consistent
    with white noise at k >= 0.

  Portmanteau of the CCF (k < 0): this is the EXOGENEITY test:
    Q(24) = 20.9587   p-value = 0.6412   [0 significant]
    X behaves as exogenous. OK
=============================================================

