Input Data File  : IPC.inp
Output File      : IPC.out
Model: VARMA(2,0)
Include mean     : yes
Diagonal AR      : no
Diagonal MA      : no
Diagonal Cov     : no
Estimation method: 1
Two-step init    : no
Frequency        : 12
Start            : 1 2002
Box-Cox lambda   : 0
Differences      : d=1, D=0 (seasonal lag=12)
Series names     : y1 y2 y3
Observations     : 215 (raw 216)

Number of parameters: 27
AFTER 0 ITERATIONS: 
OBJECTIVE FUNCTION = 1.000000000000000 
    i           x[i]             g[i] 
    1         0.001601         0.301274 
    2         0.001157        -1.090694 
    3         0.001152         0.413870 
    4         0.194422         0.005820 
    5        -0.203853         0.003765 
    6         0.294588         0.003701 
    7        -0.144040        -0.002781 
    8        -0.273134        -0.003364 
    9         0.239507         0.000932 
   10        -0.016449        -0.002523 
   11         0.088469         0.002677 
   12        -0.148480        -0.002777 
   13        -0.410751         0.001521 
   14         0.104365         0.001611 
   15         0.647789         0.003623 
   16        -0.002380         0.001421 
   17         0.024666         0.003995 
   18         0.140426         0.002664 
   19        -0.127353        -0.002848 
   20         0.034655        -0.005724 
   21         0.120402        -0.006107 
   22         1.000000        -1.474845 
   23         0.342431        -0.179508 
   24         1.000000         0.537087 
   25         0.665210         1.135235 
   26         0.581400        -0.648918 
   27         1.000000         0.621338 

STEP LENGTH =         0.000012
STEP LENGTH =         0.000004
STEP LENGTH =         0.004000
STEP LENGTH =         0.000027
STEP LENGTH =         0.042750
STEP LENGTH =         0.399932
STEP LENGTH =         1.000000
STEP LENGTH =         0.172767
STEP LENGTH =         0.247436
STEP LENGTH =         1.000000
AFTER 10 ITERATIONS: 
OBJECTIVE FUNCTION = 0.579991533215526 
    i           x[i]             g[i] 
    1         0.001565        -1.962436 
    2         0.001143        -2.597680 
    3         0.001141         3.181253 
    4         0.191676         0.079156 
    5        -0.201514         0.058170 
    6         0.300159         0.059387 
    7        -0.124592         0.197697 
    8        -0.262487         0.105397 
    9         0.249653         0.117481 
   10        -0.045851        -0.350778 
   11         0.071050        -0.204116 
   12        -0.163077        -0.221712 
   13        -0.423967        -0.110695 
   14         0.101306        -0.037792 
   15         0.641433        -0.042651 
   16        -0.015056        -0.134558 
   17         0.020861        -0.051996 
   18         0.135539        -0.050100 
   19        -0.105122         0.305839 
   20         0.043109         0.113935 
   21         0.130462         0.116812 
   22         1.419215        -0.007335 
   23         0.302329         0.037699 
   24         0.682161         0.128399 
   25         0.514685        -0.144610 
   26         0.319182        -0.161139 
   27         0.498574         0.074782 

STEP LENGTH =         0.100000
STEP LENGTH =         0.367372
STEP LENGTH =         1.000000
STEP LENGTH =         0.363034
STEP LENGTH =         1.000000
STEP LENGTH =         1.000000
STEP LENGTH =         1.000000
STEP LENGTH =         1.000000
STEP LENGTH =         1.000000
STEP LENGTH =         0.371991
AFTER 20 ITERATIONS: 
OBJECTIVE FUNCTION = 0.551507885515645 
    i           x[i]             g[i] 
    1         0.001593        -0.247470 
    2         0.001158        -0.040638 
    3         0.001149         0.276509 
    4         0.193611         0.000644 
    5        -0.207026         0.000411 
    6         0.296340         0.000469 
    7        -0.143021        -0.000460 
    8        -0.272968         0.000095 
    9         0.238564         0.000036 
   10        -0.016684        -0.000996 
   11         0.085833        -0.000773 
   12        -0.146509        -0.000857 
   13        -0.409730        -0.000670 
   14         0.103678        -0.000169 
   15         0.645351        -0.000156 
   16        -0.002701        -0.001088 
   17         0.024433        -0.000150 
   18         0.139661        -0.000360 
   19        -0.127291         0.001742 
   20         0.034450         0.000258 
   21         0.120814         0.000547 
   22         1.457047        -0.000029 
   23         0.315574         0.000843 
   24         0.584468         0.000533 
   25         0.565020        -0.000955 
   26         0.312956        -0.002362 
   27         0.496309         0.001499 

STEP LENGTH =         1.000000
STEP LENGTH =         1.000000
STEP LENGTH =         1.000000
STEP LENGTH =         1.000000
STEP LENGTH =         1.000000
STEP LENGTH =         1.000000
STEP LENGTH =         1.000000
STEP LENGTH =         1.000000
STEP LENGTH =         1.000000
STEP LENGTH =         1.000000
AFTER 30 ITERATIONS: 
OBJECTIVE FUNCTION = 0.551506758274231 
    i           x[i]             g[i] 
    1         0.001598        -0.000233 
    2         0.001159        -0.000029 
    3         0.001150         0.000268 
    4         0.193584        -0.000001 
    5        -0.207022        -0.000000 
    6         0.296022         0.000003 
    7        -0.142857        -0.000001 
    8        -0.272913         0.000000 
    9         0.238540         0.000000 
   10        -0.016526        -0.000001 
   11         0.085941        -0.000003 
   12        -0.146528         0.000003 
   13        -0.409500         0.000001 
   14         0.103977         0.000000 
   15         0.644944        -0.000002 
   16        -0.002563        -0.000000 
   17         0.024508         0.000000 
   18         0.139543        -0.000000 
   19        -0.127348         0.000003 
   20         0.034624         0.000001 
   21         0.120590        -0.000003 
   22         1.457066        -0.000000 
   23         0.315547        -0.000000 
   24         0.584301        -0.000000 
   25         0.565100         0.000001 
   26         0.313025        -0.000001 
   27         0.496232         0.000001 

STEP LENGTH =         1.000000
STEP LENGTH =         1.000000
STEP LENGTH =         1.000000
STEP LENGTH =         1.000000
STEP LENGTH =         1.000000
STEP LENGTH =         1.000000
STEP LENGTH =         1.000000
STEP LENGTH =         1.000000

**** CONVERGED:

AFTER 38 ITERATIONS: 
OBJECTIVE FUNCTION = 0.551506758156417 
    i           x[i]             g[i] 
    1         0.001598        -0.000000 
    2         0.001159        -0.000000 
    3         0.001150         0.000000 
    4         0.193592         0.000000 
    5        -0.207013        -0.000000 
    6         0.295997        -0.000000 
    7        -0.142855         0.000000 
    8        -0.272910        -0.000000 
    9         0.238532         0.000000 
   10        -0.016522         0.000000 
   11         0.085946        -0.000000 
   12        -0.146541         0.000000 
   13        -0.409509         0.000000 
   14         0.103975        -0.000000 
   15         0.644959        -0.000000 
   16        -0.002566         0.000000 
   17         0.024507        -0.000000 
   18         0.139548         0.000000 
   19        -0.127353         0.000000 
   20         0.034623        -0.000000 
   21         0.120599         0.000000 
   22         1.457065        -0.000000 
   23         0.315547        -0.000000 
   24         0.584301         0.000000 
   25         0.565099         0.000000 
   26         0.313025        -0.000000 
   27         0.496232        -0.000000 



=============================================================
  Estimated Parameters and Standard Deviations               
=============================================================

                        Parameter     Estimate    Std.Error   t-stat  p-val
--------------------------------------------------------------------
mu[1]                   0.001598     0.000391    4.082 0.0000 ***
mu[2]                   0.001159     0.000199    5.815 0.0000 ***
mu[3]                   0.001150     0.000196    5.869 0.0000 ***
phi[1]_11              0.193592     0.082560    2.345 0.0190 *  
phi[1]_12             -0.207013     0.113378   -1.826 0.0679 .  
phi[1]_13              0.295997     0.170174    1.739 0.0820 .  
phi[1]_21             -0.142855     0.048899   -2.921 0.0035 ** 
phi[1]_22             -0.272910     0.078492   -3.477 0.0005 ***
phi[1]_23              0.238532     0.092249    2.586 0.0097 ** 
phi[1]_31             -0.016522     0.047003   -0.352 0.7252    
phi[1]_32              0.085946     0.071321    1.205 0.2282    
phi[1]_33             -0.146541     0.099200   -1.477 0.1396    
phi[2]_11             -0.409509     0.076633   -5.344 0.0000 ***
phi[2]_12              0.103975     0.121809    0.854 0.3933    
phi[2]_13              0.644959     0.167759    3.845 0.0001 ***
phi[2]_21             -0.002566     0.048949   -0.052 0.9582    
phi[2]_22              0.024507     0.073553    0.333 0.7390    
phi[2]_23              0.139548     0.088261    1.581 0.1139    
phi[2]_31             -0.127353     0.045087   -2.825 0.0047 ** 
phi[2]_32              0.034623     0.069052    0.501 0.6161    
phi[2]_33              0.120599     0.095252    1.266 0.2055    
cov[1,1]               1.457065     0.054790   26.594 0.0000 ***
cov[2,1]               0.315547     0.052326    6.030 0.0000 ***
cov[2,2]               0.584301     0.070959    8.234 0.0000 ***
cov[3,1]               0.565099     0.046250   12.218 0.0000 ***
cov[3,2]               0.313025     0.040071    7.812 0.0000 ***
cov[3,3]               0.496232     0.047977   10.343 0.0000 ***
--------------------------------------------------------------------
Signif. codes:  0 '***' 0.001 '**' 0.01 '*' 0.05 '.' 0.1 ' ' 1



=============================================================
           JOINT HYPOTHESIS TESTS (WALD)                    
=============================================================

Test of joint significance of last lag (AR(2) and MA(0)):
  Wald chi2(9) = 59.9157, p-value = 0.0000
  Conclusion: REJECT H0 → last lag is statistically significant.

Test of joint significance of last AR lag (AR(2)):
  Wald chi2(9) = 59.9157, p-value = 0.0000
  Conclusion: REJECT H0 → last AR lag is significant.

Test of joint significance of all cross effects:
  H0: all cross coefficients = 0
  Wald chi2(12) = 71.0600, p-value = 0.0000
  Conclusion: REJECT H0 → cross effects are jointly significant.

--- Directional cross-effects tests ---

Variable 1: effects of other variables on it:
  H0: all coefficients in equation 1 from other vars = 0
  Wald chi2(4) = 42.2116, p-value = 0.0000
  Conclusion: REJECT H0 → variable 1 is influenced by others.

Variable 1: effects of it on other variables:
  H0: all coefficients of variable 1 in other equations = 0
  Wald chi2(4) = 21.0516, p-value = 0.0003
  Conclusion: REJECT H0 → variable 1 influences others.

Variable 2: effects of other variables on it:
  H0: all coefficients in equation 2 from other vars = 0
  Wald chi2(4) = 11.2442, p-value = 0.0240
  Conclusion: REJECT H0 → variable 2 is influenced by others.

Variable 2: effects of it on other variables:
  H0: all coefficients of variable 2 in other equations = 0
  Wald chi2(4) = 16.0755, p-value = 0.0029
  Conclusion: REJECT H0 → variable 2 influences others.

Variable 3: effects of other variables on it:
  H0: all coefficients in equation 3 from other vars = 0
  Wald chi2(4) = 13.3034, p-value = 0.0099
  Conclusion: REJECT H0 → variable 3 is influenced by others.

Variable 3: effects of it on other variables:
  H0: all coefficients of variable 3 in other equations = 0
  Wald chi2(4) = 20.2922, p-value = 0.0004
  Conclusion: REJECT H0 → variable 3 influences others.


=============================================================
           ORTHOGONALIZED IMPULSE RESPONSE FUNCTIONS        
=============================================================
Shocks are orthogonalized via Cholesky decomposition of Sigma Matrix.
Order of variables: as in the model.

Shock a la variable 1:
Horizonte   var1   var2   var3
    0    0.0053  0.0011  0.0021
    1    0.0014 -0.0006 -0.0003
    2   -0.0004  0.0002 -0.0004
    3   -0.0011 -0.0001 -0.0001
    4   -0.0003  0.0001  0.0000
    5    0.0003  0.0000  0.0001
    6    0.0002  0.0000  0.0000
    7    0.0000 -0.0000 -0.0000
    8   -0.0001 -0.0000 -0.0000
    9   -0.0001  0.0000 -0.0000
   10    0.0000  0.0000  0.0000
   11    0.0000  0.0000  0.0000
   12    0.0000 -0.0000 -0.0000
   13   -0.0000 -0.0000 -0.0000
   14   -0.0000  0.0000 -0.0000
   15   -0.0000  0.0000  0.0000
   16    0.0000  0.0000  0.0000
   17    0.0000 -0.0000  0.0000
   18    0.0000 -0.0000 -0.0000
   19   -0.0000 -0.0000 -0.0000
   20   -0.0000  0.0000 -0.0000

Shock a la variable 2:
Horizonte   var1   var2   var3
    0    0.0000  0.0032  0.0012
    1   -0.0003 -0.0006  0.0001
    2    0.0012  0.0005  0.0002
    3    0.0003 -0.0002  0.0000
    4   -0.0002  0.0001 -0.0001
    5   -0.0002 -0.0000 -0.0000
    6   -0.0001  0.0000  0.0000
    7    0.0001  0.0000  0.0000
    8    0.0001 -0.0000  0.0000
    9    0.0000 -0.0000 -0.0000
   10   -0.0000 -0.0000 -0.0000
   11   -0.0000  0.0000  0.0000
   12    0.0000  0.0000  0.0000
   13    0.0000  0.0000  0.0000
   14    0.0000 -0.0000 -0.0000
   15   -0.0000 -0.0000 -0.0000
   16   -0.0000  0.0000 -0.0000
   17   -0.0000  0.0000  0.0000
   18    0.0000  0.0000  0.0000
   19    0.0000 -0.0000  0.0000
   20   -0.0000 -0.0000 -0.0000

Shock a la variable 3:
Horizonte   var1   var2   var3
    0    0.0000  0.0000  0.0020
    1    0.0006  0.0005 -0.0003
    2    0.0012 -0.0000  0.0003
    3   -0.0001 -0.0001 -0.0002
    4   -0.0003  0.0000 -0.0001
    5   -0.0002 -0.0000  0.0000
    6    0.0000  0.0000  0.0000
    7    0.0001 -0.0000  0.0000
    8    0.0000 -0.0000 -0.0000
    9   -0.0000 -0.0000 -0.0000
   10   -0.0000  0.0000 -0.0000
   11   -0.0000  0.0000  0.0000
   12    0.0000  0.0000  0.0000
   13    0.0000 -0.0000  0.0000
   14   -0.0000 -0.0000 -0.0000
   15   -0.0000 -0.0000 -0.0000
   16   -0.0000  0.0000  0.0000
   17    0.0000  0.0000  0.0000
   18    0.0000  0.0000  0.0000
   19    0.0000 -0.0000 -0.0000
   20   -0.0000 -0.0000 -0.0000


=============================================================
  LONG‑RUN GAIN, SHOCK STD. DEVIATIONS AND MEAN LAG        
=============================================================

Structural shock standard deviations (one‑s.d. shock size):
  Shock 1 : 0.0053
  Shock 2 : 0.0032
  Shock 3 : 0.0020

Shock to variable 1:
  Variable 1 : gain =   0.0053  mean lag =  -0.32 months
  Variable 2 : gain =   0.0007  mean lag =  -0.42 months
  Variable 3 : gain =   0.0013  mean lag =  -0.73 months

Shock to variable 2:
  Variable 1 : gain =   0.0008  mean lag =   1.81 months
  Variable 2 : gain =   0.0028  mean lag =  -0.06 months
  Variable 3 : gain =   0.0014  mean lag =   0.09 months

Shock to variable 3:
  Variable 1 : gain =   0.0014  mean lag =   1.03 months
  Variable 2 : gain =   0.0004  mean lag =   0.68 months
  Variable 3 : gain =   0.0018  mean lag =  -0.17 months
=============================================================



=============================================================
           FORECAST ERROR VARIANCE DECOMPOSITION             
=============================================================
Values are percentages of forecast error variance accounted for by each shock.
Shocks are orthogonalized via Cholesky decomposition.

Variable 1:
Horizonte   shock1   shock2   shock3
    1    100.00    0.00    0.00
    2     98.54    0.31    1.14
    3     90.17    4.37    5.46
    4     90.23    4.50    5.27
    5     89.88    4.57    5.54
    6     89.67    4.71    5.63
    7     89.67    4.70    5.62
    8     89.64    4.72    5.65
    9     89.63    4.72    5.65
   10     89.63    4.72    5.65
   11     89.63    4.72    5.65
   12     89.63    4.72    5.65
   13     89.62    4.72    5.65
   14     89.62    4.72    5.65
   15     89.62    4.72    5.65
   16     89.62    4.72    5.65
   17     89.62    4.72    5.65
   18     89.62    4.72    5.65
   19     89.62    4.72    5.65
   20     89.62    4.72    5.65

Variable 2:
Horizonte   shock1   shock2   shock3
    1     11.70   88.30    0.00
    2     13.59   84.54    1.86
    3     13.61   84.57    1.82
    4     13.68   84.38    1.94
    5     13.75   84.30    1.95
    6     13.75   84.30    1.96
    7     13.75   84.30    1.96
    8     13.75   84.29    1.96
    9     13.75   84.29    1.96
   10     13.75   84.29    1.96
   11     13.75   84.29    1.96
   12     13.75   84.29    1.96
   13     13.75   84.29    1.96
   14     13.75   84.29    1.96
   15     13.75   84.29    1.96
   16     13.75   84.29    1.96
   17     13.75   84.29    1.96
   18     13.75   84.29    1.96
   19     13.75   84.29    1.96
   20     13.75   84.29    1.96

Variable 3:
Horizonte   shock1   shock2   shock3
    1     44.17   14.20   41.64
    2     44.21   14.04   41.75
    3     44.59   13.96   41.45
    4     44.59   13.90   41.50
    5     44.47   14.05   41.48
    6     44.55   14.03   41.42
    7     44.54   14.03   41.42
    8     44.54   14.04   41.42
    9     44.54   14.04   41.42
   10     44.54   14.04   41.42
   11     44.54   14.04   41.42
   12     44.54   14.04   41.42
   13     44.54   14.04   41.42
   14     44.54   14.04   41.42
   15     44.54   14.04   41.42
   16     44.54   14.04   41.42
   17     44.54   14.04   41.42
   18     44.54   14.04   41.42
   19     44.54   14.04   41.42
   20     44.54   14.04   41.42



=============================================================
           MULTIVARIATE RESIDUAL DIAGNOSTICS                
=============================================================

Hosking's Multivariate Portmanteau Test (lag 14):
  Q(126) = 776.2727, p-value = 0.0000
  *** REJECT H0: residuals are not white noise.

Multivariate Jarque-Bera Test (normality):
  JB(6) = 26.5394, p-value = 0.0002
  *** REJECT H0: residuals are not normally distributed.
=============================================================

Normalized model:
mu vector:
      0.001598
      0.001159
      0.001150
phi(1) matrix:
      0.193592     -0.207013      0.295997
     -0.142855     -0.272910      0.238532
     -0.016522      0.085946     -0.146541
phi(2) matrix:
     -0.409509      0.103975      0.644959
     -0.002566      0.024507      0.139548
     -0.127353      0.034623      0.120599
Q matrix:
      1.457065
      0.315547      0.584301
      0.565099      0.313025      0.496232
Sigma = sigma2 * Q:
      0.000028
      0.000006      0.000011
      0.000011      0.000006      0.000010

Inverse roots of |phi(B)|=0:
      0.253796     -0.571188 i  (modulus     0.625034)
      0.253796      0.571188 i  (modulus     0.625034)
     -0.339130     -0.154682 i  (modulus     0.372741)
     -0.339130      0.154682 i  (modulus     0.372741)
     -0.159864      0.000000 i  (modulus     0.159864)
      0.104673      0.000000 i  (modulus     0.104673)



=============================================================
                RESIDUAL DIAGNOSTICS                         
=============================================================

--- Residual series a[1] ---
Unconditional residuals (seasonal period: 12)
215 observations: from 1/1 to 11/18

                  Mean:           0.000008
Standard error of mean:           0.000361
              Variance:           0.000028
    Standard deviation:           0.005298
              Skewness:          -0.676104
              Kurtosis:           0.079049
               Minimum:          -0.016882 at 12/14 (observation 168)
               Maximum:           0.009690 at  3/1 (observation   3)

Standardized time series plot (original values on right-side column):

              -3      -2      -1       0      +1      +2      +3  
-------------+-+-------+-------+-------+-------+-------+-------+-+--------------
   1  1/   1 |         :       :       *       :       :         | -0.0003175726
   2  2/   1 |         :       :       |       *       :         |  0.0056775899
   3  3/   1 |         :       :       |       :     * :         |  0.0096897931
   4  4/   1 |         :       :     * |       :       :         | -0.0010663279
   5  5/   1 |         :       :       | *     :       :         |  0.0014879232
   6  6/   1 |         :    *  :       |       :       :         | -0.0073450955
   7  7/   1 |         :       :       |    *  :       :         |  0.0035724586
   8  8/   1 |         :       :    *  |       :       :         | -0.0017025871
   9  9/   1 |         :       :       |       :  *    :         |  0.0074410303
  10 10/   1 |         :       :    *  |       :       :         | -0.0016975293
  11 11/   1 |         :       :       |      *:       :         |  0.0044447966
  12 12/   1 +         :       :  *    |       :       :         + -0.0032326201
  13  1/   2 |         :       :       |*      :       :         |  0.0006410550
  14  2/   2 |         :       :       |  *    :       :         |  0.0017886208
  15  3/   2 |         :       :       |*      :       :         |  0.0003754135
  16  4/   2 |         :       :  *    |       :       :         | -0.0033224089
  17  5/   2 |         :       :       |     * :       :         |  0.0042059583
  18  6/   2 |         :     * :       |       :       :         | -0.0065829496
  19  7/   2 |         :       :       |     * :       :         |  0.0040639495
  20  8/   2 |         :       :     * |       :       :         | -0.0016088434
  21  9/   2 |         :       :       |     * :       :         |  0.0043951335
  22 10/   2 |         :       :      *|       :       :         | -0.0008721016
  23 11/   2 |         :       :       |*      :       :         |  0.0006418790
  24 12/   2 +         :      *:       |       :       :         + -0.0063533197
  25  1/   3 |         :       :       *       :       :         |  0.0001171429
  26  2/   3 |         :       :       |  *    :       :         |  0.0022471726
  27  3/   3 |         :       :       |       :   *   :         |  0.0080639132
  28  4/   3 |         :       :       |  *    :       :         |  0.0021599792
  29  5/   3 |         :       :       |   *   :       :         |  0.0024084431
  30  6/   3 |         : *     :       |       :       :         | -0.0092362125
  31  7/   3 |         :       :       |       :*      :         |  0.0060527947
  32  8/   3 |         :       :   *   |       :       :         | -0.0026554544
  33  9/   3 |         :       :       |       :   *   :         |  0.0084069598
  34 10/   3 |         :       :      *|       :       :         | -0.0005839882
  35 11/   3 |         :       :      *|       :       :         | -0.0004266690
  36 12/   3 +         :     * :       |       :       :         + -0.0066331173
  37  1/   4 |         :       :       | *     :       :         |  0.0011943227
  38  2/   4 |         :       :       |       :*      :         |  0.0061492225
  39  3/   4 |         :       :       |       :  *    :         |  0.0076541575
  40  4/   4 |         :       : *     |       :       :         | -0.0042158766
  41  5/   4 |         :       :       |       :*      :         |  0.0058656181
  42  6/   4 |         :    *  :       |       :       :         | -0.0072032711
  43  7/   4 |         :       :       |       *       :         |  0.0057297176
  44  8/   4 |         :       :       | *     :       :         |  0.0014691864
  45  9/   4 |         :       :       |     * :       :         |  0.0042114660
  46 10/   4 |         :       :      *|       :       :         | -0.0008239122
  47 11/   4 |         :       :       |     * :       :         |  0.0041047860
  48 12/   4 +         :       :    *  |       :       :         + -0.0018692383
  49  1/   5 |         :       :      *|       :       :         | -0.0008865096
  50  2/   5 |         :       :       |       *       :         |  0.0051433212
  51  3/   5 |         :       :       |       :   *   :         |  0.0080668277
  52  4/   5 |         :       :       |*      :       :         |  0.0004286539
  53  5/   5 |         :       :       | *     :       :         |  0.0012056771
  54  6/   5 |         :   *   :       |       :       :         | -0.0080309400
  55  7/   5 |         :       :       |     * :       :         |  0.0037974237
  56  8/   5 |         :      *:       |       :       :         | -0.0059604492
  57  9/   5 |         :       :       |  *    :       :         |  0.0021790386
  58 10/   5 |         :       :       |   *   :       :         |  0.0024806296
  59 11/   5 |         :       :       |     * :       :         |  0.0040628037
  60 12/   5 +         :     * :       |       :       :         + -0.0070086811
  61  1/   6 |         :       :       |*      :       :         |  0.0008085642
  62  2/   6 |         :       :       |       :*      :         |  0.0062920787
  63  3/   6 |         :       :       |       :    *  :         |  0.0090718476
  64  4/   6 |         :       :     * |       :       :         | -0.0012744791
  65  5/   6 |         :       :       | *     :       :         |  0.0016115886
  66  6/   6 |         : *     :       |       :       :         | -0.0092193173
  67  7/   6 |         :       :       |    *  :       :         |  0.0033426885
  68  8/   6 |         :       :     * |       :       :         | -0.0012276127
  69  9/   6 |         :       :       |       :     * :         |  0.0094475507
  70 10/   6 |         :       :       |     * :       :         |  0.0037799895
  71 11/   6 |         :       :       |      *:       :         |  0.0047583218
  72 12/   6 +         : *     :       |       :       :         + -0.0091339874
  73  1/   7 |         :       :       *       :       :         |  0.0002045837
  74  2/   7 |         :       :       |       :*      :         |  0.0063922299
  75  3/   7 |         :       :       |       *       :         |  0.0057172039
  76  4/   7 |         :       :       |*      :       :         |  0.0004706695
  77  5/   7 |         :       :       |       *       :         |  0.0054645422
  78  6/   7 |         :  *    :       |       :       :         | -0.0085696118
  79  7/   7 |         :       :      *|       :       :         | -0.0007739486
  80  8/   7 |         :       :   *   |       :       :         | -0.0025045290
  81  9/   7 |         :       :       |  *    :       :         |  0.0021248188
  82 10/   7 |         :      *:       |       :       :         | -0.0057491373
  83 11/   7 |         :       :   *   |       :       :         | -0.0028255675
  84 12/   7 +         : *     :       |       :       :         + -0.0092286567
  85  1/   8 |         :       :       |*      :       :         |  0.0009872174
  86  2/   8 |         :       :     * |       :       :         | -0.0013344207
  87  3/   8 |         :       :       |      *:       :         |  0.0044709577
  88  4/   8 |         :       : *     |       :       :         | -0.0037415895
  89  5/   8 |         :       :       |       *       :         |  0.0056424302
  90  6/   8>|         *       :       |       :       :         |>-0.0111147911
  91  7/   8 |         :       :       |       :*      :         |  0.0061350263
  92  8/   8 |         :       *       |       :       :         | -0.0056979513
  93  9/   8 |         :       :       |      *:       :         |  0.0045234452
  94 10/   8 |         :       :       |     * :       :         |  0.0039452679
  95 11/   8 |         :       :      *|       :       :         | -0.0009638734
  96 12/   8 +         :  *    :       |       :       :         + -0.0084711921
  97  1/   9 |         :       : *     |       :       :         | -0.0042539981
  98  2/   9 |         :       :       |     * :       :         |  0.0040102797
  99  3/   9 |         :       :       |    *  :       :         |  0.0030865249
 100  4/   9 |         :       :    *  |       :       :         | -0.0022458614
 101  5/   9 |         :       :       |   *   :       :         |  0.0027408058
 102  6/   9 |         :       *       |       :       :         | -0.0056280582
 103  7/   9 |         :       :       |     * :       :         |  0.0042768645
 104  8/   9 |         :       :     * |       :       :         | -0.0013521519
 105  9/   9 |         :       :       |       :  *    :         |  0.0073990220
 106 10/   9 |         :       :       |    *  :       :         |  0.0033932419
 107 11/   9 |         :       :       |       : *     :         |  0.0069897066
 108 12/   9 +         :  *    :       |       :       :         + -0.0084967096
 109  1/  10 |         :       :       | *     :       :         |  0.0010258609
 110  2/  10 |         :       :       |      *:       :         |  0.0049144174
 111  3/  10 |         :       :       |       *       :         |  0.0054521889
 112  4/  10 |         :    *  :       |       :       :         | -0.0072334126
 113  5/  10 |         :       :       *       :       :         |  0.0000559428
 114  6/  10 |         :     * :       |       :       :         | -0.0064755406
 115  7/  10 |         :       :       |  *    :       :         |  0.0018345377
 116  8/  10 |         :       :       |*      :       :         |  0.0003557232
 117  9/  10 |         :       :       |     * :       :         |  0.0041129750
 118 10/  10 |         :       :       |  *    :       :         |  0.0020922187
 119 11/  10 |         :       :       |*      :       :         |  0.0006166296
 120 12/  10>+      *  :       :       |       :       :         +>-0.0130647871
 121  1/  11 |         :       :       |*      :       :         |  0.0004238752
 122  2/  11 |         :       :       |     * :       :         |  0.0037526618
 123  3/  11 |         :       :       |       :  *    :         |  0.0075433847
 124  4/  11 |         : *     :       |       :       :         | -0.0091917238
 125  5/  11 |         :       :       |   *   :       :         |  0.0024513451
 126  6/  11 |         :       :  *    |       :       :         | -0.0034328508
 127  7/  11 |         :       :       |       :*      :         |  0.0063769940
 128  8/  11 |         :       :       |       :   *   :         |  0.0078458589
 129  9/  11 |         :       :       |     * :       :         |  0.0042472650
 130 10/  11 |         :       :       | *     :       :         |  0.0010737154
 131 11/  11 |         :       :       |   *   :       :         |  0.0029124632
 132 12/  11>+    *    :       :       |       :       :         +>-0.0139015293
 133  1/  12 |         :       :       | *     :       :         |  0.0016194993
 134  2/  12 |         :       :       | *     :       :         |  0.0011651352
 135  3/  12 |         :       :     * |       :       :         | -0.0010857176
 136  4/  12 |         :       : *     |       :       :         | -0.0041171894
 137  5/  12 |         :       :       |     * :       :         |  0.0037259586
 138  6/  12 |         :     * :       |       :       :         | -0.0067656445
 139  7/  12 |         :       :       |     * :       :         |  0.0043217871
 140  8/  12 |         :       *       |       :       :         | -0.0054162810
 141  9/  12 |         :       :       |   *   :       :         |  0.0024161169
 142 10/  12 |         :       :       |*      :       :         |  0.0009982860
 143 11/  12 |         :       :       |   *   :       :         |  0.0027690195
 144 12/  12>+     *   :       :       |       :       :         +>-0.0138231815
 145  1/  13 |         :       :      *|       :       :         | -0.0004475907
 146  2/  13 |         :       :      *|       :       :         | -0.0008009984
 147  3/  13 |         :       :       |   *   :       :         |  0.0025775243
 148  4/  13 |         :       :*      |       :       :         | -0.0048553273
 149  5/  13 |         :       :       |   *   :       :         |  0.0027626296
 150  6/  13 |         : *     :       |       :       :         | -0.0095629617
 151  7/  13 |         :       :       |     * :       :         |  0.0038494660
 152  8/  13 |         :       :   *   |       :       :         | -0.0028693274
 153  9/  13 |         :       :       |  *    :       :         |  0.0022029190
 154 10/  13 |         :       :       *       :       :         | -0.0002191866
 155 11/  13 |         :       : *     |       :       :         | -0.0041634494
 156 12/  13>+  *      :       :       |       :       :         +>-0.0154760953
 157  1/  14 |         :       :       |  *    :       :         |  0.0021939487
 158  2/  14 |         :       :       |       *       :         |  0.0053834338
 159  3/  14 |         :       :       |  *    :       :         |  0.0018673914
 160  4/  14 |         :       :       |*      :       :         |  0.0006083444
 161  5/  14 |         :       :       |   *   :       :         |  0.0029921364
 162  6/  14 |         :*      :       |       :       :         | -0.0103849267
 163  7/  14 |         :       :       |*      :       :         |  0.0007273389
 164  8/  14 |         :      *:       |       :       :         | -0.0057502301
 165  9/  14 |         :       :       |    *  :       :         |  0.0033521986
 166 10/  14 |         :       :       |   *   :       :         |  0.0027742453
 167 11/  14 |         :       :  *    |       :       :         | -0.0032635970
 168 12/  14>+*        :       :       |       :       :         +>-0.0168818393
 169  1/  15 |         :       :    *  |       :       :         | -0.0020039128
 170  2/  15 |         :       :       |      *:       :         |  0.0050387484
 171  3/  15 |         :       :       |*      :       :         |  0.0007880724
 172  4/  15 |         :       :       |*      :       :         |  0.0005388832
 173  5/  15 |         :       :       |      *:       :         |  0.0047018440
 174  6/  15 |         :*      :       |       :       :         | -0.0102755632
 175  7/  15 |         :       :       |      *:       :         |  0.0046139484
 176  8/  15 |         :       :  *    |       :       :         | -0.0033269450
 177  9/  15 |         :       :       |       :     * :         |  0.0095965975
 178 10/  15 |         :       :       |  *    :       :         |  0.0023219559
 179 11/  15 |         :       :       |       : *     :         |  0.0071010250
 180 12/  15 +         :       :*      |       :       :         + -0.0047484944
 181  1/  16 |         :       : *     |       :       :         | -0.0042664276
 182  2/  16 |         :       :       *       :       :         |  0.0002828816
 183  3/  16 |         :       :       |     * :       :         |  0.0042849820
 184  4/  16 |         :    *  :       |       :       :         | -0.0072624392
 185  5/  16 |         :       :       |  *    :       :         |  0.0023516506
 186  6/  16 |         :   *   :       |       :       :         | -0.0079662679
 187  7/  16 |         :       :       |     * :       :         |  0.0039880334
 188  8/  16 |         :       :    *  |       :       :         | -0.0019501222
 189  9/  16 |         :       :       |       :*      :         |  0.0059355376
 190 10/  16 |         :       :       |   *   :       :         |  0.0027315288
 191 11/  16 |         :       :       |*      :       :         |  0.0008117788
 192 12/  16 +         :*      :       |       :       :         + -0.0101893473
 193  1/  17 |         :       :      *|       :       :         | -0.0008149725
 194  2/  17 |         :       :   *   |       :       :         | -0.0025654798
 195  3/  17 |         :       :       |       *       :         |  0.0056831313
 196  4/  17 |         :       :       *       :       :         | -0.0003108289
 197  5/  17 |         :       :       |  *    :       :         |  0.0023348600
 198  6/  17 |         :   *   :       |       :       :         | -0.0083949975
 199  7/  17 |         :       :       |     * :       :         |  0.0038018398
 200  8/  17 |         :       :   *   |       :       :         | -0.0028366110
 201  9/  17 |         :       :       |       :*      :         |  0.0061495870
 202 10/  17 |         :       :     * |       :       :         | -0.0016076237
 203 11/  17 |         :       :  *    |       :       :         | -0.0031384441
 204 12/  17>+        *:       :       |       :       :         +>-0.0114112801
 205  1/  18 |         :       :       |  *    :       :         |  0.0017089882
 206  2/  18 |         :       :       | *     :       :         |  0.0012268950
 207  3/  18 |         :       :       |       : *     :         |  0.0070632215
 208  4/  18 |         :       : *     |       :       :         | -0.0040324124
 209  5/  18 |         :       :     * |       :       :         | -0.0013803206
 210  6/  18 |         :    *  :       |       :       :         | -0.0071747727
 211  7/  18 |         :       :     * |       :       :         | -0.0011090388
 212  8/  18 |         :       :*      |       :       :         | -0.0044239875
 213  9/  18 |         :       :       |       : *     :         |  0.0067058475
 214 10/  18 |         :       :       | *     :       :         |  0.0013693029
 215 11/  18 |         :       :       *       :       :         |  0.0003363846
-------------+-+-------+-------+-------+-------+-------+-------+-+--------------
              -3      -2      -1       0      +1      +2      +3  

                 +------------------------------------------+
                 |       Table of standardized values       |
                 |       greater than or equal to 2.0       |
                 +------------------------------------------+
                 |                                          |
                 | Observation    Date   Standardized value |
                 |                                          |
                 |     90        6/   8        -2.10        |
                 |    120       12/  10        -2.47        |
                 |    132       12/  11        -2.63        |
                 |    144       12/  12        -2.61        |
                 |    156       12/  13        -2.92        |
                 |    168       12/  14        -3.19        |
                 |    204       12/  17        -2.16        |
                 +------------------------------------------+

Standardized time series histogram:

       -4      -3      -2      -1       0      +1      +2      +3      +4
        +---+---+---+---+---+---+---+---+---+---+---+---+---+---+---+---+
        |                                 51                            |
        |                                ....                            |
        |                                ....                            |
        |                                .... 41                         |
        |                                ........                        |
        |                                ........                        |
        |                             31 ........                        |
        |                            ............ 26                     |
        |                            ................                    |
        |                         20 ................                    |
        |                     17 ....................                    |
        |                 15 ........................                    |
        |                ............................                    |
        |                ............................  7                 |
        |                ................................                |
        |      1  3  3   ................................                |
        |    ............................................                |
        +---+---+---+---+---+---+---+---+---+---+---+---+---+---+---+---+
       -4      -3      -2      -1       0      +1      +2      +3      +4

              72 values outside (-1,+1): 33.49 % (31.74 % expected)
               7 values outside (-2,+2):  3.26 % ( 4.56 % expected)

Autocorrelation function (acf bands =  0.136):

            -1                         0                         1  L-B Q  DF
-------------+-------------------------+-------------------------+--------------
   1  -0.194 |                    *****|  :                      | 
   2   0.148 |                      :  |****                     | 
   3  -0.484 |             ************|  :                      | 
   4   0.188 |                      :  |*****                    | 
   5  -0.185 |                    *****|  :                      | 
   6   0.545 |                      :  |**************           | 
   7  -0.179 |                     ****|  :                      | 
   8   0.200 |                      :  |*****                    | 
   9  -0.472 |             ************|  :                      | 
  10   0.129 |                      :  |***                      | 
  11  -0.213 |                    *****|  :                      | 
  12   0.713 +                      :  |++++++++++++++++++       + 343.96  12
  13  -0.254 |                   ******|  :                      | 
  14   0.118 |                      :  |***                      | 
  15  -0.456 |              ***********|  :                      | 
  16   0.188 |                      :  |*****                    | 
  17  -0.173 |                     ****|  :                      | 
  18   0.512 |                      :  |*************            | 
  19  -0.172 |                     ****|  :                      | 
  20   0.222 |                      :  |******                   | 
  21  -0.457 |              ***********|  :                      | 
  22   0.106 |                      :  |***                      | 
  23  -0.222 |                   ******|  :                      | 
  24   0.659 +                      :  |++++++++++++++++         + 677.76  24
  25  -0.226 |                   ******|  :                      | 
  26   0.123 |                      :  |***                      | 
  27  -0.427 |              ***********|  :                      | 
  28   0.148 |                      :  |****                     | 
  29  -0.167 |                     ****|  :                      | 
  30   0.500 |                      :  |*************            | 
  31  -0.165 |                     ****|  :                      | 
  32   0.194 |                      :  |*****                    | 
  33  -0.443 |              ***********|  :                      | 
  34   0.083 |                      :  |**:                      | 
  35  -0.192 |                    *****|  :                      | 
  36   0.635 +                      :  |++++++++++++++++         + 998.07  36
  37  -0.199 |                    *****|  :                      | 
  38   0.111 |                      :  |***                      | 
  39  -0.404 |               **********|  :                      | 
  40   0.128 |                      :  |***                      | 
  41  -0.157 |                     ****|  :                      | 
  42   0.445 |                      :  |***********              | 1119.46  42
-------------+-------------------------+-------------------------+--------------
            -1                         0                         1  L-B Q  DF

Partial autocorrelation function (pacf bands =  0.136):

            -1                         0                         1
-------------+-------------------------+-------------------------+--------------
   1  -0.194 |                    *****|  :                      | 
   2   0.115 |                      :  |***                      | 
   3  -0.460 |              ***********|  :                      | 
   4   0.048 |                      :  |* :                      | 
   5  -0.099 |                      :**|  :                      | 
   6   0.388 |                      :  |**********               | 
   7   0.005 |                      :  |  :                      | 
   8   0.091 |                      :  |**:                      | 
   9  -0.169 |                     ****|  :                      | 
  10  -0.082 |                      :**|  :                      | 
  11  -0.076 |                      :**|  :                      | 
  12   0.522 +                      :  |+++++++++++++            + 
  13  -0.183 |                    *****|  :                      | 
  14  -0.110 |                      ***|  :                      | 
  15   0.012 |                      :  |  :                      | 
  16   0.004 |                      :  |  :                      | 
  17   0.028 |                      :  |* :                      | 
  18   0.044 |                      :  |* :                      | 
  19   0.050 |                      :  |* :                      | 
  20   0.091 |                      :  |**:                      | 
  21  -0.043 |                      : *|  :                      | 
  22  -0.078 |                      :**|  :                      | 
  23  -0.053 |                      : *|  :                      | 
  24   0.220 +                      :  |++++++                   + 
  25  -0.010 |                      :  |  :                      | 
  26  -0.095 |                      :**|  :                      | 
  27   0.019 |                      :  |  :                      | 
  28  -0.056 |                      : *|  :                      | 
  29   0.053 |                      :  |* :                      | 
  30   0.063 |                      :  |**:                      | 
  31  -0.006 |                      :  |  :                      | 
  32  -0.033 |                      : *|  :                      | 
  33   0.018 |                      :  |  :                      | 
  34  -0.039 |                      : *|  :                      | 
  35   0.004 |                      :  |  :                      | 
  36   0.133 +                      :  |+++                      + 
  37   0.003 |                      :  |  :                      | 
  38  -0.051 |                      : *|  :                      | 
  39   0.029 |                      :  |* :                      | 
  40  -0.019 |                      :  |  :                      | 
  41   0.004 |                      :  |  :                      | 
  42  -0.059 |                      : *|  :                      | 
-------------+-------------------------+-------------------------+--------------
            -1                         0                         1


--- Residual series a[2] ---
Unconditional residuals (seasonal period: 12)
215 observations: from 1/1 to 11/18

                  Mean:          -0.000001
Standard error of mean:           0.000229
              Variance:           0.000011
    Standard deviation:           0.003356
              Skewness:          -0.156045
              Kurtosis:           0.506048
               Minimum:          -0.012135 at 12/13 (observation 156)
               Maximum:           0.008832 at 11/3 (observation  35)

Standardized time series plot (original values on right-side column):

                 -3     -2     -1      0     +1     +2     +3     
-------------+----+------+------+------+------+------+------+----+--------------
   1  1/   1 |           :      :    * |      :      :           | -0.0011159466
   2  2/   1 |           :      :      | *    :      :           |  0.0007932598
   3  3/   1 |           :      :  *   |      :      :           | -0.0018299227
   4  4/   1 |           :      :      *      :      :           |  0.0000180983
   5  5/   1 |           :      :    * |      :      :           | -0.0011483792
   6  6/   1 |           :      :      *      :      :           | -0.0001896931
   7  7/   1 |           :      :*     |      :      :           | -0.0030997612
   8  8/   1 |           :      :  *   |      :      :           | -0.0017593735
   9  9/   1 |           :      : *    |      :      :           | -0.0026339128
  10 10/   1 |           :    * :      |      :      :           | -0.0044192372
  11 11/   1>|           :      :      |      :      :*          |> 0.0074934858
  12 12/   1 +           :      :      |  *   :      :           +  0.0015628038
  13  1/   2 |           :      :      |      *      :           |  0.0032456736
  14  2/   2 |           :      :   *  |      :      :           | -0.0012317709
  15  3/   2 |           :   *  :      |      :      :           | -0.0047206994
  16  4/   2 |           :      *      |      :      :           | -0.0033469621
  17  5/   2 |           :      :      |   *  :      :           |  0.0021283586
  18  6/   2 |           :      :      | *    :      :           |  0.0008002324
  19  7/   2 |           :      :  *   |      :      :           | -0.0019129167
  20  8/   2 |           :      :    * |      :      :           | -0.0010503696
  21  9/   2 |           :      :  *   |      :      :           | -0.0020391219
  22 10/   2 |           :     *:      |      :      :           | -0.0037043819
  23 11/   2 |           :      :      |      :   *  :           |  0.0051770726
  24 12/   2 +           :      :      |*     :      :           +  0.0006078817
  25  1/   3 |           :      :      *      :      :           | -0.0001898399
  26  2/   3 |           :      :      |   *  :      :           |  0.0020040759
  27  3/   3 |           :      :      |     *:      :           |  0.0026730973
  28  4/   3 |           :      :      |     *:      :           |  0.0027899368
  29  5/   3 |           :      :    * |      :      :           | -0.0010547438
  30  6/   3 |           :      :     *|      :      :           | -0.0004848919
  31  7/   3 |           :      :     *|      :      :           | -0.0004947963
  32  8/   3 |           :      :*     |      :      :           | -0.0029899974
  33  9/   3 |           :      :    * |      :      :           | -0.0009993788
  34 10/   3 |           :      :   *  |      :      :           | -0.0013098514
  35 11/   3>|           :      :      |      :      :   *       |> 0.0088317129
  36 12/   3 +           : *    :      |      :      :           + -0.0058378877
  37  1/   4 |           :      :      *      :      :           |  0.0000441413
  38  2/   4 |           :      :      |      : *    :           |  0.0042112315
  39  3/   4 |           :      *      |      :      :           | -0.0036084953
  40  4/   4 |           :      :      *      :      :           | -0.0001067166
  41  5/   4 |           :      :      |  *   :      :           |  0.0013325543
  42  6/   4 |           :      :      |     *:      :           |  0.0028110916
  43  7/   4 |           :      :      *      :      :           |  0.0001284030
  44  8/   4 |           :      :      *      :      :           |  0.0000372931
  45  9/   4 |           :      :     *|      :      :           | -0.0003745646
  46 10/   4 |           :     *:      |      :      :           | -0.0037348307
  47 11/   4 |           :      :      |      :      *           |  0.0066053305
  48 12/   4 +           :      :  *   |      :      :           + -0.0021085880
  49  1/   5 |           :      :      |   *  :      :           |  0.0017080117
  50  2/   5 |           :      :     *|      :      :           | -0.0006210821
  51  3/   5 |           :      :      |   *  :      :           |  0.0018784044
  52  4/   5 |           :      :      |*     :      :           |  0.0003017238
  53  5/   5 |           :      :      *      :      :           | -0.0001032290
  54  6/   5 |           :      :      |    * :      :           |  0.0024266551
  55  7/   5 |           :      :  *   |      :      :           | -0.0019538058
  56  8/   5 |           :  *   :      |      :      :           | -0.0053454444
  57  9/   5 |           :      : *    |      :      :           | -0.0023135755
  58 10/   5 |           :      :      |*     :      :           |  0.0002647292
  59 11/   5>|           :      :      |      :      :*          |> 0.0071238229
  60 12/   5 +           :      :      |*     :      :           +  0.0006100704
  61  1/   6 |           :      :      |    * :      :           |  0.0026230314
  62  2/   6 |           :      :      |    * :      :           |  0.0023512438
  63  3/   6 |           :      :      |      *      :           |  0.0035559771
  64  4/   6 |           :      :      *      :      :           |  0.0001506476
  65  5/   6 |           :      :    * |      :      :           | -0.0010681337
  66  6/   6 |           :      :      |      *      :           |  0.0031668228
  67  7/   6 |           :      :  *   |      :      :           | -0.0017709215
  68  8/   6 |           :      :      *      :      :           |  0.0001286990
  69  9/   6 |           :      :      |  *   :      :           |  0.0012535682
  70 10/   6 |           :      :      |      :    * :           |  0.0059343091
  71 11/   6 |           :      :      |      :   *  :           |  0.0051116408
  72 12/   6 +           :    * :      |      :      :           + -0.0042066927
  73  1/   7 |           :      :      | *    :      :           |  0.0010089685
  74  2/   7 |           :      :      |      :   *  :           |  0.0053592658
  75  3/   7 |           :      :*     |      :      :           | -0.0028599358
  76  4/   7 |           :      :      |      *      :           |  0.0031909983
  77  5/   7 |           :      :      |     *:      :           |  0.0027978698
  78  6/   7 |           :      :      |      : *    :           |  0.0041391934
  79  7/   7 |           :     *:      |      :      :           | -0.0037576345
  80  8/   7 |           :      *      |      :      :           | -0.0032874709
  81  9/   7 |           :      *      |      :      :           | -0.0034643210
  82 10/   7 |           :  *   :      |      :      :           | -0.0054495028
  83 11/   7 |           :      :      |  *   :      :           |  0.0014845839
  84 12/   7 +           :     *:      |      :      :           + -0.0040978696
  85  1/   8 |           :      :      |    * :      :           |  0.0024635951
  86  2/   8 |           :      :  *   |      :      :           | -0.0021700162
  87  3/   8 |           :      :   *  |      :      :           | -0.0016115081
  88  4/   8 |           :      :   *  |      :      :           | -0.0012276551
  89  5/   8 |           :      :      | *    :      :           |  0.0010812182
  90  6/   8 |           :      :      *      :      :           | -0.0002172913
  91  7/   8 |           :      :      |*     :      :           |  0.0005210211
  92  8/   8 |           :     *:      |      :      :           | -0.0040241893
  93  9/   8 |           :      :   *  |      :      :           | -0.0015581424
  94 10/   8 |           :      :  *   |      :      :           | -0.0019151630
  95 11/   8>|           :      :      |      :      :*          |> 0.0071099655
  96 12/   8 +           :*     :      |      :      :           + -0.0061628372
  97  1/   9 |           :      :      *      :      :           | -0.0001785051
  98  2/   9 |           :      :      |      : *    :           |  0.0041789859
  99  3/   9 |           :      :    * |      :      :           | -0.0007669436
 100  4/   9 |           :      :    * |      :      :           | -0.0011279552
 101  5/   9 |           :      :   *  |      :      :           | -0.0015308537
 102  6/   9 |           :      :      *      :      :           | -0.0000471830
 103  7/   9 |           :      :      *      :      :           |  0.0001771487
 104  8/   9 |           :      :  *   |      :      :           | -0.0018566225
 105  9/   9 |           :      :     *|      :      :           | -0.0005334577
 106 10/   9 |           :      :      |    * :      :           |  0.0023157012
 107 11/   9 |           :      :      |      :  *   :           |  0.0049851641
 108 12/   9 +           :      : *    |      :      :           + -0.0023202976
 109  1/  10 |           :      :      |      *      :           |  0.0033260201
 110  2/  10 |           :      :      |      :   *  :           |  0.0051980826
 111  3/  10 |           :      :     *|      :      :           | -0.0004353481
 112  4/  10 |           :      : *    |      :      :           | -0.0023000719
 113  5/  10 |           :      :    * |      :      :           | -0.0011200227
 114  6/  10 |           :      :      |*     :      :           |  0.0006984867
 115  7/  10 |           :      :      |*     :      :           |  0.0005253014
 116  8/  10 |           :      :      |*     :      :           |  0.0006360576
 117  9/  10 |           :      :    * |      :      :           | -0.0008949399
 118 10/  10 |           :      :      |*     :      :           |  0.0004137288
 119 11/  10 |           :      :      |   *  :      :           |  0.0017765010
 120 12/  10 +           :     *:      |      :      :           + -0.0036455411
 121  1/  11 |           :      :      |      :*     :           |  0.0040874766
 122  2/  11 |           :      :      |      :      *           |  0.0066209481
 123  3/  11 |           :      *      |      :      :           | -0.0033701727
 124  4/  11 |           :      : *    |      :      :           | -0.0024450492
 125  5/  11 |           :      :*     |      :      :           | -0.0027471358
 126  6/  11 |           :      :      |    * :      :           |  0.0023545585
 127  7/  11 |           :      :      |      :*     :           |  0.0036520357
 128  8/  11 |           :      :      |*     :      :           |  0.0003562172
 129  9/  11 |           :      :      *      :      :           |  0.0000342010
 130 10/  11 |           :      :      | *    :      :           |  0.0008946556
 131 11/  11 |           :      :      |   *  :      :           |  0.0020573392
 132 12/  11 +           : *    :      |      :      :           + -0.0059906692
 133  1/  12 |           :      :      |    * :      :           |  0.0023589649
 134  2/  12 |           :      :      |      :  *   :           |  0.0048739615
 135  3/  12 |           : *    :      |      :      :           | -0.0060472172
 136  4/  12 |           :      :      |  *   :      :           |  0.0014646289
 137  5/  12 |           :      :      |  *   :      :           |  0.0013219032
 138  6/  12 |           :      :      |     *:      :           |  0.0027342632
 139  7/  12 |           :      :     *|      :      :           | -0.0004036535
 140  8/  12 |           :      :   *  |      :      :           | -0.0015935314
 141  9/  12 |           :      *      |      :      :           | -0.0036218256
 142 10/  12 |           :      :      |  *   :      :           |  0.0014359087
 143 11/  12 |           :      :      |      :*     :           |  0.0039794554
 144 12/  12 +           : *    :      |      :      :           + -0.0058641477
 145  1/  13 |           :      :      |*     :      :           |  0.0002749230
 146  2/  13 |           :      :      |    * :      :           |  0.0023734400
 147  3/  13 |           :      :*     |      :      :           | -0.0030519573
 148  4/  13 |           :      :*     |      :      :           | -0.0028683887
 149  5/  13 |           :      :      |  *   :      :           |  0.0013148004
 150  6/  13 |           :      :      |   *  :      :           |  0.0017448780
 151  7/  13 |           :      :     *|      :      :           | -0.0002976947
 152  8/  13 |           :      :   *  |      :      :           | -0.0014201471
 153  9/  13 |           :     *:      |      :      :           | -0.0037651640
 154 10/  13 |           :      :    * |      :      :           | -0.0009396866
 155 11/  13 |           :      :    * |      :      :           | -0.0008941093
 156 12/  13>+*          :      :      |      :      :           +>-0.0121354641
 157  1/  14 |           :      :      |     *:      :           |  0.0030402414
 158  2/  14 |           :      :      |      :    * :           |  0.0060339127
 159  3/  14 |           :      :      |      *      :           |  0.0033894321
 160  4/  14 |           :      :      |   *  :      :           |  0.0021451104
 161  5/  14 |           :      :    * |      :      :           | -0.0008413492
 162  6/  14 |           :      :      | *    :      :           |  0.0009473908
 163  7/  14 |           :      :    * |      :      :           | -0.0009394724
 164  8/  14 |           :     *:      |      :      :           | -0.0039731725
 165  9/  14 |           :      :  *   |      :      :           | -0.0017287426
 166 10/  14>|           *      :      |      :      :           |>-0.0068727808
 167 11/  14 |           :      : *    |      :      :           | -0.0022460476
 168 12/  14>+       *   :      :      |      :      :           +>-0.0087859817
 169  1/  15 |           :      :    * |      :      :           | -0.0009076057
 170  2/  15>|           :      :      |      :      *           |> 0.0069695179
 171  3/  15 |           :      :      |*     :      :           |  0.0004995607
 172  4/  15 |           :      :      |      :*     :           |  0.0037208514
 173  5/  15 |           :      :      | *    :      :           |  0.0008085855
 174  6/  15 |           :      :      |    * :      :           |  0.0026630745
 175  7/  15 |           :      :   *  |      :      :           | -0.0014854042
 176  8/  15 |           :      :  *   |      :      :           | -0.0017016929
 177  9/  15 |           :      :      | *    :      :           |  0.0008792700
 178 10/  15 |           : *    :      |      :      :           | -0.0057591185
 179 11/  15 |           :      :      |      : *    :           |  0.0043068834
 180 12/  15 +           :   *  :      |      :      :           + -0.0049575558
 181  1/  16 |           :      :      |    * :      :           |  0.0022901396
 182  2/  16 |           :      :      |   *  :      :           |  0.0020188106
 183  3/  16 |           :      :      |  *   :      :           |  0.0013662188
 184  4/  16 |           :      :      *      :      :           |  0.0000491015
 185  5/  16 |           :      :      |  *   :      :           |  0.0012993037
 186  6/  16 |           :      :      |      *      :           |  0.0034368379
 187  7/  16 |           :      :      |*     :      :           |  0.0005505164
 188  8/  16 |           :      :     *|      :      :           | -0.0005756201
 189  9/  16 |           :      :*     |      :      :           | -0.0030378899
 190 10/  16 |           :    * :      |      :      :           | -0.0044084799
 191 11/  16 |           :      :      |     *:      :           |  0.0029236047
 192 12/  16 +           :*     :      |      :      :           + -0.0064925536
 193  1/  17 |           :      :  *   |      :      :           | -0.0017795382
 194  2/  17 |           :      :      |      :    * :           |  0.0059209416
 195  3/  17 |           :      :      *      :      :           |  0.0000310642
 196  4/  17 |           :      :      |      :     *:           |  0.0062501671
 197  5/  17 |           :      :      |   *  :      :           |  0.0018347451
 198  6/  17 |           :      :      |    * :      :           |  0.0024460024
 199  7/  17 |           :      :      *      :      :           | -0.0000899450
 200  8/  17 |           :      :      *      :      :           | -0.0000096528
 201  9/  17 |           :      :      |  *   :      :           |  0.0013468089
 202 10/  17 |           :*     :      |      :      :           | -0.0061009147
 203 11/  17 |           :      :*     |      :      :           | -0.0028919716
 204 12/  17>+      *    :      :      |      :      :           +>-0.0091823540
 205  1/  18 |           :      :     *|      :      :           | -0.0002996262
 206  2/  18 |           :      :      |      :  *   :           |  0.0046668140
 207  3/  18>|           :      :      |      :      : *         |> 0.0078041778
 208  4/  18 |           :      :      |     *:      :           |  0.0027348243
 209  5/  18 |           :      :      |  *   :      :           |  0.0014918786
 210  6/  18 |           :      :      |      *      :           |  0.0033232980
 211  7/  18 |           :      :*     |      :      :           | -0.0026797296
 212  8/  18 |           :      :*     |      :      :           | -0.0027966889
 213  9/  18 |           :      :      *      :      :           | -0.0000761197
 214 10/  18 |           *      :      |      :      :           | -0.0066041805
 215 11/  18 |           :      :      |  *   :      :           |  0.0015875352
-------------+----+------+------+------+------+------+------+----+--------------
                 -3     -2     -1      0     +1     +2     +3     

                 +------------------------------------------+
                 |       Table of standardized values       |
                 |       greater than or equal to 2.0       |
                 +------------------------------------------+
                 |                                          |
                 | Observation    Date   Standardized value |
                 |                                          |
                 |     11       11/   1         2.23        |
                 |     35       11/   3         2.63        |
                 |     59       11/   5         2.12        |
                 |     95       11/   8         2.12        |
                 |    156       12/  13        -3.62        |
                 |    166       10/  14        -2.05        |
                 |    168       12/  14        -2.62        |
                 |    170        2/  15         2.08        |
                 |    204       12/  17        -2.74        |
                 |    207        3/  18         2.33        |
                 +------------------------------------------+

Standardized time series histogram:

       -4      -3      -2      -1       0      +1      +2      +3      +4
        +---+---+---+---+---+---+---+---+---+---+---+---+---+---+---+---+
        |                             44 44                            
        |                            ........                            |
        |                            ........                            |
        |                            ........ 34                         |
        |                         31 ............                        |
        |                        ................                        |
        |                        ................                        |
        |                        ................                        |
        |                        ................                        |
        |                     17 ................                        |
        |                    .................... 14                     |
        |                    ........................                    |
        |                 11 ........................10                  |
        |                ................................                |
        |                ................................  5             |
        |  1      2  1   ...................................1            |
        |....    ................................................        |
        +---+---+---+---+---+---+---+---+---+---+---+---+---+---+---+---+
       -4      -3      -2      -1       0      +1      +2      +3      +4

              62 values outside (-1,+1): 28.84 % (31.74 % expected)
              10 values outside (-2,+2):  4.65 % ( 4.56 % expected)

Autocorrelation function (acf bands =  0.136):

            -1                         0                         1  L-B Q  DF
-------------+-------------------------+-------------------------+--------------
   1  -0.004 |                      :  |  :                      | 
   2  -0.022 |                      : *|  :                      | 
   3   0.016 |                      :  |  :                      | 
   4  -0.108 |                      ***|  :                      | 
   5  -0.081 |                      :**|  :                      | 
   6  -0.228 |                   ******|  :                      | 
   7   0.015 |                      :  |  :                      | 
   8  -0.076 |                      :**|  :                      | 
   9   0.062 |                      :  |**:                      | 
  10   0.010 |                      :  |  :                      | 
  11  -0.024 |                      : *|  :                      | 
  12   0.520 +                      :  |+++++++++++++            +  80.29  12
  13  -0.116 |                      ***|  :                      | 
  14  -0.054 |                      : *|  :                      | 
  15   0.098 |                      :  |**:                      | 
  16  -0.039 |                      : *|  :                      | 
  17  -0.019 |                      :  |  :                      | 
  18  -0.260 |                  *******|  :                      | 
  19  -0.022 |                      : *|  :                      | 
  20  -0.075 |                      :**|  :                      | 
  21   0.073 |                      :  |**:                      | 
  22  -0.033 |                      : *|  :                      | 
  23  -0.128 |                      ***|  :                      | 
  24   0.445 +                      :  |+++++++++++              + 158.15  24
  25  -0.109 |                      ***|  :                      | 
  26  -0.057 |                      : *|  :                      | 
  27   0.063 |                      :  |**:                      | 
  28  -0.060 |                      : *|  :                      | 
  29  -0.021 |                      : *|  :                      | 
  30  -0.217 |                    *****|  :                      | 
  31   0.018 |                      :  |  :                      | 
  32  -0.051 |                      : *|  :                      | 
  33   0.024 |                      :  |* :                      | 
  34  -0.078 |                      :**|  :                      | 
  35  -0.114 |                      ***|  :                      | 
  36   0.483 +                      :  |++++++++++++             + 242.32  36
  37  -0.064 |                      :**|  :                      | 
  38  -0.054 |                      : *|  :                      | 
  39   0.047 |                      :  |* :                      | 
  40  -0.060 |                      :**|  :                      | 
  41  -0.042 |                      : *|  :                      | 
  42  -0.177 |                     ****|  :                      | 254.60  42
-------------+-------------------------+-------------------------+--------------
            -1                         0                         1  L-B Q  DF

Partial autocorrelation function (pacf bands =  0.136):

            -1                         0                         1
-------------+-------------------------+-------------------------+--------------
   1  -0.004 |                      :  |  :                      | 
   2  -0.022 |                      : *|  :                      | 
   3   0.016 |                      :  |  :                      | 
   4  -0.108 |                      ***|  :                      | 
   5  -0.082 |                      :**|  :                      | 
   6  -0.239 |                   ******|  :                      | 
   7   0.005 |                      :  |  :                      | 
   8  -0.109 |                      ***|  :                      | 
   9   0.051 |                      :  |* :                      | 
  10  -0.063 |                      :**|  :                      | 
  11  -0.056 |                      : *|  :                      | 
  12   0.483 +                      :  |++++++++++++             + 
  13  -0.153 |                     ****|  :                      | 
  14  -0.035 |                      : *|  :                      | 
  15   0.148 |                      :  |****                     | 
  16   0.027 |                      :  |* :                      | 
  17   0.067 |                      :  |**:                      | 
  18  -0.168 |                     ****|  :                      | 
  19  -0.093 |                      :**|  :                      | 
  20   0.017 |                      :  |  :                      | 
  21   0.047 |                      :  |* :                      | 
  22  -0.110 |                      ***|  :                      | 
  23  -0.191 |                    *****|  :                      | 
  24   0.216 +                      :  |+++++                    + 
  25  -0.025 |                      : *|  :                      | 
  26  -0.077 |                      :**|  :                      | 
  27  -0.078 |                      :**|  :                      | 
  28  -0.056 |                      : *|  :                      | 
  29   0.073 |                      :  |**:                      | 
  30  -0.020 |                      : *|  :                      | 
  31  -0.099 |                      :**|  :                      | 
  32  -0.038 |                      : *|  :                      | 
  33  -0.018 |                      :  |  :                      | 
  34  -0.039 |                      : *|  :                      | 
  35  -0.038 |                      : *|  :                      | 
  36   0.183 +                      :  |+++++                    + 
  37   0.018 |                      :  |  :                      | 
  38  -0.018 |                      :  |  :                      | 
  39  -0.039 |                      : *|  :                      | 
  40  -0.018 |                      :  |  :                      | 
  41  -0.011 |                      :  |  :                      | 
  42   0.046 |                      :  |* :                      | 
-------------+-------------------------+-------------------------+--------------
            -1                         0                         1


--- Residual series a[3] ---
Unconditional residuals (seasonal period: 12)
215 observations: from 1/1 to 11/18

                  Mean:           0.000003
Standard error of mean:           0.000211
              Variance:           0.000010
    Standard deviation:           0.003094
              Skewness:          -0.410517
              Kurtosis:           0.316613
               Minimum:          -0.011198 at 12/13 (observation 156)
               Maximum:           0.007473 at  2/17 (observation 194)

Standardized time series plot (original values on right-side column):

                 -3     -2     -1      0     +1     +2     +3     
-------------+----+------+------+------+------+------+------+----+--------------
   1  1/   1 |           :      :      *      :      :           | -0.0000860768
   2  2/   1 |           :      :      |      *      :           |  0.0030697460
   3  3/   1 |           :      :      |      *      :           |  0.0030173165
   4  4/   1 |           :      :      |  *   :      :           |  0.0012515452
   5  5/   1 |           :      :      *      :      :           |  0.0000488140
   6  6/   1 |           :      :    * |      :      :           | -0.0010170143
   7  7/   1 |           :      :      | *    :      :           |  0.0008231307
   8  8/   1 |           :      :      *      :      :           |  0.0000946919
   9  9/   1 |           :      :      | *    :      :           |  0.0007483670
  10 10/   1 |           :      :     *|      :      :           | -0.0005162669
  11 11/   1 |           :      :      |   *  :      :           |  0.0018571837
  12 12/   1 +           :      :      |*     :      :           +  0.0004380122
  13  1/   2 |           :      :      |      :     *:           |  0.0057443054
  14  2/   2 |           :      :      |     *:      :           |  0.0025389078
  15  3/   2 |           :      :*     |      :      :           | -0.0027581309
  16  4/   2 |           :      :  *   |      :      :           | -0.0019309119
  17  5/   2 |           :      :      |   *  :      :           |  0.0019303564
  18  6/   2 |           :      : *    |      :      :           | -0.0022488325
  19  7/   2 |           :      :      |*     :      :           |  0.0004671682
  20  8/   2 |           :      :      |    * :      :           |  0.0022167697
  21  9/   2 |           :      :      |   *  :      :           |  0.0017500753
  22 10/   2 |           :      :      |*     :      :           |  0.0002497457
  23 11/   2 |           :      :      | *    :      :           |  0.0008184472
  24 12/   2 +           :      :   *  |      :      :           + -0.0013473206
  25  1/   3 |           :      :      |     *:      :           |  0.0026709736
  26  2/   3 |           :      :      |    * :      :           |  0.0022192097
  27  3/   3 |           :      :      |  *   :      :           |  0.0011451472
  28  4/   3 |           :      :      |      *      :           |  0.0030167164
  29  5/   3 |           :      :      | *    :      :           |  0.0008162762
  30  6/   3 |           :      :*     |      :      :           | -0.0025932031
  31  7/   3 |           :      :      |*     :      :           |  0.0006230600
  32  8/   3 |           :      :    * |      :      :           | -0.0008675896
  33  9/   3 |           :      :      |   *  :      :           |  0.0018891914
  34 10/   3 |           :      :      *      :      :           | -0.0000579255
  35 11/   3 |           :      :      | *    :      :           |  0.0010624690
  36 12/   3>+         * :      :      |      :      :           +>-0.0072651522
  37  1/   4 |           :      :      |      : *    :           |  0.0038611411
  38  2/   4 |           :      :      |      :    * :           |  0.0054968899
  39  3/   4 |           :      :      | *    :      :           |  0.0007926207
  40  4/   4 |           :      :      *      :      :           |  0.0002161696
  41  5/   4 |           :      :      |  *   :      :           |  0.0015677822
  42  6/   4 |           :      :*     |      :      :           | -0.0026237658
  43  7/   4 |           :      :      |    * :      :           |  0.0020564687
  44  8/   4 |           :      :      |    * :      :           |  0.0023958652
  45  9/   4 |           :      :    * |      :      :           | -0.0008775962
  46 10/   4 |           :      *      |      :      :           | -0.0030299543
  47 11/   4 |           :      :      | *    :      :           |  0.0010177882
  48 12/   4 +           :      : *    |      :      :           + -0.0022059134
  49  1/   5 |           :      :      |     *:      :           |  0.0024976196
  50  2/   5 |           :      :      |  *   :      :           |  0.0014465769
  51  3/   5 |           :      :      |      *      :           |  0.0029634671
  52  4/   5 |           :      :      |      : *    :           |  0.0040974894
  53  5/   5 |           :      :      |*     :      :           |  0.0005622767
  54  6/   5 |           :      *      |      :      :           | -0.0031695734
  55  7/   5 |           :      :      |  *   :      :           |  0.0015524878
  56  8/   5 |           :     *:      |      :      :           | -0.0035539131
  57  9/   5 |           :     *:      |      :      :           | -0.0036693645
  58 10/   5 |           :      :     *|      :      :           | -0.0002337601
  59 11/   5 |           :      :      |    * :      :           |  0.0020691815
  60 12/   5 +           :  *   :      |      :      :           + -0.0048471904
  61  1/   6 |           :      :      *      :      :           | -0.0001989575
  62  2/   6 |           :      :      |    * :      :           |  0.0024232100
  63  3/   6 |           :      :      |      : *    :           |  0.0038620903
  64  4/   6 |           :      :      |    * :      :           |  0.0020909758
  65  5/   6 |           :      :      |  *   :      :           |  0.0013481707
  66  6/   6 |           :     *:      |      :      :           | -0.0036400402
  67  7/   6 |           :      :      |   *  :      :           |  0.0019830395
  68  8/   6 |           :      :     *|      :      :           | -0.0002332445
  69  9/   6 |           :      :      | *    :      :           |  0.0010012353
  70 10/   6 |           :      :      |      :   *  :           |  0.0047977490
  71 11/   6 |           :      :      |      : *    :           |  0.0041335274
  72 12/   6 +           :      : *    |      :      :           + -0.0022694580
  73  1/   7 |           :      :      | *    :      :           |  0.0008043660
  74  2/   7 |           :      :      |      :     *:           |  0.0056263423
  75  3/   7 |           :      :      |     *:      :           |  0.0026184580
  76  4/   7 |           :      :      |      :   *  :           |  0.0049742836
  77  5/   7 |           :      :      |      : *    :           |  0.0038193547
  78  6/   7 |           :      *      |      :      :           | -0.0030325852
  79  7/   7 |           :      : *    |      :      :           | -0.0022646103
  80  8/   7 |           :      : *    |      :      :           | -0.0022574106
  81  9/   7 |           :      :  *   |      :      :           | -0.0019313502
  82 10/   7 |           :*     :      |      :      :           | -0.0057278824
  83 11/   7 |           :     *:      |      :      :           | -0.0035513002
  84 12/   7 +           :*     :      |      :      :           + -0.0059172130
  85  1/   8 |           :      :      |   *  :      :           |  0.0016031223
  86  2/   8 |           :      :     *|      :      :           | -0.0002890749
  87  3/   8 |           :      :      *      :      :           |  0.0001916886
  88  4/   8 |           :      :      |*     :      :           |  0.0005970718
  89  5/   8 |           :      :      |  *   :      :           |  0.0013271911
  90  6/   8 |           :*     :      |      :      :           | -0.0059786925
  91  7/   8 |           :      :      |      :*     :           |  0.0033644615
  92  8/   8 |           :     *:      |      :      :           | -0.0036557968
  93  9/   8 |           :      :    * |      :      :           | -0.0006777270
  94 10/   8 |           :      :      |*     :      :           |  0.0003950072
  95 11/   8 |           :      :      |     *:      :           |  0.0026293410
  96 12/   8 +           :      *      |      :      :           + -0.0032723560
  97  1/   9 |           :      :      |      :*     :           |  0.0036791596
  98  2/   9 |           :      :      |      *      :           |  0.0032268653
  99  3/   9 |           :      :      |*     :      :           |  0.0005886963
 100  4/   9 |           :      :      |*     :      :           |  0.0006030441
 101  5/   9 |           :      :      *      :      :           | -0.0001249745
 102  6/   9 |           :    * :      |      :      :           | -0.0039627567
 103  7/   9 |           :      :      | *    :      :           |  0.0007083864
 104  8/   9 |           :      :  *   |      :      :           | -0.0019839552
 105  9/   9 |           :      :      *      :      :           | -0.0000053988
 106 10/   9 |           :      :      |*     :      :           |  0.0003465014
 107 11/   9 |           :      :      |      :  *   :           |  0.0042888351
 108 12/   9 +           :      :*     |      :      :           + -0.0029019059
 109  1/  10 |           :      :      |      *      :           |  0.0032033345
 110  2/  10>|           :      :      |      :      *           |> 0.0064435170
 111  3/  10 |           :      :      |    * :      :           |  0.0023775544
 112  4/  10 |           :      :     *|      :      :           | -0.0003524927
 113  5/  10 |           :      :      | *    :      :           |  0.0008433017
 114  6/  10 |           :*     :      |      :      :           | -0.0057775956
 115  7/  10 |           :      :      |     *:      :           |  0.0026622748
 116  8/  10 |           :      :   *  |      :      :           | -0.0015262103
 117  9/  10 |           :      :      |*     :      :           |  0.0003533832
 118 10/  10 |           :      :      |    * :      :           |  0.0023085099
 119 11/  10 |           :      :      |      : *    :           |  0.0038237087
 120 12/  10 +           :   *  :      |      :      :           + -0.0042702887
 121  1/  11 |           :      :      |   *  :      :           |  0.0018870938
 122  2/  11 |           :      :      |      :     *:           |  0.0060487431
 123  3/  11 |           :      :      *      :      :           |  0.0002184434
 124  4/  11 |           :      :   *  |      :      :           | -0.0015305843
 125  5/  11 |           :      :      | *    :      :           |  0.0007133669
 126  6/  11 |           :*     :      |      :      :           | -0.0056216310
 127  7/  11 |           :      :      |      : *    :           |  0.0040455799
 128  8/  11 |           :      :*     |      :      :           | -0.0028190297
 129  9/  11 |           :      :      *      :      :           |  0.0000824336
 130 10/  11 |           :      :    * |      :      :           | -0.0008756755
 131 11/  11 |           :      :      |    * :      :           |  0.0023904343
 132 12/  11 +           *      :      |      :      :           + -0.0061316612
 133  1/  12 |           :      :      |*     :      :           |  0.0006570978
 134  2/  12 |           :      :      |      :    * :           |  0.0053522925
 135  3/  12 |           :      : *    |      :      :           | -0.0022961308
 136  4/  12 |           :      :    * |      :      :           | -0.0010804024
 137  5/  12 |           :      :      | *    :      :           |  0.0009024088
 138  6/  12 |           :    * :      |      :      :           | -0.0040907915
 139  7/  12 |           :      :      |    * :      :           |  0.0024305709
 140  8/  12 |           :      *      |      :      :           | -0.0032839728
 141  9/  12 |           :      *      |      :      :           | -0.0031057095
 142 10/  12 |           :      :  *   |      :      :           | -0.0015826405
 143 11/  12 |           :      :      |     *:      :           |  0.0026882224
 144 12/  12>+           *      :      |      :      :           +>-0.0064863098
 145  1/  13 |           :      :      |      *      :           |  0.0032079275
 146  2/  13 |           :      :      |     *:      :           |  0.0028325867
 147  3/  13 |           :      : *    |      :      :           | -0.0020935209
 148  4/  13 |           :      :   *  |      :      :           | -0.0012598479
 149  5/  13 |           :      :     *|      :      :           | -0.0002523198
 150  6/  13 |           :  *   :      |      :      :           | -0.0047074923
 151  7/  13 |           :      :      |    * :      :           |  0.0023076152
 152  8/  13 |           : *    :      |      :      :           | -0.0053686741
 153  9/  13 |           :      :  *   |      :      :           | -0.0018644200
 154 10/  13 |           :      :  *   |      :      :           | -0.0019407690
 155 11/  13 |           :      :      *      :      :           | -0.0000697694
 156 12/  13>+*          :      :      |      :      :           +>-0.0111975387
 157  1/  14 |           :      :      |      :*     :           |  0.0036684413
 158  2/  14 |           :      :      |      :   *  :           |  0.0051407495
 159  3/  14 |           :      :     *|      :      :           | -0.0003308162
 160  4/  14 |           :      :      | *    :      :           |  0.0008531249
 161  5/  14 |           :      :    * |      :      :           | -0.0009489610
 162  6/  14 |           : *    :      |      :      :           | -0.0051832898
 163  7/  14 |           :      :      |  *   :      :           |  0.0014355682
 164  8/  14 |           :*     :      |      :      :           | -0.0056143067
 165  9/  14 |           :      :  *   |      :      :           | -0.0019440963
 166 10/  14 |           :      :*     |      :      :           | -0.0028199728
 167 11/  14 |           :      :      |    * :      :           |  0.0020556467
 168 12/  14>+   *       :      :      |      :      :           +>-0.0097020706
 169  1/  15 |           :      :     *|      :      :           | -0.0005132121
 170  2/  15 |           :      :      |      :  *   :           |  0.0046569614
 171  3/  15 |           :      :    * |      :      :           | -0.0009126742
 172  4/  15 |           :      :      |     *:      :           |  0.0026858716
 173  5/  15 |           :      :      | *    :      :           |  0.0010543442
 174  6/  15 |           :  *   :      |      :      :           | -0.0048446836
 175  7/  15 |           :      :      |  *   :      :           |  0.0013972667
 176  8/  15 |           :     *:      |      :      :           | -0.0036821738
 177  9/  15 |           :      :   *  |      :      :           | -0.0015183647
 178 10/  15 |           :      :    * |      :      :           | -0.0011141278
 179 11/  15 |           :      :      |      :*     :           |  0.0036852966
 180 12/  15 +           :      *      |      :      :           + -0.0029931933
 181  1/  16 |           :      :      *      :      :           |  0.0001461083
 182  2/  16 |           :      :      |      :  *   :           |  0.0044722667
 183  3/  16 |           :      :     *|      :      :           | -0.0004324612
 184  4/  16 |           :      :  *   |      :      :           | -0.0016872352
 185  5/  16 |           :      :      *      :      :           | -0.0001353666
 186  6/  16 |           :  *   :      |      :      :           | -0.0050975531
 187  7/  16 |           :      :      |     *:      :           |  0.0028504729
 188  8/  16 |           :      :*     |      :      :           | -0.0027452000
 189  9/  16 |           :      :    * |      :      :           | -0.0009698811
 190 10/  16 |           :      :      |*     :      :           |  0.0005575518
 191 11/  16 |           :      :      |      :*     :           |  0.0035507204
 192 12/  16 +           :      :  *   |      :      :           + -0.0016069664
 193  1/  17 |           :      :  *   |      :      :           | -0.0018755354
 194  2/  17>|           :      :      |      :      :  *        |> 0.0074726108
 195  3/  17 |           :      :      |  *   :      :           |  0.0014814016
 196  4/  17 |           :      :      |   *  :      :           |  0.0019394493
 197  5/  17 |           :      :     *|      :      :           | -0.0002830708
 198  6/  17 |           :      :  *   |      :      :           | -0.0018056074
 199  7/  17 |           :      :      |      *      :           |  0.0032709125
 200  8/  17 |           :     *:      |      :      :           | -0.0036878266
 201  9/  17 |           :      :    * |      :      :           | -0.0010772249
 202 10/  17 |           :      :*     |      :      :           | -0.0027506876
 203 11/  17 |           :      :      *      :      :           |  0.0001478082
 204 12/  17 +           : *    :      |      :      :           + -0.0054229654
 205  1/  18 |           :      :  *   |      :      :           | -0.0015842427
 206  2/  18 |           :      :      |      :     *:           |  0.0056968788
 207  3/  18 |           :      :      |      *      :           |  0.0029249364
 208  4/  18 |           :      :    * |      :      :           | -0.0010453588
 209  5/  18 |           :      :      |   *  :      :           |  0.0017117254
 210  6/  18 |           :      *      |      :      :           | -0.0030426426
 211  7/  18 |           :      :      |   *  :      :           |  0.0019923123
 212  8/  18 |           :   *  :      |      :      :           | -0.0046086728
 213  9/  18 |           :      :*     |      :      :           | -0.0027156988
 214 10/  18 |           :      :     *|      :      :           | -0.0002586089
 215 11/  18 |           :      :      |      :   *  :           |  0.0051275983
-------------+----+------+------+------+------+------+------+----+--------------
                 -3     -2     -1      0     +1     +2     +3     

                 +------------------------------------------+
                 |       Table of standardized values       |
                 |       greater than or equal to 2.0       |
                 +------------------------------------------+
                 |                                          |
                 | Observation    Date   Standardized value |
                 |                                          |
                 |     36       12/   3        -2.35        |
                 |    110        2/  10         2.08        |
                 |    144       12/  12        -2.10        |
                 |    156       12/  13        -3.62        |
                 |    168       12/  14        -3.14        |
                 |    194        2/  17         2.41        |
                 +------------------------------------------+

Standardized time series histogram:

       -4      -3      -2      -1       0      +1      +2      +3      +4
        +---+---+---+---+---+---+---+---+---+---+---+---+---+---+---+---+
        |                                 44                            |
        |                                .... 40                         |
        |                                ........                        |
        |                             35 ........                        |
        |                         32 ............                        |
        |                        ................                        |
        |                        ................                        |
        |                        ................                        |
        |                        ................                        |
        |                        ................ 18                     |
        |                 14 15  ....................                    |
        |                ............................                    |
        |                ............................ 11                 |
        |                ................................                |
        |                ................................                |
        |  1  1      2   ...............................2                |
        |........    ........................................            |
        +---+---+---+---+---+---+---+---+---+---+---+---+---+---+---+---+
       -4      -3      -2      -1       0      +1      +2      +3      +4

              64 values outside (-1,+1): 29.77 % (31.74 % expected)
               6 values outside (-2,+2):  2.79 % ( 4.56 % expected)

Autocorrelation function (acf bands =  0.136):

            -1                         0                         1  L-B Q  DF
-------------+-------------------------+-------------------------+--------------
   1  -0.069 |                      :**|  :                      | 
   2   0.013 |                      :  |  :                      | 
   3   0.093 |                      :  |**:                      | 
   4   0.022 |                      :  |* :                      | 
   5  -0.213 |                    *****|  :                      | 
   6   0.191 |                      :  |*****                    | 
   7  -0.189 |                    *****|  :                      | 
   8  -0.008 |                      :  |  :                      | 
   9   0.084 |                      :  |**:                      | 
  10   0.001 |                      :  |  :                      | 
  11  -0.172 |                     ****|  :                      | 
  12   0.639 +                      :  |++++++++++++++++         + 131.51  12
  13  -0.184 |                    *****|  :                      | 
  14  -0.037 |                      : *|  :                      | 
  15   0.075 |                      :  |**:                      | 
  16  -0.040 |                      : *|  :                      | 
  17  -0.210 |                    *****|  :                      | 
  18   0.185 |                      :  |*****                    | 
  19  -0.205 |                    *****|  :                      | 
  20   0.010 |                      :  |  :                      | 
  21   0.108 |                      :  |***                      | 
  22   0.003 |                      :  |  :                      | 
  23  -0.208 |                    *****|  :                      | 
  24   0.607 +                      :  |+++++++++++++++          + 273.36  24
  25  -0.126 |                      ***|  :                      | 
  26  -0.005 |                      :  |  :                      | 
  27   0.060 |                      :  |**:                      | 
  28  -0.042 |                      : *|  :                      | 
  29  -0.223 |                   ******|  :                      | 
  30   0.191 |                      :  |*****                    | 
  31  -0.218 |                    *****|  :                      | 
  32  -0.016 |                      :  |  :                      | 
  33   0.064 |                      :  |**:                      | 
  34  -0.006 |                      :  |  :                      | 
  35  -0.188 |                    *****|  :                      | 
  36   0.552 +                      :  |++++++++++++++           + 402.04  36
  37  -0.118 |                      ***|  :                      | 
  38  -0.040 |                      : *|  :                      | 
  39   0.037 |                      :  |* :                      | 
  40  -0.033 |                      : *|  :                      | 
  41  -0.193 |                    *****|  :                      | 
  42   0.193 |                      :  |*****                    | 426.90  42
-------------+-------------------------+-------------------------+--------------
            -1                         0                         1  L-B Q  DF

Partial autocorrelation function (pacf bands =  0.136):

            -1                         0                         1
-------------+-------------------------+-------------------------+--------------
   1  -0.069 |                      :**|  :                      | 
   2   0.009 |                      :  |  :                      | 
   3   0.095 |                      :  |**:                      | 
   4   0.035 |                      :  |* :                      | 
   5  -0.215 |                    *****|  :                      | 
   6   0.162 |                      :  |****                     | 
   7  -0.180 |                    *****|  :                      | 
   8   0.015 |                      :  |  :                      | 
   9   0.074 |                      :  |**:                      | 
  10  -0.020 |                      :  |  :                      | 
  11  -0.104 |                      ***|  :                      | 
  12   0.598 +                      :  |+++++++++++++++          + 
  13  -0.275 |                  *******|  :                      | 
  14   0.003 |                      :  |  :                      | 
  15   0.006 |                      :  |  :                      | 
  16  -0.150 |                     ****|  :                      | 
  17   0.071 |                      :  |**:                      | 
  18  -0.033 |                      : *|  :                      | 
  19  -0.095 |                      :**|  :                      | 
  20   0.128 |                      :  |***                      | 
  21  -0.020 |                      :  |  :                      | 
  22  -0.017 |                      :  |  :                      | 
  23  -0.005 |                      :  |  :                      | 
  24   0.281 +                      :  |+++++++                  + 
  25   0.008 |                      :  |  :                      | 
  26   0.022 |                      :  |* :                      | 
  27  -0.072 |                      :**|  :                      | 
  28  -0.033 |                      : *|  :                      | 
  29  -0.040 |                      : *|  :                      | 
  30   0.019 |                      :  |  :                      | 
  31  -0.067 |                      :**|  :                      | 
  32  -0.030 |                      : *|  :                      | 
  33  -0.051 |                      : *|  :                      | 
  34   0.003 |                      :  |  :                      | 
  35   0.081 |                      :  |**:                      | 
  36   0.087 +                      :  |++:                      + 
  37   0.025 |                      :  |* :                      | 
  38  -0.060 |                      : *|  :                      | 
  39  -0.045 |                      : *|  :                      | 
  40   0.046 |                      :  |* :                      | 
  41   0.015 |                      :  |  :                      | 
  42  -0.017 |                      :  |  :                      | 
-------------+-------------------------+-------------------------+--------------
            -1                         0                         1


--- Cross-correlation functions between residuals ---

CROSS CORRELATION a[2] - a[1]
      a[2] --> a[1] IF k > 0
      a[1] --> a[2] IF k < 0
CCF BANDS  2.0/SQRT(N) =  0.13640:

            -1                         0                         1
-------------+-------------------------+-------------------------+--------------
  -9   0.100 |                      :  |***                      |                            
  -8   0.112 |                      :  |***                      |                            
  -7  -0.113 |                      ***|  :                      |                            
  -6   0.100 |                      :  |***                      |                            
  -5  -0.237 |                   ******|  :                      |                            
  -4   0.224 |                      :  |******                   |                            
  -3  -0.074 |                      :**|  :                      |                            
  -2  -0.021 |                      : *|  :                      |                            
  -1  -0.019 |                      :  |  :                      |                            
   0   0.342 |                      :  |*********                |                            
   1   0.015 |                      :  |  :                      |                            
   2  -0.107 |                      ***|  :                      |                            
   3   0.097 |                      :  |**:                      |                            
   4   0.065 |                      :  |**:                      |                            
   5  -0.118 |                      ***|  :                      |                            
   6   0.112 |                      :  |***                      |                            
   7  -0.159 |                     ****|  :                      |                            
   8   0.210 |                      :  |*****                    |                            
   9  -0.033 |                      : *|  :                      |                            
-------------+-------------------------+-------------------------+--------------
            -1                         0                         1
Q(10) = 52.739     k >= 0      Q( 9) = 27.301      k > 0
Q(10) = 60.655     k <= 0      Q( 9) = 35.217      k < 0

CROSS CORRELATION a[3] - a[1]
      a[3] --> a[1] IF k > 0
      a[1] --> a[3] IF k < 0
CCF BANDS  2.0/SQRT(N) =  0.13640:

            -1                         0                         1
-------------+-------------------------+-------------------------+--------------
  -9  -0.097 |                      :**|  :                      |                            
  -8   0.126 |                      :  |***                      |                            
  -7  -0.213 |                    *****|  :                      |                            
  -6   0.390 |                      :  |**********               |                            
  -5  -0.128 |                      ***|  :                      |                            
  -4   0.187 |                      :  |*****                    |                            
  -3  -0.216 |                    *****|  :                      |                            
  -2   0.101 |                      :  |***                      |                            
  -1  -0.138 |                      ***|  :                      |                            
   0   0.665 |                      :  |*****************        |                            
   1  -0.114 |                      ***|  :                      |                            
   2  -0.030 |                      : *|  :                      |                            
   3  -0.101 |                      ***|  :                      |                            
   4   0.098 |                      :  |**:                      |                            
   5  -0.209 |                    *****|  :                      |                            
   6   0.396 |                      :  |**********               |                            
   7  -0.067 |                      :**|  :                      |                            
   8   0.165 |                      :  |****                     |                            
   9  -0.214 |                    *****|  :                      |                            
-------------+-------------------------+-------------------------+--------------
            -1                         0                         1
Q(10) = 165.548     k >= 0      Q( 9) = 69.621      k > 0
Q(10) = 173.937     k <= 0      Q( 9) = 78.009      k < 0

CROSS CORRELATION a[3] - a[2]
      a[3] --> a[2] IF k > 0
      a[2] --> a[3] IF k < 0
CCF BANDS  2.0/SQRT(N) =  0.13640:

            -1                         0                         1
-------------+-------------------------+-------------------------+--------------
  -9   0.104 |                      :  |***                      |                            
  -8   0.211 |                      :  |*****                    |                            
  -7  -0.221 |                   ******|  :                      |                            
  -6  -0.023 |                      : *|  :                      |                            
  -5  -0.056 |                      : *|  :                      |                            
  -4  -0.161 |                     ****|  :                      |                            
  -3   0.120 |                      :  |***                      |                            
  -2  -0.039 |                      : *|  :                      |                            
  -1  -0.011 |                      :  |  :                      |                            
   0   0.582 |                      :  |***************          |                            
   1  -0.009 |                      :  |  :                      |                            
   2   0.003 |                      :  |  :                      |                            
   3   0.062 |                      :  |**:                      |                            
   4   0.196 |                      :  |*****                    |                            
   5  -0.273 |                  *******|  :                      |                            
   6  -0.020 |                      : *|  :                      |                            
   7   0.012 |                      :  |  :                      |                            
   8  -0.181 |                    *****|  :                      |                            
   9   0.132 |                      :  |***                      |                            
-------------+-------------------------+-------------------------+--------------
            -1                         0                         1
Q(10) = 110.709     k >= 0      Q( 9) = 37.310      k > 0
Q(10) = 106.884     k <= 0      Q( 9) = 33.484      k < 0

=============================================================
