Input Data File  : IPC_eu_levels.inp
Output File      : IPC_eu_levels.out
Model: VARMA(2,0)
Include mean     : yes
Diagonal AR      : no
Diagonal MA      : no
Diagonal Cov     : no
Estimation method: 1
Two-step init    : no
Frequency        : 12
Start            : 1 2002
Box-Cox lambda   : 0
Differences      : d=1, D=0 (seasonal lag=12)
Series names     : y1 y2 y3
Observations     : 215 (raw 216)

Number of parameters: 27
AFTER 0 ITERATIONS: 
OBJECTIVE FUNCTION = 1.000000000000000 
    i           x[i]             g[i] 
    1         0.001540         0.076269 
    2         0.001126        -0.651442 
    3         0.001144        -1.078459 
    4         0.328539        -0.001345 
    5        -0.027929         0.020112 
    6         0.218953         0.013059 
    7         0.266093         0.006917 
    8        -0.264185        -0.018260 
    9         0.169644        -0.008861 
   10        -0.014898        -0.000026 
   11         0.111492        -0.001452 
   12         0.046665        -0.002307 
   13        -0.085386        -0.002459 
   14         0.149810        -0.006176 
   15        -0.041950        -0.003839 
   16         0.000128         0.003969 
   17         0.027251         0.007491 
   18        -0.082617         0.003092 
   19        -0.113012         0.000109 
   20         0.118474         0.003125 
   21         0.071853         0.003516 
   22         1.000000        -0.382664 
   23         0.487409         0.041599 
   24         1.000000         0.488199 
   25         0.516965         0.138390 
   26         0.534892        -0.110241 
   27         1.000000        -0.138386 

STEP LENGTH =         0.000003
STEP LENGTH =         0.000004
STEP LENGTH =         0.000003
STEP LENGTH =         0.049999
STEP LENGTH =         0.100000
STEP LENGTH =         0.122424
STEP LENGTH =         0.100000
STEP LENGTH =         0.354715
STEP LENGTH =         0.100000
STEP LENGTH =         0.171730
AFTER 10 ITERATIONS: 
OBJECTIVE FUNCTION = 0.860689920831549 
    i           x[i]             g[i] 
    1         0.001544         0.176767 
    2         0.001130        -0.175055 
    3         0.001149         0.147190 
    4         0.331999         0.009730 
    5        -0.034627         0.006379 
    6         0.217774         0.006784 
    7         0.260128         0.015954 
    8        -0.253031         0.008971 
    9         0.171328         0.006826 
   10        -0.018700        -0.024476 
   11         0.111900        -0.014523 
   12         0.045745        -0.013506 
   13        -0.085414         0.005326 
   14         0.149820         0.003033 
   15        -0.040510         0.004609 
   16         0.002619         0.021760 
   17         0.026349         0.011232 
   18        -0.082722         0.016074 
   19        -0.114015        -0.024005 
   20         0.115935        -0.012217 
   21         0.068377        -0.018074 
   22         1.168184        -0.028350 
   23         0.420311         0.047255 
   24         0.630028         0.027183 
   25         0.559661        -0.027423 
   26         0.425647        -0.064973 
   27         1.051124         0.037230 

STEP LENGTH =         0.191527
STEP LENGTH =         1.000000
STEP LENGTH =         0.305981
STEP LENGTH =         0.319965
STEP LENGTH =         0.331640
STEP LENGTH =         1.000000
STEP LENGTH =         1.000000
STEP LENGTH =         1.000000
STEP LENGTH =         1.000000
STEP LENGTH =         1.000000
AFTER 20 ITERATIONS: 
OBJECTIVE FUNCTION = 0.859453083150096 
    i           x[i]             g[i] 
    1         0.001542         0.000530 
    2         0.001129        -0.001459 
    3         0.001148         0.000302 
    4         0.331145         0.000023 
    5        -0.036012         0.000023 
    6         0.217155         0.000006 
    7         0.259819        -0.000010 
    8        -0.253330         0.000063 
    9         0.171124         0.000034 
   10        -0.016469        -0.000001 
   11         0.113618        -0.000018 
   12         0.047371        -0.000030 
   13        -0.085105        -0.000011 
   14         0.148968         0.000013 
   15        -0.040752        -0.000008 
   16         0.001334         0.000027 
   17         0.025797        -0.000007 
   18        -0.083907         0.000001 
   19        -0.111420        -0.000022 
   20         0.116806         0.000026 
   21         0.070285        -0.000002 
   22         1.183687         0.000001 
   23         0.416738        -0.000079 
   24         0.615468        -0.000031 
   25         0.569631        -0.000075 
   26         0.425807         0.000122 
   27         1.028315         0.000040 

STEP LENGTH =         1.000000
STEP LENGTH =         1.000000
STEP LENGTH =         1.000000
STEP LENGTH =         1.000000
STEP LENGTH =         1.000000
STEP LENGTH =         1.000000
STEP LENGTH =         0.454851
STEP LENGTH =         1.000000
STEP LENGTH =         1.000000
STEP LENGTH =         1.000000

**** CONVERGED:

AFTER 30 ITERATIONS: 
OBJECTIVE FUNCTION = 0.859453074628666 
    i           x[i]             g[i] 
    1         0.001542        -0.000001 
    2         0.001129         0.000000 
    3         0.001148         0.000000 
    4         0.331139         0.000000 
    5        -0.036084         0.000000 
    6         0.217186        -0.000000 
    7         0.259833        -0.000000 
    8        -0.253389         0.000000 
    9         0.171135         0.000000 
   10        -0.016476        -0.000000 
   11         0.113565        -0.000000 
   12         0.047404         0.000000 
   13        -0.085069        -0.000000 
   14         0.148902        -0.000000 
   15        -0.040725         0.000000 
   16         0.001346         0.000000 
   17         0.025765         0.000000 
   18        -0.083891        -0.000000 
   19        -0.111384         0.000000 
   20         0.116739         0.000000 
   21         0.070306        -0.000000 
   22         1.183725        -0.000000 
   23         0.416764         0.000000 
   24         0.615464         0.000000 
   25         0.569652         0.000000 
   26         0.425784        -0.000000 
   27         1.028264         0.000000 



=============================================================
  Estimated Parameters and Standard Deviations               
=============================================================

                        Parameter     Estimate    Std.Error   t-stat  p-val
--------------------------------------------------------------------
mu[1]                   0.001542     0.000231    6.670 0.0000 ***
mu[2]                   0.001129     0.000160    7.050 0.0000 ***
mu[3]                   0.001148     0.000170    6.753 0.0000 ***
phi[1]_11              0.331139     0.080822    4.097 0.0000 ***
phi[1]_12             -0.036084     0.115769   -0.312 0.7553    
phi[1]_13              0.217186     0.084271    2.577 0.0100 ** 
phi[1]_21              0.259833     0.058380    4.451 0.0000 ***
phi[1]_22             -0.253389     0.087323   -2.902 0.0037 ** 
phi[1]_23              0.171135     0.063550    2.693 0.0071 ** 
phi[1]_31             -0.016476     0.074010   -0.223 0.8238    
phi[1]_32              0.113565     0.110535    1.027 0.3042    
phi[1]_33              0.047404     0.079342    0.597 0.5502    
phi[2]_11             -0.085069     0.078379   -1.085 0.2778    
phi[2]_12              0.148902     0.111723    1.333 0.1826    
phi[2]_13             -0.040725     0.080794   -0.504 0.6142    
phi[2]_21              0.001346     0.060183    0.022 0.9822    
phi[2]_22              0.025765     0.085392    0.302 0.7629    
phi[2]_23             -0.083891     0.061643   -1.361 0.1735    
phi[2]_31             -0.111384     0.073830   -1.509 0.1314    
phi[2]_32              0.116739     0.107455    1.086 0.2773    
phi[2]_33              0.070306     0.075666    0.929 0.3528    
cov[1,1]               1.183725     0.077854   15.204 0.0000 ***
cov[2,1]               0.416764     0.052741    7.902 0.0000 ***
cov[2,2]               0.615464     0.069424    8.865 0.0000 ***
cov[3,1]               0.569652     0.054842   10.387 0.0000 ***
cov[3,2]               0.425784     0.052572    8.099 0.0000 ***
cov[3,3]               1.028264     0.084623   12.151 0.0000 ***
--------------------------------------------------------------------
Signif. codes:  0 '***' 0.001 '**' 0.01 '*' 0.05 '.' 0.1 ' ' 1



=============================================================
           JOINT HYPOTHESIS TESTS (WALD)                    
=============================================================

Test of joint significance of last lag (AR(2) and MA(0)):
  Wald chi2(9) = 9.4119, p-value = 0.4002
  Conclusion: Cannot reject H0 → last lag is not significant.

Test of joint significance of last AR lag (AR(2)):
  Wald chi2(9) = 9.4119, p-value = 0.4002
  Conclusion: Cannot reject H0 → last AR lag is not significant.

Test of joint significance of all cross effects:
  H0: all cross coefficients = 0
  Wald chi2(12) = 58.3641, p-value = 0.0000
  Conclusion: REJECT H0 → cross effects are jointly significant.

--- Directional cross-effects tests ---

Variable 1: effects of other variables on it:
  H0: all coefficients in equation 1 from other vars = 0
  Wald chi2(4) = 11.7331, p-value = 0.0194
  Conclusion: REJECT H0 → variable 1 is influenced by others.

Variable 1: effects of it on other variables:
  H0: all coefficients of variable 1 in other equations = 0
  Wald chi2(4) = 32.6111, p-value = 0.0000
  Conclusion: REJECT H0 → variable 1 influences others.

Variable 2: effects of other variables on it:
  H0: all coefficients in equation 2 from other vars = 0
  Wald chi2(4) = 36.1067, p-value = 0.0000
  Conclusion: REJECT H0 → variable 2 is influenced by others.

Variable 2: effects of it on other variables:
  H0: all coefficients of variable 2 in other equations = 0
  Wald chi2(4) = 3.9961, p-value = 0.4065
  Conclusion: Cannot reject H0 → variable 2 does not influence others.

Variable 3: effects of other variables on it:
  H0: all coefficients in equation 3 from other vars = 0
  Wald chi2(4) = 2.9717, p-value = 0.5626
  Conclusion: Cannot reject H0 → variable 3 is not influenced by others.

Variable 3: effects of it on other variables:
  H0: all coefficients of variable 3 in other equations = 0
  Wald chi2(4) = 13.7939, p-value = 0.0080
  Conclusion: REJECT H0 → variable 3 influences others.


=============================================================
           ORTHOGONALIZED IMPULSE RESPONSE FUNCTIONS        
=============================================================
Shocks are orthogonalized via Cholesky decomposition of Sigma Matrix.
Order of variables: as in the model.

Shock a la variable 1:
Horizonte   var1   var2   var3
    0    0.0025  0.0009  0.0012
    1    0.0011  0.0006  0.0001
    2    0.0002  0.0001 -0.0000
    3    0.0001  0.0000 -0.0000
    4    0.0000  0.0000 -0.0000
    5   -0.0000  0.0000 -0.0000
    6   -0.0000  0.0000 -0.0000
    7    0.0000  0.0000 -0.0000
    8    0.0000  0.0000 -0.0000
    9    0.0000  0.0000 -0.0000
   10    0.0000  0.0000 -0.0000
   11    0.0000  0.0000 -0.0000
   12    0.0000  0.0000 -0.0000
   13    0.0000  0.0000 -0.0000
   14    0.0000  0.0000 -0.0000
   15    0.0000  0.0000 -0.0000
   16    0.0000  0.0000 -0.0000
   17    0.0000  0.0000 -0.0000
   18    0.0000  0.0000 -0.0000
   19    0.0000  0.0000 -0.0000
   20    0.0000  0.0000 -0.0000

Shock a la variable 2:
Horizonte   var1   var2   var3
    0    0.0000  0.0016  0.0008
    1    0.0001 -0.0003  0.0002
    2    0.0003  0.0001  0.0002
    3    0.0001  0.0001 -0.0000
    4    0.0000 -0.0000  0.0000
    5    0.0000  0.0000 -0.0000
    6   -0.0000 -0.0000 -0.0000
    7   -0.0000  0.0000 -0.0000
    8   -0.0000 -0.0000 -0.0000
    9    0.0000 -0.0000  0.0000
   10    0.0000  0.0000  0.0000
   11    0.0000  0.0000  0.0000
   12    0.0000  0.0000  0.0000
   13    0.0000  0.0000 -0.0000
   14    0.0000  0.0000 -0.0000
   15    0.0000  0.0000 -0.0000
   16   -0.0000 -0.0000 -0.0000
   17    0.0000  0.0000 -0.0000
   18    0.0000  0.0000 -0.0000
   19    0.0000  0.0000 -0.0000
   20    0.0000  0.0000 -0.0000

Shock a la variable 3:
Horizonte   var1   var2   var3
    0    0.0000  0.0000  0.0019
    1    0.0004  0.0003  0.0001
    2    0.0001 -0.0001  0.0002
    3    0.0001  0.0001 -0.0000
    4   -0.0000 -0.0000 -0.0000
    5    0.0000  0.0000 -0.0000
    6   -0.0000 -0.0000 -0.0000
    7   -0.0000 -0.0000 -0.0000
    8   -0.0000  0.0000 -0.0000
    9   -0.0000 -0.0000  0.0000
   10    0.0000  0.0000  0.0000
   11    0.0000 -0.0000  0.0000
   12    0.0000  0.0000  0.0000
   13    0.0000 -0.0000 -0.0000
   14   -0.0000 -0.0000 -0.0000
   15   -0.0000  0.0000 -0.0000
   16   -0.0000 -0.0000 -0.0000
   17   -0.0000  0.0000  0.0000
   18   -0.0000 -0.0000  0.0000
   19    0.0000  0.0000  0.0000
   20    0.0000  0.0000  0.0000


=============================================================
  LONG‑RUN GAIN, SHOCK STD. DEVIATIONS AND MEAN LAG        
=============================================================

Structural shock standard deviations (one‑s.d. shock size):
  Shock 1 : 0.0025
  Shock 2 : 0.0016
  Shock 3 : 0.0019

Shock to variable 1:
  Variable 1 : gain =   0.0039  mean lag =   0.44 months
  Variable 2 : gain =   0.0016  mean lag =   0.56 months
  Variable 3 : gain =   0.0012  mean lag =  -0.12 months

Shock to variable 2:
  Variable 1 : gain =   0.0005  mean lag =   1.99 months
  Variable 2 : gain =   0.0015  mean lag =   0.08 months
  Variable 3 : gain =   0.0012  mean lag =   0.50 months

Shock to variable 3:
  Variable 1 : gain =   0.0005  mean lag =   1.33 months
  Variable 2 : gain =   0.0003  mean lag =   0.96 months
  Variable 3 : gain =   0.0021  mean lag =   0.18 months
=============================================================



=============================================================
           FORECAST ERROR VARIANCE DECOMPOSITION             
=============================================================
Values are percentages of forecast error variance accounted for by each shock.
Shocks are orthogonalized via Cholesky decomposition.

Variable 1:
Horizonte   shock1   shock2   shock3
    1    100.00    0.00    0.00
    2     97.71    0.15    2.13
    3     96.56    1.29    2.15
    4     96.42    1.37    2.21
    5     96.42    1.37    2.21
    6     96.42    1.37    2.21
    7     96.42    1.37    2.21
    8     96.42    1.37    2.21
    9     96.42    1.37    2.21
   10     96.42    1.37    2.21
   11     96.42    1.37    2.21
   12     96.42    1.37    2.21
   13     96.42    1.37    2.21
   14     96.42    1.37    2.21
   15     96.42    1.37    2.21
   16     96.42    1.37    2.21
   17     96.42    1.37    2.21
   18     96.42    1.37    2.21
   19     96.42    1.37    2.21
   20     96.42    1.37    2.21

Variable 2:
Horizonte   shock1   shock2   shock3
    1     23.84   76.16    0.00
    2     30.74   66.65    2.61
    3     30.60   66.46    2.94
    4     30.56   66.36    3.08
    5     30.55   66.36    3.09
    6     30.55   66.36    3.09
    7     30.55   66.36    3.09
    8     30.55   66.36    3.09
    9     30.55   66.36    3.09
   10     30.55   66.36    3.09
   11     30.55   66.36    3.09
   12     30.55   66.36    3.09
   13     30.55   66.36    3.09
   14     30.55   66.36    3.09
   15     30.55   66.36    3.09
   16     30.55   66.36    3.09
   17     30.55   66.36    3.09
   18     30.55   66.36    3.09
   19     30.55   66.36    3.09
   20     30.55   66.36    3.09

Variable 3:
Horizonte   shock1   shock2   shock3
    1     26.66   10.52   62.82
    2     26.58   11.23   62.19
    3     26.24   11.91   61.84
    4     26.26   11.91   61.83
    5     26.26   11.91   61.83
    6     26.26   11.91   61.83
    7     26.26   11.91   61.83
    8     26.26   11.91   61.83
    9     26.26   11.91   61.83
   10     26.26   11.91   61.83
   11     26.26   11.91   61.83
   12     26.26   11.91   61.83
   13     26.26   11.91   61.83
   14     26.26   11.91   61.83
   15     26.26   11.91   61.83
   16     26.26   11.91   61.83
   17     26.26   11.91   61.83
   18     26.26   11.91   61.83
   19     26.26   11.91   61.83
   20     26.26   11.91   61.83



=============================================================
           MULTIVARIATE RESIDUAL DIAGNOSTICS                
=============================================================

Hosking's Multivariate Portmanteau Test (lag 14):
  Q(126) = 172.1665, p-value = 0.0040
  *** REJECT H0: residuals are not white noise.

Multivariate Jarque-Bera Test (normality):
  JB(6) = 3.9773, p-value = 0.6797
  Cannot reject H0: residuals appear normal.
=============================================================

Normalized model:
mu vector:
      0.001542
      0.001129
      0.001148
phi(1) matrix:
      0.331139     -0.036084      0.217186
      0.259833     -0.253389      0.171135
     -0.016476      0.113565      0.047404
phi(2) matrix:
     -0.085069      0.148902     -0.040725
      0.001346      0.025765     -0.083891
     -0.111384      0.116739      0.070306
Q matrix:
      1.183725
      0.416764      0.615464
      0.569652      0.425784      1.028264
Sigma = sigma2 * Q:
      0.000006
      0.000002      0.000003
      0.000003      0.000002      0.000006

Inverse roots of |phi(B)|=0:
      0.212160     -0.179367 i  (modulus     0.277821)
      0.212160      0.179367 i  (modulus     0.277821)
     -0.215977     -0.130535 i  (modulus     0.252359)
     -0.215977      0.130535 i  (modulus     0.252359)
      0.308640      0.000000 i  (modulus     0.308640)
     -0.175851      0.000000 i  (modulus     0.175851)



=============================================================
                RESIDUAL DIAGNOSTICS                         
=============================================================

--- Residual series a[1] ---
Unconditional residuals (seasonal period: 12)
215 observations: from 1/1 to 11/18

                  Mean:           0.000001
Standard error of mean:           0.000172
              Variance:           0.000006
    Standard deviation:           0.002528
              Skewness:          -0.069683
              Kurtosis:           0.000529
               Minimum:          -0.007484 at 12/14 (observation 168)
               Maximum:           0.006824 at  8/11 (observation 128)

Standardized time series plot (original values on right-side column):

                     -2       -1       0      +1       +2         
-------------+--------+--------+-------+-------+--------+--------+--------------
   1  1/   1 |        :        :       | *     :        :        |  0.0005724091
   2  2/   1 |        :        :       |     * :        :        |  0.0017912811
   3  3/   1 |        :        :       |  *    :        :        |  0.0008655194
   4  4/   1 |        :        :       |    *  :        :        |  0.0014323439
   5  5/   1 |        :        :*      |       :        :        | -0.0020245551
   6  6/   1 |        :        :       |       *        :        |  0.0022862223
   7  7/   1 |        :        :       |  *    :        :        |  0.0008514274
   8  8/   1 |        :        :       |     * :        :        |  0.0016908257
   9  9/   1 |        :        :       *       :        :        |  0.0000569788
  10 10/   1 |        :        :   *   |       :        :        | -0.0011385446
  11 11/   1 |        :        :       |       :   *    :        |  0.0035612662
  12 12/   1>+        :        :       |       :        :   *    +> 0.0063445224
  13  1/   2 |        :        :  *    |       :        :        | -0.0014106346
  14  2/   2 |        :        :       *       :        :        |  0.0000349137
  15  3/   2 |        :   *    :       |       :        :        | -0.0038850772
  16  4/   2 |        :        :  *    |       :        :        | -0.0014957109
  17  5/   2 |        :        :       |   *   :        :        |  0.0011357090
  18  6/   2 |        :        :       |    *  :        :        |  0.0015391521
  19  7/   2 |        :        :       |       *        :        |  0.0023200574
  20  8/   2 |        :        :       |*      :        :        |  0.0002905034
  21  9/   2 |        :        *       |       :        :        | -0.0023733137
  22 10/   2 |        :        :       |  *    :        :        |  0.0009770276
  23 11/   2 |        :        :       |  *    :        :        |  0.0008162815
  24 12/   2 +        :        :       |       :    *   :        +  0.0039446286
  25  1/   3 |        :        :*      |       :        :        | -0.0021682830
  26  2/   3 |        :        :       |    *  :        :        |  0.0014751745
  27  3/   3 |        :        :       |   *   :        :        |  0.0010964850
  28  4/   3 |        :        :       |       :*       :        |  0.0026928920
  29  5/   3 |        :        :    *  |       :        :        | -0.0010416691
  30  6/   3 |        :        :       |*      :        :        |  0.0004169902
  31  7/   3 |        :        :       |       :*       :        |  0.0028359539
  32  8/   3 |        :        :   *   |       :        :        | -0.0011564321
  33  9/   3 |        :        :       |       *        :        |  0.0022761320
  34 10/   3 |        :        :    *  |       :        :        | -0.0010116001
  35 11/   3 |        :        : *     |       :        :        | -0.0016670079
  36 12/   3 +        :        :       |       *        :        +  0.0023126174
  37  1/   4 |        :        :       |     * :        :        |  0.0018374165
  38  2/   4 |        :        :       |      *:        :        |  0.0020217593
  39  3/   4 |        :        :       |    *  :        :        |  0.0015532326
  40  4/   4 |        :        :     * |       :        :        | -0.0004971343
  41  5/   4 |        :        :       |  *    :        :        |  0.0008391131
  42  6/   4 |        :        :       |   *   :        :        |  0.0012355402
  43  7/   4 |        :        :       |    *  :        :        |  0.0016268297
  44  8/   4 |        :        :       |       :   *    :        |  0.0034882678
  45  9/   4 |        :        :*      |       :        :        | -0.0019875633
  46 10/   4 |        :        :   *   |       :        :        | -0.0010909986
  47 11/   4 |        :        :       |      *:        :        |  0.0021361083
  48 12/   4>+        :        :       |       :        :   *    +> 0.0062419298
  49  1/   5 |        :        :*      |       :        :        | -0.0021210424
  50  2/   5 |        :        :       |    *  :        :        |  0.0015520912
  51  3/   5 |        :        :       |       : *      :        |  0.0029846592
  52  4/   5 |        :        :       *       :        :        | -0.0000347089
  53  5/   5 |        :        :       *       :        :        |  0.0000628234
  54  6/   5 |        :        :       | *     :        :        |  0.0005509597
  55  7/   5 |        :        :      *|       :        :        | -0.0002275673
  56  8/   5 |        :       *:       |       :        :        | -0.0027360247
  57  9/   5 |        :       *:       |       :        :        | -0.0026785351
  58 10/   5 |        :        :       |  *    :        :        |  0.0008795980
  59 11/   5 |        :        :       |      *:        :        |  0.0019807566
  60 12/   5 +        :        :       |       :*       :        +  0.0025776234
  61  1/   6 |        :        : *     |       :        :        | -0.0018930337
  62  2/   6 |        :        :       |       :*       :        |  0.0025553764
  63  3/   6 |        :        :       |       *        :        |  0.0025055783
  64  4/   6 |        :        :   *   |       :        :        | -0.0011369798
  65  5/   6 |        :        :       | *     :        :        |  0.0005467402
  66  6/   6 |        :        :     * |       :        :        | -0.0005916529
  67  7/   6 |        :        :    *  |       :        :        | -0.0008509604
  68  8/   6 |        :        :       |      *:        :        |  0.0022042802
  69  9/   6 |        :        :       |       :   *    :        |  0.0036628632
  70 10/   6 |        :        :       |       :*       :        |  0.0026709489
  71 11/   6 |        :        :       |  *    :        :        |  0.0008350165
  72 12/   6 +        :        :       |       :*       :        +  0.0027177472
  73  1/   7 |        :        :      *|       :        :        | -0.0003884842
  74  2/   7 |        :        :       |       : *      :        |  0.0030188534
  75  3/   7 |        :        :    *  |       :        :        | -0.0009058031
  76  4/   7 |        :        :       |       :        *        |  0.0049723042
  77  5/   7 |        :        :       |     * :        :        |  0.0017005468
  78  6/   7 |        :        :       *       :        :        | -0.0000678946
  79  7/   7>|        *        :       |       :        :        |>-0.0051931978
  80  8/   7 |        :        :       |*      :        :        |  0.0004060176
  81  9/   7 |        :   *    :       |       :        :        | -0.0039232888
  82 10/   7 |        :*       :       |       :        :        | -0.0048795873
  83 11/   7 |        :     *  :       |       :        :        | -0.0033681802
  84 12/   7 +        :        :       |*      :        :        +  0.0001651691
  85  1/   8 |        :        :       |*      :        :        |  0.0003769322
  86  2/   8 |        :   *    :       |       :        :        | -0.0039736428
  87  3/   8 |        :        :       |   *   :        :        |  0.0011884822
  88  4/   8 |        :        *       |       :        :        | -0.0023808305
  89  5/   8 |        :        :       |       :     *  :        |  0.0040826358
  90  6/   8 |        :    *   :       |       :        :        | -0.0036452311
  91  7/   8 |        :        :       |       : *      :        |  0.0030382793
  92  8/   8 |        :*       :       |       :        :        | -0.0048456713
  93  9/   8 |        :        :       |   *   :        :        |  0.0012348478
  94 10/   8 |        :        :       |       :*       :        |  0.0028300626
  95 11/   8 |        :        :*      |       :        :        | -0.0019779511
  96 12/   8 +        :        :      *|       :        :        + -0.0002502003
  97  1/   9 |        :        :*      |       :        :        | -0.0020776820
  98  2/   9 |        :        :       |       : *      :        |  0.0028538411
  99  3/   9 |        :        :  *    |       :        :        | -0.0016052965
 100  4/   9 |        :        :       |*      :        :        |  0.0002142100
 101  5/   9 |        :        :       | *     :        :        |  0.0005348631
 102  6/   9 |        :        :       |      *:        :        |  0.0021484505
 103  7/   9 |        :        :       |*      :        :        |  0.0004240043
 104  8/   9 |        :        :   *   |       :        :        | -0.0011832533
 105  9/   9 |        :        :       |      *:        :        |  0.0019579263
 106 10/   9 |        :        :       |       *        :        |  0.0023186134
 107 11/   9 |        :        :       |       :    *   :        |  0.0040297522
 108 12/   9 +        :        :       | *     :        :        +  0.0004710359
 109  1/  10 |        :        :       *       :        :        | -0.0001095259
 110  2/  10 |        :        :       |    *  :        :        |  0.0016121492
 111  3/  10 |        :        :       |   *   :        :        |  0.0010660807
 112  4/  10 |        :    *   :       |       :        :        | -0.0034431863
 113  5/  10 |        :        : *     |       :        :        | -0.0018250185
 114  6/  10 |        :        :       |     * :        :        |  0.0017474584
 115  7/  10 |        :        :   *   |       :        :        | -0.0011376698
 116  8/  10 |        :        :       |   *   :        :        |  0.0012939407
 117  9/  10 |        :        :     * |       :        :        | -0.0006933302
 118 10/  10 |        :        :       |    *  :        :        |  0.0016086366
 119 11/  10 |        :        :     * |       :        :        | -0.0005699105
 120 12/  10 +        :        :   *   |       :        :        + -0.0012646292
 121  1/  11 |        :        :       *       :        :        | -0.0000873283
 122  2/  11 |        :        :       |  *    :        :        |  0.0009471708
 123  3/  11 |        :        :       |       : *      :        |  0.0031215325
 124  4/  11>|        *        :       |       :        :        |>-0.0050869815
 125  5/  11 |        :        :   *   |       :        :        | -0.0012968081
 126  6/  11>|        :        :       |       :        :*       |> 0.0052617685
 127  7/  11 |        :        :       |      *:        :        |  0.0019899223
 128  8/  11>|        :        :       |       :        :     *  |> 0.0068238173
 129  9/  11 |        :        :*      |       :        :        | -0.0020733057
 130 10/  11 |        :       *:       |       :        :        | -0.0028381340
 131 11/  11 |        :        :       |  *    :        :        |  0.0007541243
 132 12/  11 +        :     *  :       |       :        :        + -0.0032812683
 133  1/  12 |        :        :       |      *:        :        |  0.0020488026
 134  2/  12 |        :        :*      |       :        :        | -0.0022152472
 135  3/  12>|       *:        :       |       :        :        |>-0.0055088419
 136  4/  12 |        :        :       |      *:        :        |  0.0019783355
 137  5/  12 |        :        :     * |       :        :        | -0.0007452581
 138  6/  12 |        :        :       |   *   :        :        |  0.0010794954
 139  7/  12 |        :        :       | *     :        :        |  0.0004843767
 140  8/  12 |        :    *   :       |       :        :        | -0.0035198854
 141  9/  12 |        :        *       |       :        :        | -0.0024780306
 142 10/  12 |        :        :       |   *   :        :        |  0.0012540275
 143 11/  12 |        :        :     * |       :        :        | -0.0005632162
 144 12/  12 +        :   *    :       |       :        :        + -0.0039233304
 145  1/  13 |        :        :       | *     :        :        |  0.0005569348
 146  2/  13 |        :       *:       |       :        :        | -0.0027371072
 147  3/  13 |        :        :      *|       :        :        | -0.0001752089
 148  4/  13 |        :        : *     |       :        :        | -0.0017431372
 149  5/  13 |        :        :       *       :        :        |  0.0001385481
 150  6/  13 |        :     *  :       |       :        :        | -0.0033899579
 151  7/  13 |        :        :       |  *    :        :        |  0.0008436953
 152  8/  13 |        :        :       *       :        :        | -0.0000089019
 153  9/  13 |        :     *  :       |       :        :        | -0.0031678705
 154 10/  13 |        :        :   *   |       :        :        | -0.0011615463
 155 11/  13>|    *   :        :       |       :        :        |>-0.0061716934
 156 12/  13 +        :     *  :       |       :        :        + -0.0034297426
 157  1/  14 |        :        :       |       :     *  :        |  0.0040551677
 158  2/  14 |        :        :       |*      :        :        |  0.0003937974
 159  3/  14 |        :        : *     |       :        :        | -0.0017740538
 160  4/  14 |        :        :       |     * :        :        |  0.0018080691
 161  5/  14 |        :        :       |*      :        :        |  0.0004406508
 162  6/  14 |        :     *  :       |       :        :        | -0.0034315508
 163  7/  14 |        :    *   :       |       :        :        | -0.0037175703
 164  8/  14 |        :       *:       |       :        :        | -0.0026956498
 165  9/  14 |        :        :       *       :        :        | -0.0000079949
 166 10/  14 |        :        :       |     * :        :        |  0.0017863970
 167 11/  14 |        :      * :       |       :        :        | -0.0031212771
 168 12/  14>+*       :        :       |       :        :        +>-0.0074841286
 169  1/  15 |        :        :    *  |       :        :        | -0.0008474297
 170  2/  15 |        :        :       |       :*       :        |  0.0027762004
 171  3/  15 |        :  *     :       |       :        :        | -0.0042630836
 172  4/  15 |        :        :       |       :    *   :        |  0.0038847742
 173  5/  15 |        :        :       |   *   :        :        |  0.0012780403
 174  6/  15 |        :        :*      |       :        :        | -0.0022191488
 175  7/  15 |        :        :       *       :        :        | -0.0001208183
 176  8/  15 |        :        :    *  |       :        :        | -0.0009246596
 177  9/  15 |        :        :       |       :    *   :        |  0.0039476276
 178 10/  15 |        :        :       *       :        :        | -0.0000160294
 179 11/  15>|        :        :       |       :        :   *    |> 0.0063057221
 180 12/  15 +        :        :       |    *  :        :        +  0.0014725854
 181  1/  16 |        :*       :       |       :        :        | -0.0047163877
 182  2/  16 |        :   *    :       |       :        :        | -0.0040006686
 183  3/  16 |        :        :       |     * :        :        |  0.0018198669
 184  4/  16 |        : *      :       |       :        :        | -0.0043980683
 185  5/  16 |        :        :       |*      :        :        |  0.0004313446
 186  6/  16 |        :        :   *   |       :        :        | -0.0012433608
 187  7/  16 |        :        :       |*      :        :        |  0.0001882538
 188  8/  16 |        :        :       |*      :        :        |  0.0001753446
 189  9/  16 |        :        :       |    *  :        :        |  0.0014280347
 190 10/  16 |        :        :       |      *:        :        |  0.0020848950
 191 11/  16 |        :        :      *|       :        :        | -0.0002823386
 192 12/  16 +        :        : *     |       :        :        + -0.0016593283
 193  1/  17 |        :        :       |    *  :        :        |  0.0014442238
 194  2/  17 |        : *      :       |       :        :        | -0.0044646821
 195  3/  17 |        :        :       *       :        :        |  0.0001274131
 196  4/  17>|        :        :       |       :        : *      |> 0.0055878410
 197  5/  17 |        :        *       |       :        :        | -0.0022477678
 198  6/  17 |        :        :  *    |       :        :        | -0.0014133160
 199  7/  17 |        :        :       *       :        :        | -0.0000125093
 200  8/  17 |        :        :       | *     :        :        |  0.0006357093
 201  9/  17 |        :        :       |  *    :        :        |  0.0008852939
 202 10/  17 |        :   *    :       |       :        :        | -0.0038324932
 203 11/  17 |        :      * :       |       :        :        | -0.0029838924
 204 12/  17 +        :        :  *    |       :        :        + -0.0014633638
 205  1/  18 |        :        :       |       :   *    :        |  0.0036151234
 206  2/  18 |        :        *       |       :        :        | -0.0023274743
 207  3/  18 |        :        :       |    *  :        :        |  0.0014042031
 208  4/  18 |        :      * :       |       :        :        | -0.0028843010
 209  5/  18 |        :        *       |       :        :        | -0.0025401774
 210  6/  18 |        :        :       *       :        :        |  0.0001119470
 211  7/  18 |        :      * :       |       :        :        | -0.0029194072
 212  8/  18 |        :        :     * |       :        :        | -0.0004680461
 213  9/  18 |        :        :       |       *        :        |  0.0023250851
 214 10/  18 |        :        :   *   |       :        :        | -0.0011057103
 215 11/  18 |        :        :       |*      :        :        |  0.0003951866
-------------+--------+--------+-------+-------+--------+--------+--------------
                     -2       -1       0      +1       +2         

                 +------------------------------------------+
                 |       Table of standardized values       |
                 |       greater than or equal to 2.0       |
                 +------------------------------------------+
                 |                                          |
                 | Observation    Date   Standardized value |
                 |                                          |
                 |     12       12/   1         2.51        |
                 |     48       12/   4         2.47        |
                 |     79        7/   7        -2.05        |
                 |    124        4/  11        -2.01        |
                 |    126        6/  11         2.08        |
                 |    128        8/  11         2.70        |
                 |    135        3/  12        -2.18        |
                 |    155       11/  13        -2.44        |
                 |    168       12/  14        -2.96        |
                 |    179       11/  15         2.49        |
                 |    196        4/  17         2.21        |
                 +------------------------------------------+

Standardized time series histogram:

       -4      -3      -2      -1       0      +1      +2      +3      +4
        +---+---+---+---+---+---+---+---+---+---+---+---+---+---+---+---+
        |                                 46                            |
        |                                ....                            |
        |                                .... 39                         |
        |                             36 ........                        |
        |                            ............                        |
        |                            ............                        |
        |                         27 ............                        |
        |                        ................                        |
        |                        ................                        |
        |                     20 ................                        |
        |                    .................... 17                     |
        |                 12 ........................                    |
        |                ............................                    |
        |                ............................  7                 |
        |              4 ................................ 4              |
        |          1 ........................................ 2          |
        |        ................................................        |
        +---+---+---+---+---+---+---+---+---+---+---+---+---+---+---+---+
       -4      -3      -2      -1       0      +1      +2      +3      +4

              67 values outside (-1,+1): 31.16 % (31.74 % expected)
              11 values outside (-2,+2):  5.12 % ( 4.56 % expected)

Autocorrelation function (acf bands =  0.136):

            -1                         0                         1  L-B Q  DF
-------------+-------------------------+-------------------------+--------------
   1   0.002 |                      :  |  :                      | 
   2  -0.005 |                      :  |  :                      | 
   3   0.025 |                      :  |* :                      | 
   4   0.040 |                      :  |* :                      | 
   5   0.103 |                      :  |***                      | 
   6   0.043 |                      :  |* :                      | 
   7   0.027 |                      :  |* :                      | 
   8   0.005 |                      :  |  :                      | 
   9   0.066 |                      :  |**:                      | 
  10   0.013 |                      :  |  :                      | 
  11   0.046 |                      :  |* :                      | 
  12   0.019 +                      :  |  :                      +   5.04  12
  13   0.056 |                      :  |* :                      | 
  14  -0.022 |                      : *|  :                      | 
  15   0.026 |                      :  |* :                      | 
  16   0.036 |                      :  |* :                      | 
  17   0.032 |                      :  |* :                      | 
  18   0.051 |                      :  |* :                      | 
  19  -0.006 |                      :  |  :                      | 
  20   0.117 |                      :  |***                      | 
  21   0.065 |                      :  |**:                      | 
  22   0.027 |                      :  |* :                      | 
  23  -0.055 |                      : *|  :                      | 
  24   0.005 +                      :  |  :                      +  12.38  24
  25   0.010 |                      :  |  :                      | 
  26   0.077 |                      :  |**:                      | 
  27  -0.005 |                      :  |  :                      | 
  28  -0.028 |                      : *|  :                      | 
  29   0.046 |                      :  |* :                      | 
  30   0.065 |                      :  |**:                      | 
  31   0.037 |                      :  |* :                      | 
  32   0.037 |                      :  |* :                      | 
  33  -0.012 |                      :  |  :                      | 
  34   0.037 |                      :  |* :                      | 
  35   0.007 |                      :  |  :                      | 
  36   0.031 +                      :  |+ :                      +  16.99  36
  37  -0.054 |                      : *|  :                      | 
  38   0.039 |                      :  |* :                      | 
  39   0.059 |                      :  |* :                      | 
  40   0.000 |                      :  |  :                      | 
  41   0.008 |                      :  |  :                      | 
  42  -0.028 |                      : *|  :                      |  19.31  42
-------------+-------------------------+-------------------------+--------------
            -1                         0                         1  L-B Q  DF

Partial autocorrelation function (pacf bands =  0.136):

            -1                         0                         1
-------------+-------------------------+-------------------------+--------------
   1   0.002 |                      :  |  :                      | 
   2  -0.005 |                      :  |  :                      | 
   3   0.025 |                      :  |* :                      | 
   4   0.040 |                      :  |* :                      | 
   5   0.104 |                      :  |***                      | 
   6   0.043 |                      :  |* :                      | 
   7   0.027 |                      :  |* :                      | 
   8  -0.001 |                      :  |  :                      | 
   9   0.057 |                      :  |* :                      | 
  10  -0.001 |                      :  |  :                      | 
  11   0.038 |                      :  |* :                      | 
  12   0.010 +                      :  |  :                      + 
  13   0.051 |                      :  |* :                      | 
  14  -0.037 |                      : *|  :                      | 
  15   0.018 |                      :  |  :                      | 
  16   0.020 |                      :  |* :                      | 
  17   0.025 |                      :  |* :                      | 
  18   0.036 |                      :  |* :                      | 
  19  -0.006 |                      :  |  :                      | 
  20   0.109 |                      :  |***                      | 
  21   0.057 |                      :  |* :                      | 
  22   0.014 |                      :  |  :                      | 
  23  -0.068 |                      :**|  :                      | 
  24  -0.015 +                      :  |  :                      + 
  25  -0.023 |                      : *|  :                      | 
  26   0.055 |                      :  |* :                      | 
  27  -0.019 |                      :  |  :                      | 
  28  -0.022 |                      : *|  :                      | 
  29   0.030 |                      :  |* :                      | 
  30   0.060 |                      :  |* :                      | 
  31   0.016 |                      :  |  :                      | 
  32   0.041 |                      :  |* :                      | 
  33  -0.030 |                      : *|  :                      | 
  34   0.035 |                      :  |* :                      | 
  35  -0.019 |                      :  |  :                      | 
  36   0.021 +                      :  |+ :                      + 
  37  -0.084 |                      :**|  :                      | 
  38   0.024 |                      :  |* :                      | 
  39   0.039 |                      :  |* :                      | 
  40  -0.004 |                      :  |  :                      | 
  41  -0.011 |                      :  |  :                      | 
  42  -0.038 |                      : *|  :                      | 
-------------+-------------------------+-------------------------+--------------
            -1                         0                         1


--- Residual series a[2] ---
Unconditional residuals (seasonal period: 12)
215 observations: from 1/1 to 11/18

                  Mean:          -0.000003
Standard error of mean:           0.000124
              Variance:           0.000003
    Standard deviation:           0.001822
              Skewness:           0.020754
              Kurtosis:          -0.097108
               Minimum:          -0.004897 at 12/14 (observation 168)
               Maximum:           0.004506 at  4/7 (observation  76)

Standardized time series plot (original values on right-side column):

                   -2        -1        0       +1        +2       
-------------+------+---------+--------+--------+---------+------+--------------
   1  1/   1 |      :      *  :        |        :         :      | -0.0024148460
   2  2/   1 |      :   *     :        |        :         :      | -0.0028983582
   3  3/   1 |      :         :        |    *   :         :      |  0.0008916725
   4  4/   1 |      :         :       *|        :         :      | -0.0001497672
   5  5/   1 |      :         : *      |        :         :      | -0.0014440508
   6  6/   1 |      :         :        |        :        *:      |  0.0036164605
   7  7/   1 |      :         :  *     |        :         :      | -0.0011848515
   8  8/   1 |      :         :        |        :   *     :      |  0.0024723092
   9  9/   1 |      :         :        |    *   :         :      |  0.0009544768
  10 10/   1 |      :         :        | *      :         :      |  0.0003753807
  11 11/   1 |      :         :      * |        :         :      | -0.0003760553
  12 12/   1>+      :         :        |        :         :  *   +> 0.0043985827
  13  1/   2 |      :         :        |        :*        :      |  0.0019203918
  14  2/   2 |      :       * :        |        :         :      | -0.0021297419
  15  3/   2 |      :*        :        |        :         :      | -0.0035406314
  16  4/   2 |      :     *   :        |        :         :      | -0.0025331896
  17  5/   2 |      :         :        |        *         :      |  0.0018291626
  18  6/   2 |      :         :        |        :*        :      |  0.0019083243
  19  7/   2 |      :         :  *     |        :         :      | -0.0011818824
  20  8/   2>|      :         :        |        :         *      |> 0.0037922614
  21  9/   2 |      :         :        |        :  *      :      |  0.0022910287
  22 10/   2 |      :         :        |        : *       :      |  0.0021567351
  23 11/   2 |      :         :  *     |        :         :      | -0.0012550496
  24 12/   2 +      :         :        |        :     *   :      +  0.0029588226
  25  1/   3 |      :         :      * |        :         :      | -0.0004702257
  26  2/   3 |      :         :*       |        :         :      | -0.0016444182
  27  3/   3 |      :         :      * |        :         :      | -0.0004621498
  28  4/   3 |      :         :        |      * :         :      |  0.0013688539
  29  5/   3 |      :         :    *   |        :         :      | -0.0008262636
  30  6/   3 |      :         :        |       *:         :      |  0.0015572473
  31  7/   3 |      :         : *      |        :         :      | -0.0013042302
  32  8/   3 |      :         :        |   *    :         :      |  0.0007076573
  33  9/   3 |      :         :        |        :    *    :      |  0.0028077050
  34 10/   3 |      :         :        | *      :         :      |  0.0003143273
  35 11/   3 |      :         :  *     |        :         :      | -0.0012281707
  36 12/   3 +      :      *  :        |        :         :      + -0.0024078101
  37  1/   4 |      :         :        |        : *       :      |  0.0021025509
  38  2/   4 |      :         :        *        :         :      |  0.0000348590
  39  3/   4 |      :         :    *   |        :         :      | -0.0008825229
  40  4/   4 |      :         :   *    |        :         :      | -0.0009772941
  41  5/   4 |      :         :       *|        :         :      | -0.0002799321
  42  6/   4 |      :         :        |       *:         :      |  0.0015041983
  43  7/   4 |      :         :      * |        :         :      | -0.0004285679
  44  8/   4>|      :         :        |        :         :  *   |> 0.0043406869
  45  9/   4 |      :         :   *    |        :         :      | -0.0010345318
  46 10/   4 |      :       * :        |        :         :      | -0.0020830988
  47 11/   4 |      :         : *      |        :         :      | -0.0013454374
  48 12/   4 +      :         :        |        *         :      +  0.0018288511
  49  1/   5 |      :         :   *    |        :         :      | -0.0009423342
  50  2/   5 |      : *       :        |        :         :      | -0.0033841805
  51  3/   5 |      :         :        |        *         :      |  0.0017706082
  52  4/   5 |      :         :        |       *:         :      |  0.0016088379
  53  5/   5 |      :         :        *        :         :      |  0.0000031208
  54  6/   5 |      :         :        |  *     :         :      |  0.0006474192
  55  7/   5 |      :         :     *  |        :         :      | -0.0005723193
  56  8/   5 |      :         :    *   |        :         :      | -0.0007670178
  57  9/   5 |      :        *:        |        :         :      | -0.0020433097
  58 10/   5 |      :         :        |     *  :         :      |  0.0010896879
  59 11/   5 |      :         :        *        :         :      |  0.0000548187
  60 12/   5 +      :         :     *  |        :         :      + -0.0006147059
  61  1/   6 |      : *       :        |        :         :      | -0.0032464505
  62  2/   6 |      :        *:        |        :         :      | -0.0018657720
  63  3/   6 |      :         :        |        : *       :      |  0.0021437105
  64  4/   6 |      :         :        *        :         :      | -0.0000586105
  65  5/   6 |      :         :        |    *   :         :      |  0.0010488935
  66  6/   6 |      :         :        |*       :         :      |  0.0002177235
  67  7/   6 |      :         :        *        :         :      |  0.0000328229
  68  8/   6 |      :         :        |        :    *    :      |  0.0028123598
  69  9/   6 |      :         :        |       *:         :      |  0.0015342814
  70 10/   6>|      :         :        |        :         :  *   |> 0.0043910838
  71 11/   6 |      :         :        |*       :         :      |  0.0002839940
  72 12/   6 +      :         :        |        :  *      :      +  0.0022851929
  73  1/   7 |      :        *:        |        :         :      | -0.0019932350
  74  2/   7 |      :         :        |   *    :         :      |  0.0008205081
  75  3/   7 |      :         :        |   *    :         :      |  0.0007898192
  76  4/   7>|      :         :        |        :         :   *  |> 0.0045058890
  77  5/   7 |      :         :        |       *:         :      |  0.0016141878
  78  6/   7 |      :         :        *        :         :      |  0.0000931337
  79  7/   7>|*     :         :        |        :         :      |>-0.0048112051
  80  8/   7 |      :         :        |      * :         :      |  0.0012889370
  81  9/   7 |      :         :   *    |        :         :      | -0.0009555521
  82 10/   7 |      :*        :        |        :         :      | -0.0034397723
  83 11/   7>|     *:         :        |        :         :      |>-0.0039836009
  84 12/   7 +      :         :        |*       :         :      +  0.0002232596
  85  1/   8 |      :         :        |  *     :         :      |  0.0005959699
  86  2/   8>|    * :         :        |        :         :      |>-0.0042058642
  87  3/   8 |      :         :        |  *     :         :      |  0.0005385199
  88  4/   8 |      :         :       *|        :         :      | -0.0002633198
  89  5/   8 |      :         :        |      * :         :      |  0.0013631263
  90  6/   8 |      :   *     :        |        :         :      | -0.0028749819
  91  7/   8 |      :         :        |        :*        :      |  0.0020463424
  92  8/   8 |      :        *:        |        :         :      | -0.0020020453
  93  9/   8 |      :         :        |        *         :      |  0.0017579824
  94 10/   8 |      :         :        |     *  :         :      |  0.0011686387
  95 11/   8 |      :         :       *|        :         :      | -0.0001616326
  96 12/   8 +      :         :        |     *  :         :      +  0.0011933766
  97  1/   9 |      :         :        |        :    *    :      |  0.0028041119
  98  2/   9 |      :         :        |*       :         :      |  0.0001095707
  99  3/   9 |      :         :     *  |        :         :      | -0.0006384314
 100  4/   9 |      :         :       *|        :         :      | -0.0001313205
 101  5/   9 |      :         :    *   |        :         :      | -0.0008192953
 102  6/   9 |      :         :      * |        :         :      | -0.0003582261
 103  7/   9 |      :         *        |        :         :      | -0.0018072139
 104  8/   9 |      :         :     *  |        :         :      | -0.0005164177
 105  9/   9 |      :         :        |     *  :         :      |  0.0010769100
 106 10/   9 |      :         :        |   *    :         :      |  0.0006857183
 107 11/   9 |      :         :        |     *  :         :      |  0.0012360476
 108 12/   9 +      :         :        |*       :         :      +  0.0001530139
 109  1/  10 |      :         :        |   *    :         :      |  0.0007993714
 110  2/  10 |      :         :        |        : *       :      |  0.0020678796
 111  3/  10 |      :         :        |      * :         :      |  0.0013618389
 112  4/  10 |      :         :  *     |        :         :      | -0.0011686776
 113  5/  10 |      :         :        |  *     :         :      |  0.0005749978
 114  6/  10 |      :         :  *     |        :         :      | -0.0011346414
 115  7/  10 |      :         :        |   *    :         :      |  0.0008478736
 116  8/  10 |      :         :        |  *     :         :      |  0.0006634148
 117  9/  10 |      :         :        |     *  :         :      |  0.0012564157
 118 10/  10 |      :         :        |        :     *   :      |  0.0030187192
 119 11/  10 |      :         :        |       *:         :      |  0.0014854400
 120 12/  10 +      :         :        |   *    :         :      +  0.0008356246
 121  1/  11 |      :         :        |*       :         :      |  0.0002382340
 122  2/  11 |      :         :        |        :   *     :      |  0.0024481645
 123  3/  11 |      :         :      * |        :         :      | -0.0004733627
 124  4/  11 |      :   *     :        |        :         :      | -0.0029882445
 125  5/  11 |      :         :        |*       :         :      |  0.0002285993
 126  6/  11 |      :         :    *   |        :         :      | -0.0008210277
 127  7/  11 |      :         :        |     *  :         :      |  0.0012137933
 128  8/  11 |      :      *  :        |        :         :      | -0.0023145499
 129  9/  11 |      :         : *      |        :         :      | -0.0014130398
 130 10/  11 |      :         : *      |        :         :      | -0.0014154771
 131 11/  11 |      :         :        |    *   :         :      |  0.0010388024
 132 12/  11 +      :         :   *    |        :         :      + -0.0010120592
 133  1/  12 |      :         :       *|        :         :      | -0.0001750901
 134  2/  12 |      :         :        |      * :         :      |  0.0012839237
 135  3/  12 |      :     *   :        |        :         :      | -0.0025323357
 136  4/  12 |      :         :        |  *     :         :      |  0.0005058855
 137  5/  12 |      :         :       *|        :         :      | -0.0001646955
 138  6/  12 |      :         :        *        :         :      | -0.0000013785
 139  7/  12 |      :         :        | *      :         :      |  0.0003403608
 140  8/  12 |      :         :  *     |        :         :      | -0.0012490227
 141  9/  12 |      :         :*       |        :         :      | -0.0016137893
 142 10/  12 |      :         :        | *      :         :      |  0.0003326301
 143 11/  12 |      :         :        |*       :         :      |  0.0002877961
 144 12/  12 +      :         :*       |        :         :      + -0.0016285169
 145  1/  13 |      :         :        |        :     *   :      |  0.0029661190
 146  2/  13 |      :         :     *  |        :         :      | -0.0006565098
 147  3/  13 |      :         :*       |        :         :      | -0.0015490066
 148  4/  13 |      :         :*       |        :         :      | -0.0016020750
 149  5/  13 |      :         :    *   |        :         :      | -0.0007042786
 150  6/  13 |      :         :   *    |        :         :      | -0.0010209786
 151  7/  13 |      :         :        |       *:         :      |  0.0015174001
 152  8/  13 |      :     *   :        |        :         :      | -0.0024836562
 153  9/  13 |      :         :  *     |        :         :      | -0.0012617420
 154 10/  13 |      :         :     *  |        :         :      | -0.0006836913
 155 11/  13 |      :         :*       |        :         :      | -0.0015952119
 156 12/  13>+    * :         :        |        :         :      +>-0.0041835193
 157  1/  14>|      :         :        |        :         :*     |> 0.0038353694
 158  2/  14 |      :         :        | *      :         :      |  0.0004669827
 159  3/  14 |      :         :   *    |        :         :      | -0.0009996032
 160  4/  14 |      :         :        |*       :         :      |  0.0002174576
 161  5/  14 |      :        *:        |        :         :      | -0.0018671036
 162  6/  14 |      :       * :        |        :         :      | -0.0020786746
 163  7/  14 |      :         :        *        :         :      |  0.0000694024
 164  8/  14 |      :         :*       |        :         :      | -0.0015987876
 165  9/  14 |      :         :        | *      :         :      |  0.0003122983
 166 10/  14 |      :         *        |        :         :      | -0.0016879213
 167 11/  14 |      :         :       *|        :         :      | -0.0001257747
 168 12/  14>+*     :         :        |        :         :      +>-0.0048970146
 169  1/  15 |      :         :        | *      :         :      |  0.0002962626
 170  2/  15 |      :         :        |        : *       :      |  0.0021718628
 171  3/  15 |      :         *        |        :         :      | -0.0017224832
 172  4/  15 |      :         :        |        :     *   :      |  0.0030219572
 173  5/  15 |      :         :      * |        :         :      | -0.0003115340
 174  6/  15 |      :         *        |        :         :      | -0.0017133557
 175  7/  15 |      :         :      * |        :         :      | -0.0004441291
 176  8/  15 |      :         :  *     |        :         :      | -0.0010932843
 177  9/  15 |      :         :    *   |        :         :      | -0.0007623458
 178 10/  15 |      :         : *      |        :         :      | -0.0014176898
 179 11/  15 |      :         :        |     *  :         :      |  0.0011820056
 180 12/  15 +      :         :   *    |        :         :      + -0.0009293829
 181  1/  16 |      :     *   :        |        :         :      | -0.0025429764
 182  2/  16 |      :         :        |    *   :         :      |  0.0009628333
 183  3/  16 |      :         :        |    *   :         :      |  0.0009591257
 184  4/  16 |      :       * :        |        :         :      | -0.0021108562
 185  5/  16 |      :         :        | *      :         :      |  0.0003035978
 186  6/  16 |      :         : *      |        :         :      | -0.0013233015
 187  7/  16 |      :         :        |       *:         :      |  0.0014686106
 188  8/  16 |      :         :       *|        :         :      | -0.0002863964
 189  9/  16 |      :         :        *        :         :      | -0.0000107196
 190 10/  16 |      :         :        |   *    :         :      |  0.0007148596
 191 11/  16 |      :         :        |   *    :         :      |  0.0008549230
 192 12/  16 +      :         :        |        :  *      :      +  0.0023941626
 193  1/  17 |      :      *  :        |        :         :      | -0.0024269203
 194  2/  17 |      :         :        |        :        *:      |  0.0034389354
 195  3/  17 |      :         :        |       *:         :      |  0.0016530314
 196  4/  17 |      :         :        |        :   *     :      |  0.0025473676
 197  5/  17 |      :     *   :        |        :         :      | -0.0025806346
 198  6/  17 |      :         :        |       *:         :      |  0.0014704550
 199  7/  17 |      :         :        |        *         :      |  0.0017991447
 200  8/  17 |      :         :    *   |        :         :      | -0.0008586283
 201  9/  17 |      :         :     *  |        :         :      | -0.0006106856
 202 10/  17 |      :     *   :        |        :         :      | -0.0025984593
 203 11/  17 |      :         :   *    |        :         :      | -0.0008896750
 204 12/  17 +      :         :        *        :         :      +  0.0000377848
 205  1/  18 |      :         *        |        :         :      | -0.0016977730
 206  2/  18 |      :         :        |    *   :         :      |  0.0010260968
 207  3/  18 |      :         :        |        :  *      :      |  0.0022787076
 208  4/  18 |      :         *        |        :         :      | -0.0018476954
 209  5/  18 |      :         :        |        : *       :      |  0.0020793408
 210  6/  18 |      :         :        |      * :         :      |  0.0012795248
 211  7/  18 |      :         :        |     *  :         :      |  0.0011828527
 212  8/  18 |      :         : *      |        :         :      | -0.0013661154
 213  9/  18 |      :         :*       |        :         :      | -0.0015769197
 214 10/  18 |      :         :      * |        :         :      | -0.0003562658
 215 11/  18 |      :         :        |        :       * :      |  0.0033866343
-------------+------+---------+--------+--------+---------+------+--------------
                   -2        -1        0       +1        +2       

                 +------------------------------------------+
                 |       Table of standardized values       |
                 |       greater than or equal to 2.0       |
                 +------------------------------------------+
                 |                                          |
                 | Observation    Date   Standardized value |
                 |                                          |
                 |     12       12/   1         2.42        |
                 |     20        8/   2         2.08        |
                 |     44        8/   4         2.38        |
                 |     70       10/   6         2.41        |
                 |     76        4/   7         2.47        |
                 |     79        7/   7        -2.64        |
                 |     83       11/   7        -2.18        |
                 |     86        2/   8        -2.31        |
                 |    156       12/  13        -2.29        |
                 |    157        1/  14         2.11        |
                 |    168       12/  14        -2.69        |
                 +------------------------------------------+

Standardized time series histogram:

       -4      -3      -2      -1       0      +1      +2      +3      +4
        +---+---+---+---+---+---+---+---+---+---+---+---+---+---+---+---+
        |                                 41                            |
        |                         38 36  ....                            |
        |                        ............ 34                         |
        |                        ................                        |
        |                        ................                        |
        |                        ................                        |
        |                        ................                        |
        |                        ................                        |
        |                     20 ................18                      |
        |                    ........................                    |
        |                    ........................                    |
        |                    ........................                    |
        |                    ........................ 10                 |
        |                  7 ............................ 6              |
        |              3 ....................................            |
        |          2 ........................................            |
        |        ............................................            |
        +---+---+---+---+---+---+---+---+---+---+---+---+---+---+---+---+
       -4      -3      -2      -1       0      +1      +2      +3      +4

              66 values outside (-1,+1): 30.70 % (31.74 % expected)
              11 values outside (-2,+2):  5.12 % ( 4.56 % expected)

Autocorrelation function (acf bands =  0.136):

            -1                         0                         1  L-B Q  DF
-------------+-------------------------+-------------------------+--------------
   1  -0.008 |                      :  |  :                      | 
   2   0.011 |                      :  |  :                      | 
   3   0.005 |                      :  |  :                      | 
   4   0.137 |                      :  |***                      | 
   5  -0.033 |                      : *|  :                      | 
   6  -0.030 |                      : *|  :                      | 
   7  -0.010 |                      :  |  :                      | 
   8  -0.030 |                      : *|  :                      | 
   9   0.025 |                      :  |* :                      | 
  10  -0.089 |                      :**|  :                      | 
  11  -0.020 |                      :  |  :                      | 
  12   0.147 +                      :  |++++                     +  11.93  12
  13  -0.013 |                      :  |  :                      | 
  14  -0.090 |                      :**|  :                      | 
  15   0.017 |                      :  |  :                      | 
  16  -0.019 |                      :  |  :                      | 
  17  -0.040 |                      : *|  :                      | 
  18  -0.074 |                      :**|  :                      | 
  19  -0.040 |                      : *|  :                      | 
  20   0.060 |                      :  |* :                      | 
  21   0.107 |                      :  |***                      | 
  22   0.058 |                      :  |* :                      | 
  23  -0.090 |                      :**|  :                      | 
  24   0.129 +                      :  |+++                      +  26.46  24
  25   0.051 |                      :  |* :                      | 
  26   0.043 |                      :  |* :                      | 
  27  -0.020 |                      :  |  :                      | 
  28  -0.050 |                      : *|  :                      | 
  29  -0.033 |                      : *|  :                      | 
  30  -0.057 |                      : *|  :                      | 
  31  -0.028 |                      : *|  :                      | 
  32  -0.001 |                      :  |  :                      | 
  33  -0.018 |                      :  |  :                      | 
  34   0.014 |                      :  |  :                      | 
  35  -0.060 |                      : *|  :                      | 
  36  -0.006 +                      :  |  :                      +  30.66  36
  37  -0.050 |                      : *|  :                      | 
  38   0.012 |                      :  |  :                      | 
  39  -0.046 |                      : *|  :                      | 
  40   0.001 |                      :  |  :                      | 
  41  -0.002 |                      :  |  :                      | 
  42   0.009 |                      :  |  :                      |  31.93  42
-------------+-------------------------+-------------------------+--------------
            -1                         0                         1  L-B Q  DF

Partial autocorrelation function (pacf bands =  0.136):

            -1                         0                         1
-------------+-------------------------+-------------------------+--------------
   1  -0.008 |                      :  |  :                      | 
   2   0.011 |                      :  |  :                      | 
   3   0.006 |                      :  |  :                      | 
   4   0.137 |                      :  |***                      | 
   5  -0.032 |                      : *|  :                      | 
   6  -0.034 |                      : *|  :                      | 
   7  -0.011 |                      :  |  :                      | 
   8  -0.049 |                      : *|  :                      | 
   9   0.035 |                      :  |* :                      | 
  10  -0.082 |                      :**|  :                      | 
  11  -0.020 |                      : *|  :                      | 
  12   0.163 +                      :  |++++                     + 
  13  -0.024 |                      : *|  :                      | 
  14  -0.075 |                      :**|  :                      | 
  15   0.019 |                      :  |  :                      | 
  16  -0.071 |                      :**|  :                      | 
  17  -0.026 |                      : *|  :                      | 
  18  -0.054 |                      : *|  :                      | 
  19  -0.050 |                      : *|  :                      | 
  20   0.089 |                      :  |**:                      | 
  21   0.109 |                      :  |***                      | 
  22   0.095 |                      :  |**:                      | 
  23  -0.084 |                      :**|  :                      | 
  24   0.057 +                      :  |+ :                      + 
  25   0.034 |                      :  |* :                      | 
  26   0.041 |                      :  |* :                      | 
  27  -0.007 |                      :  |  :                      | 
  28  -0.088 |                      :**|  :                      | 
  29  -0.031 |                      : *|  :                      | 
  30  -0.036 |                      : *|  :                      | 
  31  -0.007 |                      :  |  :                      | 
  32   0.021 |                      :  |* :                      | 
  33  -0.069 |                      :**|  :                      | 
  34   0.030 |                      :  |* :                      | 
  35  -0.015 |                      :  |  :                      | 
  36  -0.046 +                      : +|  :                      + 
  37  -0.061 |                      :**|  :                      | 
  38   0.015 |                      :  |  :                      | 
  39  -0.012 |                      :  |  :                      | 
  40   0.046 |                      :  |* :                      | 
  41  -0.002 |                      :  |  :                      | 
  42   0.001 |                      :  |  :                      | 
-------------+-------------------------+-------------------------+--------------
            -1                         0                         1


--- Residual series a[3] ---
Unconditional residuals (seasonal period: 12)
215 observations: from 1/1 to 11/18

                  Mean:          -0.000002
Standard error of mean:           0.000161
              Variance:           0.000006
    Standard deviation:           0.002357
              Skewness:           0.177062
              Kurtosis:           0.536656
               Minimum:          -0.005777 at 11/13 (observation 155)
               Maximum:           0.008291 at  3/18 (observation 207)

Standardized time series plot (original values on right-side column):

                 -3     -2     -1      0     +1     +2     +3     
-------------+----+------+------+------+------+------+------+----+--------------
   1  1/   1 |           :      : *    |      :      :           | -0.0015263281
   2  2/   1 |           :      :   *  |      :      :           | -0.0010922719
   3  3/   1 |           :      :  *   |      :      :           | -0.0014432253
   4  4/   1 |           :      :      *      :      :           |  0.0000756671
   5  5/   1 |           :      :  *   |      :      :           | -0.0013955395
   6  6/   1 |           :      : *    |      :      :           | -0.0017127359
   7  7/   1 |           :      :  *   |      :      :           | -0.0014751980
   8  8/   1 |           :      :      | *    :      :           |  0.0006422586
   9  9/   1 |           :      :   *  |      :      :           | -0.0011506559
  10 10/   1 |           :      : *    |      :      :           | -0.0015354542
  11 11/   1 |           :      :      |      :   *  :           |  0.0036233889
  12 12/   1>+           :      :      |      :      : *         +> 0.0052336892
  13  1/   2 |           :      :      |*     :      :           |  0.0004916164
  14  2/   2 |           :*     :      |      :      :           | -0.0044104946
  15  3/   2 |           :   *  :      |      :      :           | -0.0032895155
  16  4/   2 |           :    * :      |      :      :           | -0.0031052746
  17  5/   2 |           :      :      |      : *    :           |  0.0029329624
  18  6/   2 |           :      :*     |      :      :           | -0.0020592679
  19  7/   2 |           :      :    * |      :      :           | -0.0005010596
  20  8/   2 |           :      :      | *    :      :           |  0.0007578619
  21  9/   2 |           :      :      *      :      :           | -0.0000255628
  22 10/   2 |           :      :    * |      :      :           | -0.0007470396
  23 11/   2 |           :      :      |    * :      :           |  0.0016635861
  24 12/   2>+           :      :      |      :      : *         +> 0.0052356557
  25  1/   3 |           :    * :      |      :      :           | -0.0031310859
  26  2/   3 |           :      :     *|      :      :           | -0.0002939946
  27  3/   3 |           :      :      |     *:      :           |  0.0019550791
  28  4/   3 |           :      :      |  *   :      :           |  0.0010926304
  29  5/   3 |           :      : *    |      :      :           | -0.0017403229
  30  6/   3 |           :      :*     |      :      :           | -0.0018342313
  31  7/   3 |           :      :      |   *  :      :           |  0.0013244109
  32  8/   3 |           :      :*     |      :      :           | -0.0019186507
  33  9/   3 |           :      :      |    * :      :           |  0.0015375098
  34 10/   3 |           :      :      | *    :      :           |  0.0008179506
  35 11/   3>|           :      :      |      :      :  *        |> 0.0055899308
  36 12/   3 +           :     *:      |      :      :           + -0.0026033470
  37  1/   4 |           :      :  *   |      :      :           | -0.0014869183
  38  2/   4 |           :      :      |    * :      :           |  0.0016550163
  39  3/   4 |           *      :      |      :      :           | -0.0046464443
  40  4/   4 |           :      :      |   *  :      :           |  0.0012003642
  41  5/   4 |           :      :      |*     :      :           |  0.0003988615
  42  6/   4 |           :      :      |    * :      :           |  0.0016474140
  43  7/   4 |           :      :      |  *   :      :           |  0.0010271244
  44  8/   4 |           :      :      |   *  :      :           |  0.0014405643
  45  9/   4 |           :      :     *|      :      :           | -0.0003598910
  46 10/   4 |           :      :     *|      :      :           | -0.0002125987
  47 11/   4 |           :      :      |      *      :           |  0.0023764190
  48 12/   4 +           :      :      |    * :      :           +  0.0015604545
  49  1/   5 |           :      :     *|      :      :           | -0.0002839945
  50  2/   5 |           :   *  :      |      :      :           | -0.0034147111
  51  3/   5 |           :      :      |      :  *   :           |  0.0032277369
  52  4/   5 |           :      :  *   |      :      :           | -0.0012032618
  53  5/   5 |           :      :      | *    :      :           |  0.0005496171
  54  6/   5 |           :      :      |*     :      :           |  0.0003961429
  55  7/   5 |           :     *:      |      :      :           | -0.0025849329
  56  8/   5 |           :    * :      |      :      :           | -0.0031392646
  57  9/   5 |           :      :      |    * :      :           |  0.0016880815
  58 10/   5 |           :      :      |      :*     :           |  0.0024888428
  59 11/   5 |           :      :      |      :*     :           |  0.0028041892
  60 12/   5 +           :      :      |      :      *           +  0.0045060135
  61  1/   6 |           :      : *    |      :      :           | -0.0015739522
  62  2/   6 |           :      :   *  |      :      :           | -0.0009982559
  63  3/   6 |           :      :      |      :     *:           |  0.0043958696
  64  4/   6 |           :      : *    |      :      :           | -0.0015929974
  65  5/   6 |           :      :    * |      :      :           | -0.0006412473
  66  6/   6 |           :      :      |    * :      :           |  0.0015933491
  67  7/   6 |           :      :  *   |      :      :           | -0.0013711543
  68  8/   6 |           :      :      |   *  :      :           |  0.0013314609
  69  9/   6 |           :      :      |     *:      :           |  0.0020353016
  70 10/   6>|           :      :      |      :      :        *  |> 0.0076159381
  71 11/   6 |           :      :      *      :      :           |  0.0000243495
  72 12/   6 +           :      :      |*     :      :           +  0.0004528066
  73  1/   7 |           :      :     *|      :      :           | -0.0003085223
  74  2/   7 |           :      :      |   *  :      :           |  0.0012519629
  75  3/   7 |           :   *  :      |      :      :           | -0.0031742075
  76  4/   7 |           :      :      |      :     *:           |  0.0042641345
  77  5/   7 |           :      :      |   *  :      :           |  0.0014752647
  78  6/   7 |           :      :      |     *:      :           |  0.0020362041
  79  7/   7 |           :  *   :      |      :      :           | -0.0037089069
  80  8/   7 |           :      :      | *    :      :           |  0.0007754773
  81  9/   7 |           :      *      |      :      :           | -0.0021592565
  82 10/   7 |           :     *:      |      :      :           | -0.0025555043
  83 11/   7 |           :      *      |      :      :           | -0.0023160877
  84 12/   7 +           :      :      | *    :      :           +  0.0006440146
  85  1/   8 |           :      :      |  *   :      :           |  0.0010312682
  86  2/   8>|          *:      :      |      :      :           |>-0.0050436888
  87  3/   8 |           :      :     *|      :      :           | -0.0004994946
  88  4/   8 |           :      :  *   |      :      :           | -0.0011749594
  89  5/   8 |           :      :      |     *:      :           |  0.0019949605
  90  6/   8 |           :   *  :      |      :      :           | -0.0033889786
  91  7/   8 |           :      :      |      :*     :           |  0.0026258853
  92  8/   8 |           :*     :      |      :      :           | -0.0043429373
  93  9/   8 |           :      :      |   *  :      :           |  0.0012567953
  94 10/   8 |           :      :      |  *   :      :           |  0.0009047675
  95 11/   8 |           :      :      |      :*     :           |  0.0026932242
  96 12/   8 +           :      :   *  |      :      :           + -0.0011526466
  97  1/   9 |           :      :*     |      :      :           | -0.0018313734
  98  2/   9 |           :      :      |    * :      :           |  0.0018058592
  99  3/   9 |           :      :  *   |      :      :           | -0.0013471891
 100  4/   9 |           :      :  *   |      :      :           | -0.0014635493
 101  5/   9 |           :      :  *   |      :      :           | -0.0013644404
 102  6/   9 |           :      : *    |      :      :           | -0.0016273046
 103  7/   9 |           :      :      |   *  :      :           |  0.0013998102
 104  8/   9 |           :      :     *|      :      :           | -0.0003747800
 105  9/   9 |           :      :      |   *  :      :           |  0.0012243606
 106 10/   9 |           :      :      |      : *    :           |  0.0030387366
 107 11/   9 |           :      :      |    * :      :           |  0.0016364380
 108 12/   9 +           :      :      |  *   :      :           +  0.0009167936
 109  1/  10 |           :      :      |     *:      :           |  0.0020689782
 110  2/  10 |           :      :      |     *:      :           |  0.0018603720
 111  3/  10 |           :      : *    |      :      :           | -0.0015288650
 112  4/  10 |           :      :*     |      :      :           | -0.0018847378
 113  5/  10 |           :      :      *      :      :           | -0.0000851357
 114  6/  10 |           :      :   *  |      :      :           | -0.0009157476
 115  7/  10 |           :      :      |  *   :      :           |  0.0009270397
 116  8/  10 |           :      :      |   *  :      :           |  0.0014800703
 117  9/  10 |           :      :      | *    :      :           |  0.0006234725
 118 10/  10 |           :      :      |      : *    :           |  0.0028410242
 119 11/  10 |           :   *  :      |      :      :           | -0.0032745891
 120 12/  10 +           :      :      |      : *    :           +  0.0029300538
 121  1/  11 |           :      :      |    * :      :           |  0.0017993505
 122  2/  11 |           :      :      |   *  :      :           |  0.0014036306
 123  3/  11 |           :     *:      |      :      :           | -0.0026150444
 124  4/  11 |           :     *:      |      :      :           | -0.0027475993
 125  5/  11 |           :      : *    |      :      :           | -0.0016245325
 126  6/  11 |           :      :      |*     :      :           |  0.0003987342
 127  7/  11 |           :      :      |      :     *:           |  0.0043196702
 128  8/  11 |           :      :      |   *  :      :           |  0.0014244528
 129  9/  11 |           :      :      *      :      :           | -0.0000951988
 130 10/  11 |           :      :      |      : *    :           |  0.0028330025
 131 11/  11 |           :      :  *   |      :      :           | -0.0014735258
 132 12/  11 +           :      :     *|      :      :           + -0.0003633847
 133  1/  12 |           :      :      |  *   :      :           |  0.0009308021
 134  2/  12 |           :      :      | *    :      :           |  0.0006752788
 135  3/  12>|         * :      :      |      :      :           |>-0.0054661872
 136  4/  12 |           :      :      |      :*     :           |  0.0027845423
 137  5/  12 |           :      :     *|      :      :           | -0.0003406357
 138  6/  12 |           :      :      |  *   :      :           |  0.0011123481
 139  7/  12 |           :      :     *|      :      :           | -0.0002405176
 140  8/  12 |           :      :      *      :      :           |  0.0001465577
 141  9/  12 |           :      :*     |      :      :           | -0.0021442063
 142 10/  12 |           :      :      |      :    * :           |  0.0040848265
 143 11/  12 |           :      :    * |      :      :           | -0.0005470393
 144 12/  12 +           :     *:      |      :      :           + -0.0024971776
 145  1/  13 |           :      :      |  *   :      :           |  0.0009798102
 146  2/  13 |           :      : *    |      :      :           | -0.0016587691
 147  3/  13 |           :      *      |      :      :           | -0.0023476278
 148  4/  13 |           :      *      |      :      :           | -0.0024255878
 149  5/  13 |           :      :      |   *  :      :           |  0.0012060807
 150  6/  13 |           :      :      |*     :      :           |  0.0004294075
 151  7/  13 |           :      :     *|      :      :           | -0.0002182526
 152  8/  13 |           :      :     *|      :      :           | -0.0002410938
 153  9/  13 |           :      :*     |      :      :           | -0.0020528414
 154 10/  13 |           :      :      |      *      :           |  0.0023047775
 155 11/  13>|        *  :      :      |      :      :           |>-0.0057771097
 156 12/  13>+         * :      :      |      :      :           +>-0.0052674437
 157  1/  14 |           :      :      |      :   *  :           |  0.0036482630
 158  2/  14 |           :      :      |    * :      :           |  0.0017854546
 159  3/  14 |           :      :      |      :*     :           |  0.0026365835
 160  4/  14 |           :      :      |*     :      :           |  0.0003351479
 161  5/  14 |           :      : *    |      :      :           | -0.0017692876
 162  6/  14 |           :      :     *|      :      :           | -0.0004256823
 163  7/  14 |           :      :    * |      :      :           | -0.0006616103
 164  8/  14 |           :      :   *  |      :      :           | -0.0010056505
 165  9/  14 |           :      :     *|      :      :           | -0.0002699729
 166 10/  14 |           *      :      |      :      :           | -0.0045635740
 167 11/  14 |           :*     :      |      :      :           | -0.0043055162
 168 12/  14 +           :      *      |      :      :           + -0.0023316307
 169  1/  15 |           :      :    * |      :      :           | -0.0007269352
 170  2/  15 |           :      :      |      : *    :           |  0.0028826620
 171  3/  15 |           :      :     *|      :      :           | -0.0004735651
 172  4/  15 |           :      :      |      :   *  :           |  0.0035373241
 173  5/  15 |           :      :   *  |      :      :           | -0.0010279347
 174  6/  15 |           :      :      *      :      :           |  0.0000227173
 175  7/  15 |           :      :    * |      :      :           | -0.0008124525
 176  8/  15 |           :      :      |   *  :      :           |  0.0012787812
 177  9/  15 |           :      :      |  *   :      :           |  0.0010418286
 178 10/  15 |           :*     :      |      :      :           | -0.0044585585
 179 11/  15 |           :      :      |      *      :           |  0.0023444422
 180 12/  15 +           :      :    * |      :      :           + -0.0006543483
 181  1/  16 |           :      :      |  *   :      :           |  0.0011214616
 182  2/  16 |           :      :    * |      :      :           | -0.0007997398
 183  3/  16 |           :      :      |      :*     :           |  0.0027821428
 184  4/  16 |           :      *      |      :      :           | -0.0022173647
 185  5/  16 |           :      :      |    * :      :           |  0.0016665882
 186  6/  16 |           :      :      |  *   :      :           |  0.0011253689
 187  7/  16 |           :      :      | *    :      :           |  0.0007067010
 188  8/  16 |           :      :      *      :      :           | -0.0001663798
 189  9/  16 |           :      :  *   |      :      :           | -0.0013484141
 190 10/  16 |           :      *      |      :      :           | -0.0021871573
 191 11/  16 |           :      :      *      :      :           | -0.0001440244
 192 12/  16 +           :      :   *  |      :      :           + -0.0008455106
 193  1/  17 |           :      : *    |      :      :           | -0.0016924934
 194  2/  17 |           :      :      |     *:      :           |  0.0018810514
 195  3/  17 |           :      :      |     *:      :           |  0.0020037088
 196  4/  17 |           :      :      |      :     *:           |  0.0043903257
 197  5/  17 |           :      :  *   |      :      :           | -0.0011889936
 198  6/  17 |           :      :      |   *  :      :           |  0.0013438677
 199  7/  17 |           :      :      | *    :      :           |  0.0007719695
 200  8/  17 |           :      :      |    * :      :           |  0.0015152666
 201  9/  17 |           :      :      | *    :      :           |  0.0006265319
 202 10/  17 |           :*     :      |      :      :           | -0.0042785000
 203 11/  17 |           : *    :      |      :      :           | -0.0039886810
 204 12/  17 +           :  *   :      |      :      :           + -0.0035790369
 205  1/  18 |           :      :      *      :      :           | -0.0000880850
 206  2/  18 |           :      :      |  *   :      :           |  0.0010903523
 207  3/  18>|           :      :      |      :      :          *|> 0.0082913802
 208  4/  18 |           :      :    * |      :      :           | -0.0005943749
 209  5/  18 |           :      :      |  *   :      :           |  0.0009129585
 210  6/  18 |           :      :      |  *   :      :           |  0.0008392601
 211  7/  18 |           :      :*     |      :      :           | -0.0019497675
 212  8/  18 |           :      :     *|      :      :           | -0.0002037163
 213  9/  18 |           :      :     *|      :      :           | -0.0002383366
 214 10/  18>|          *:      :      |      :      :           |>-0.0049959508
 215 11/  18 |           :      :      |  *   :      :           |  0.0011378218
-------------+----+------+------+------+------+------+------+----+--------------
                 -3     -2     -1      0     +1     +2     +3     

                 +------------------------------------------+
                 |       Table of standardized values       |
                 |       greater than or equal to 2.0       |
                 +------------------------------------------+
                 |                                          |
                 | Observation    Date   Standardized value |
                 |                                          |
                 |     12       12/   1         2.22        |
                 |     24       12/   2         2.22        |
                 |     35       11/   3         2.37        |
                 |     70       10/   6         3.23        |
                 |     86        2/   8        -2.14        |
                 |    135        3/  12        -2.32        |
                 |    155       11/  13        -2.45        |
                 |    156       12/  13        -2.23        |
                 |    207        3/  18         3.52        |
                 |    214       10/  18        -2.12        |
                 +------------------------------------------+

Standardized time series histogram:

       -4      -3      -2      -1       0      +1      +2      +3      +4
        +---+---+---+---+---+---+---+---+---+---+---+---+---+---+---+---+
        |                             42                                |
        |                         38 ....38 38                           |
        |                        ................                        |
        |                        ................                        |
        |                        ................                        |
        |                        ................                        |
        |                        ................                        |
        |                        ................                        |
        |                        ................                        |
        |                        ................                        |
        |                     15 ................15                      |
        |                    ........................                    |
        |                 10 ........................ 9                  |
        |                ................................                |
        |              5 ................................ 3              |
        |            ........................................      1  1  |
        |            ........................................    ........|
        +---+---+---+---+---+---+---+---+---+---+---+---+---+---+---+---+
       -4      -3      -2      -1       0      +1      +2      +3      +4

              59 values outside (-1,+1): 27.44 % (31.74 % expected)
              10 values outside (-2,+2):  4.65 % ( 4.56 % expected)

Autocorrelation function (acf bands =  0.136):

            -1                         0                         1  L-B Q  DF
-------------+-------------------------+-------------------------+--------------
   1   0.000 |                      :  |  :                      | 
   2   0.015 |                      :  |  :                      | 
   3  -0.100 |                      :**|  :                      | 
   4  -0.042 |                      : *|  :                      | 
   5  -0.147 |                     ****|  :                      | 
   6  -0.011 |                      :  |  :                      | 
   7   0.013 |                      :  |  :                      | 
   8  -0.096 |                      :**|  :                      | 
   9   0.027 |                      :  |* :                      | 
  10  -0.010 |                      :  |  :                      | 
  11   0.230 |                      :  |******                   | 
  12   0.129 +                      :  |+++                      +  25.68  12
  13   0.040 |                      :  |* :                      | 
  14  -0.069 |                      :**|  :                      | 
  15   0.028 |                      :  |* :                      | 
  16  -0.052 |                      : *|  :                      | 
  17  -0.066 |                      :**|  :                      | 
  18  -0.030 |                      : *|  :                      | 
  19  -0.054 |                      : *|  :                      | 
  20  -0.043 |                      : *|  :                      | 
  21  -0.011 |                      :  |  :                      | 
  22   0.035 |                      :  |* :                      | 
  23   0.045 |                      :  |* :                      | 
  24   0.036 +                      :  |+ :                      +  31.50  24
  25   0.067 |                      :  |**:                      | 
  26  -0.071 |                      :**|  :                      | 
  27  -0.009 |                      :  |  :                      | 
  28  -0.101 |                      ***|  :                      | 
  29  -0.054 |                      : *|  :                      | 
  30  -0.021 |                      : *|  :                      | 
  31  -0.019 |                      :  |  :                      | 
  32  -0.009 |                      :  |  :                      | 
  33  -0.031 |                      : *|  :                      | 
  34  -0.021 |                      : *|  :                      | 
  35   0.008 |                      :  |  :                      | 
  36   0.185 +                      :  |+++++                    +  46.68  36
  37   0.050 |                      :  |* :                      | 
  38  -0.045 |                      : *|  :                      | 
  39  -0.070 |                      :**|  :                      | 
  40  -0.068 |                      :**|  :                      | 
  41  -0.090 |                      :**|  :                      | 
  42   0.015 |                      :  |  :                      |  52.65  42
-------------+-------------------------+-------------------------+--------------
            -1                         0                         1  L-B Q  DF

Partial autocorrelation function (pacf bands =  0.136):

            -1                         0                         1
-------------+-------------------------+-------------------------+--------------
   1   0.000 |                      :  |  :                      | 
   2   0.015 |                      :  |  :                      | 
   3  -0.100 |                      :**|  :                      | 
   4  -0.043 |                      : *|  :                      | 
   5  -0.146 |                     ****|  :                      | 
   6  -0.022 |                      : *|  :                      | 
   7   0.007 |                      :  |  :                      | 
   8  -0.131 |                      ***|  :                      | 
   9   0.009 |                      :  |  :                      | 
  10  -0.033 |                      : *|  :                      | 
  11   0.212 |                      :  |*****                    | 
  12   0.141 +                      :  |++++                     + 
  13   0.011 |                      :  |  :                      | 
  14  -0.024 |                      : *|  :                      | 
  15   0.074 |                      :  |**:                      | 
  16   0.026 |                      :  |* :                      | 
  17  -0.030 |                      : *|  :                      | 
  18  -0.039 |                      : *|  :                      | 
  19  -0.037 |                      : *|  :                      | 
  20  -0.029 |                      : *|  :                      | 
  21  -0.023 |                      : *|  :                      | 
  22  -0.057 |                      : *|  :                      | 
  23  -0.027 |                      : *|  :                      | 
  24  -0.017 +                      :  |  :                      + 
  25   0.073 |                      :  |**:                      | 
  26  -0.090 |                      :**|  :                      | 
  27  -0.024 |                      : *|  :                      | 
  28  -0.076 |                      :**|  :                      | 
  29  -0.035 |                      : *|  :                      | 
  30   0.015 |                      :  |  :                      | 
  31  -0.040 |                      : *|  :                      | 
  32  -0.014 |                      :  |  :                      | 
  33  -0.042 |                      : *|  :                      | 
  34  -0.066 |                      :**|  :                      | 
  35   0.003 |                      :  |  :                      | 
  36   0.139 +                      :  |+++                      + 
  37   0.067 |                      :  |**:                      | 
  38  -0.044 |                      : *|  :                      | 
  39  -0.020 |                      :  |  :                      | 
  40  -0.021 |                      : *|  :                      | 
  41  -0.028 |                      : *|  :                      | 
  42   0.017 |                      :  |  :                      | 
-------------+-------------------------+-------------------------+--------------
            -1                         0                         1


--- Cross-correlation functions between residuals ---

CROSS CORRELATION a[2] - a[1]
      a[2] --> a[1] IF k > 0
      a[1] --> a[2] IF k < 0
CCF BANDS  2.0/SQRT(N) =  0.13640:

            -1                         0                         1
-------------+-------------------------+-------------------------+--------------
  -9   0.021 |                      :  |* :                      |                            
  -8   0.042 |                      :  |* :                      |                            
  -7  -0.072 |                      :**|  :                      |                            
  -6   0.132 |                      :  |***                      |                            
  -5   0.012 |                      :  |  :                      |                            
  -4   0.103 |                      :  |***                      |                            
  -3   0.012 |                      :  |  :                      |                            
  -2   0.000 |                      :  |  :                      |                            
  -1  -0.001 |                      :  |  :                      |                            
   0   0.488 |                      :  |************             |                            
   1  -0.005 |                      :  |  :                      |                            
   2  -0.004 |                      :  |  :                      |                            
   3   0.003 |                      :  |  :                      |                            
   4   0.056 |                      :  |* :                      |                            
   5  -0.038 |                      : *|  :                      |                            
   6   0.196 |                      :  |*****                    |                            
   7   0.079 |                      :  |**:                      |                            
   8  -0.038 |                      : *|  :                      |                            
   9   0.090 |                      :  |**:                      |                            
-------------+-------------------------+-------------------------+--------------
            -1                         0                         1
Q(10) = 64.915     k >= 0      Q( 9) = 13.168      k > 0
Q(10) = 59.695     k <= 0      Q( 9) =  7.948      k < 0

CROSS CORRELATION a[3] - a[1]
      a[3] --> a[1] IF k > 0
      a[1] --> a[3] IF k < 0
CCF BANDS  2.0/SQRT(N) =  0.13640:

            -1                         0                         1
-------------+-------------------------+-------------------------+--------------
  -9   0.024 |                      :  |* :                      |                            
  -8  -0.022 |                      : *|  :                      |                            
  -7   0.032 |                      :  |* :                      |                            
  -6   0.013 |                      :  |  :                      |                            
  -5   0.035 |                      :  |* :                      |                            
  -4   0.092 |                      :  |**:                      |                            
  -3  -0.065 |                      :**|  :                      |                            
  -2   0.044 |                      :  |* :                      |                            
  -1  -0.012 |                      :  |  :                      |                            
   0   0.517 |                      :  |*************            |                            
   1   0.008 |                      :  |  :                      |                            
   2   0.004 |                      :  |  :                      |                            
   3  -0.033 |                      : *|  :                      |                            
   4  -0.023 |                      : *|  :                      |                            
   5  -0.063 |                      :**|  :                      |                            
   6   0.082 |                      :  |**:                      |                            
   7   0.119 |                      :  |***                      |                            
   8  -0.031 |                      : *|  :                      |                            
   9   0.032 |                      :  |* :                      |                            
-------------+-------------------------+-------------------------+--------------
            -1                         0                         1
Q(10) = 64.355     k >= 0      Q( 9) =  6.402      k > 0
Q(10) = 61.994     k <= 0      Q( 9) =  4.042      k < 0

CROSS CORRELATION a[3] - a[2]
      a[3] --> a[2] IF k > 0
      a[2] --> a[3] IF k < 0
CCF BANDS  2.0/SQRT(N) =  0.13640:

            -1                         0                         1
-------------+-------------------------+-------------------------+--------------
  -9   0.022 |                      :  |* :                      |                            
  -8  -0.095 |                      :**|  :                      |                            
  -7   0.054 |                      :  |* :                      |                            
  -6   0.008 |                      :  |  :                      |                            
  -5  -0.021 |                      : *|  :                      |                            
  -4   0.031 |                      :  |* :                      |                            
  -3   0.005 |                      :  |  :                      |                            
  -2   0.047 |                      :  |* :                      |                            
  -1  -0.012 |                      :  |  :                      |                            
   0   0.536 |                      :  |*************            |                            
   1   0.011 |                      :  |  :                      |                            
   2   0.004 |                      :  |  :                      |                            
   3  -0.093 |                      :**|  :                      |                            
   4   0.023 |                      :  |* :                      |                            
   5  -0.093 |                      :**|  :                      |                            
   6   0.021 |                      :  |* :                      |                            
   7   0.008 |                      :  |  :                      |                            
   8  -0.016 |                      :  |  :                      |                            
   9   0.102 |                      :  |***                      |                            
-------------+-------------------------+-------------------------+--------------
            -1                         0                         1
Q(10) = 68.775     k >= 0      Q( 9) =  6.544      k > 0
Q(10) = 65.878     k <= 0      Q( 9) =  3.646      k < 0

=============================================================
