Input Data File  : data/models_group1/IPC3.inp
Output File      : data/models_group1/IPC3.out
Model: VARMA(3,0)
Include mean     : yes
Diagonal AR      : yes
Diagonal MA      : no
Diagonal Cov     : yes
Estimation method: 1
Two-step init    : no
Frequency        : 12
Start            : 1 2002
Box-Cox lambda   : 0
Rescale factor   : 1
Differences      : d=1, D=0 (seasonal lag=12)
Deseasonalize    : harmonic (auto)
Series names     : IPC_ES IPC_FR IPC_DE
Observations     : 215 (raw 216)

Number of parameters: 15

=============================================================
  OPTIMIZER CONVERGED after 18 iterations
  Objective function = 0.854476385105
  Convergence criterion: scaled distance between last two steps <= steptol
=============================================================



=============================================================
  Estimated Parameters and Standard Deviations               
=============================================================

                        Parameter     Estimate    Std.Error   t-stat  p-val
--------------------------------------------------------------------
mu[1]                   0.001539     0.000277    5.564 0.0000 ***
mu[2]                   0.001125     0.000161    6.972 0.0000 ***
mu[3]                   0.001147     0.000135    8.501 0.0000 ***
phi[1]_11              0.419776     0.067541    6.215 0.0000 ***
phi[1]_12          (fixed 0.0)
phi[1]_13          (fixed 0.0)
phi[1]_21          (fixed 0.0)
phi[1]_22              0.025264     0.069397    0.364 0.7158    
phi[1]_23          (fixed 0.0)
phi[1]_31          (fixed 0.0)
phi[1]_32          (fixed 0.0)
phi[1]_33              0.096390     0.075492    1.277 0.2017    
phi[2]_11             -0.094610     0.073494   -1.287 0.1980    
phi[2]_12          (fixed 0.0)
phi[2]_13          (fixed 0.0)
phi[2]_21          (fixed 0.0)
phi[2]_22              0.070037     0.069177    1.012 0.3113    
phi[2]_23          (fixed 0.0)
phi[2]_31          (fixed 0.0)
phi[2]_32          (fixed 0.0)
phi[2]_33              0.082227     0.080173    1.026 0.3051    
phi[3]_11              0.048186     0.069304    0.695 0.4869    
phi[3]_12          (fixed 0.0)
phi[3]_13          (fixed 0.0)
phi[3]_21          (fixed 0.0)
phi[3]_22              0.043125     0.070088    0.615 0.5384    
phi[3]_23          (fixed 0.0)
phi[3]_31          (fixed 0.0)
phi[3]_32          (fixed 0.0)
phi[3]_33             -0.142957     0.080380   -1.779 0.0753 .  
cov[1,1]               1.220058     0.095020   12.840 0.0000 ***
cov[2,2]               0.720415     0.079738    9.035 0.0000 ***
cov[3,3]               1.012295     0.094788   10.680 0.0000 ***
--------------------------------------------------------------------
Signif. codes:  0 '***' 0.001 '**' 0.01 '*' 0.05 '.' 0.1 ' ' 1



=============================================================
           JOINT HYPOTHESIS TESTS (WALD)                    
=============================================================

Test of joint significance of last lag (AR(3) and MA(0)):
  Wald chi2(3) = 3.9260, p-value = 0.2696
  Conclusion: Cannot reject H0 → last lag is not significant.

Test of joint significance of last AR lag (AR(3)):
  Wald chi2(3) = 3.9260, p-value = 0.2696
  Conclusion: Cannot reject H0 → last AR lag is not significant.

No cross effects to test (model already diagonal).

--- Directional cross-effects tests ---


=============================================================
           ORTHOGONALIZED IMPULSE RESPONSE FUNCTIONS        
=============================================================
Shocks are orthogonalized via Cholesky decomposition of Sigma Matrix.
Order of variables: as in the model.

Shock to IPC_ES:
Horizon   IPC_ES   IPC_FR   IPC_DE
    0     0.0026   0.0000   0.0000
    1     0.0011   0.0000   0.0000
    2     0.0002   0.0000   0.0000
    3     0.0001   0.0000   0.0000
    4     0.0001   0.0000   0.0000
    5     0.0000   0.0000   0.0000
    6     0.0000   0.0000   0.0000
    7     0.0000   0.0000   0.0000
    8     0.0000   0.0000   0.0000
    9     0.0000   0.0000   0.0000
   10     0.0000   0.0000   0.0000
   11     0.0000   0.0000   0.0000
   12     0.0000   0.0000   0.0000
   13     0.0000   0.0000   0.0000
   14     0.0000   0.0000   0.0000
   15     0.0000   0.0000   0.0000
   16     0.0000   0.0000   0.0000
   17     0.0000   0.0000   0.0000
   18     0.0000   0.0000   0.0000
   19     0.0000   0.0000   0.0000
   20     0.0000   0.0000   0.0000

Shock to IPC_FR:
Horizon   IPC_ES   IPC_FR   IPC_DE
    0     0.0000   0.0020   0.0000
    1     0.0000   0.0001   0.0000
    2     0.0000   0.0001   0.0000
    3     0.0000   0.0001   0.0000
    4     0.0000   0.0000   0.0000
    5     0.0000   0.0000   0.0000
    6     0.0000   0.0000   0.0000
    7     0.0000   0.0000   0.0000
    8     0.0000   0.0000   0.0000
    9     0.0000   0.0000   0.0000
   10     0.0000   0.0000   0.0000
   11     0.0000   0.0000   0.0000
   12     0.0000   0.0000   0.0000
   13     0.0000   0.0000   0.0000
   14     0.0000   0.0000   0.0000
   15     0.0000   0.0000   0.0000
   16     0.0000   0.0000   0.0000
   17     0.0000   0.0000   0.0000
   18     0.0000   0.0000   0.0000
   19     0.0000   0.0000   0.0000
   20     0.0000   0.0000   0.0000

Shock to IPC_DE:
Horizon   IPC_ES   IPC_FR   IPC_DE
    0     0.0000   0.0000   0.0023
    1     0.0000   0.0000   0.0002
    2     0.0000   0.0000   0.0002
    3     0.0000   0.0000  -0.0003
    4     0.0000   0.0000  -0.0000
    5     0.0000   0.0000  -0.0001
    6     0.0000   0.0000   0.0000
    7     0.0000   0.0000   0.0000
    8     0.0000   0.0000   0.0000
    9     0.0000   0.0000  -0.0000
   10     0.0000   0.0000   0.0000
   11     0.0000   0.0000  -0.0000
   12     0.0000   0.0000   0.0000
   13     0.0000   0.0000  -0.0000
   14     0.0000   0.0000   0.0000
   15     0.0000   0.0000  -0.0000
   16     0.0000   0.0000   0.0000
   17     0.0000   0.0000  -0.0000
   18     0.0000   0.0000   0.0000
   19     0.0000   0.0000  -0.0000
   20     0.0000   0.0000   0.0000


=============================================================
        ACCUMULATED IMPULSE RESPONSE FUNCTIONS               
=============================================================
Cumulative response of each variable to a one-s.d. shock
(sum of responses up to each horizon).

Shock to IPC_ES:
Horizon   IPC_ES   IPC_FR   IPC_DE
    0     0.0026   0.0000   0.0000
    1     0.0037   0.0000   0.0000
    2     0.0039   0.0000   0.0000
    3     0.0040   0.0000   0.0000
    4     0.0041   0.0000   0.0000
    5     0.0041   0.0000   0.0000
    6     0.0041   0.0000   0.0000
    7     0.0041   0.0000   0.0000
    8     0.0041   0.0000   0.0000
    9     0.0041   0.0000   0.0000
   10     0.0041   0.0000   0.0000
   11     0.0041   0.0000   0.0000
   12     0.0041   0.0000   0.0000
   13     0.0041   0.0000   0.0000
   14     0.0041   0.0000   0.0000
   15     0.0041   0.0000   0.0000
   16     0.0041   0.0000   0.0000
   17     0.0041   0.0000   0.0000
   18     0.0041   0.0000   0.0000
   19     0.0041   0.0000   0.0000
   20     0.0041   0.0000   0.0000

Shock to IPC_FR:
Horizon   IPC_ES   IPC_FR   IPC_DE
    0     0.0000   0.0020   0.0000
    1     0.0000   0.0020   0.0000
    2     0.0000   0.0022   0.0000
    3     0.0000   0.0023   0.0000
    4     0.0000   0.0023   0.0000
    5     0.0000   0.0023   0.0000
    6     0.0000   0.0023   0.0000
    7     0.0000   0.0023   0.0000
    8     0.0000   0.0023   0.0000
    9     0.0000   0.0023   0.0000
   10     0.0000   0.0023   0.0000
   11     0.0000   0.0023   0.0000
   12     0.0000   0.0023   0.0000
   13     0.0000   0.0023   0.0000
   14     0.0000   0.0023   0.0000
   15     0.0000   0.0023   0.0000
   16     0.0000   0.0023   0.0000
   17     0.0000   0.0023   0.0000
   18     0.0000   0.0023   0.0000
   19     0.0000   0.0023   0.0000
   20     0.0000   0.0023   0.0000

Shock to IPC_DE:
Horizon   IPC_ES   IPC_FR   IPC_DE
    0     0.0000   0.0000   0.0023
    1     0.0000   0.0000   0.0026
    2     0.0000   0.0000   0.0028
    3     0.0000   0.0000   0.0025
    4     0.0000   0.0000   0.0024
    5     0.0000   0.0000   0.0024
    6     0.0000   0.0000   0.0024
    7     0.0000   0.0000   0.0024
    8     0.0000   0.0000   0.0024
    9     0.0000   0.0000   0.0024
   10     0.0000   0.0000   0.0024
   11     0.0000   0.0000   0.0024
   12     0.0000   0.0000   0.0024
   13     0.0000   0.0000   0.0024
   14     0.0000   0.0000   0.0024
   15     0.0000   0.0000   0.0024
   16     0.0000   0.0000   0.0024
   17     0.0000   0.0000   0.0024
   18     0.0000   0.0000   0.0024
   19     0.0000   0.0000   0.0024
   20     0.0000   0.0000   0.0024


=============================================================
  LONG‑RUN GAIN, SHOCK STD. DEVIATIONS AND MEAN LAG        
=============================================================

Structural shock standard deviations (one‑s.d. shock size):
  IPC_ES   : 0.0026
  IPC_FR   : 0.0020
  IPC_DE   : 0.0023

Shock to IPC_ES:
  IPC_ES   : gain =   0.0041  mean lag =   0.60 months
  IPC_FR   : gain =   0.0000  mean lag = undefined
  IPC_DE   : gain =   0.0000  mean lag = undefined

Shock to IPC_FR:
  IPC_ES   : gain =   0.0000  mean lag = undefined
  IPC_FR   : gain =   0.0023  mean lag =   0.34 months
  IPC_DE   : gain =   0.0000  mean lag = undefined

Shock to IPC_DE:
  IPC_ES   : gain =   0.0000  mean lag = undefined
  IPC_FR   : gain =   0.0000  mean lag = undefined
  IPC_DE   : gain =   0.0024  mean lag =  -0.17 months
=============================================================



=============================================================
           FORECAST ERROR VARIANCE DECOMPOSITION             
=============================================================
Values are percentages of forecast error variance accounted for by each shock.
Shocks are orthogonalized via Cholesky decomposition.

IPC_ES:
Horizon   IPC_ES   IPC_FR   IPC_DE
    1     100.00     0.00     0.00
    2     100.00     0.00     0.00
    3     100.00     0.00     0.00
    4     100.00     0.00     0.00
    5     100.00     0.00     0.00
    6     100.00     0.00     0.00
    7     100.00     0.00     0.00
    8     100.00     0.00     0.00
    9     100.00     0.00     0.00
   10     100.00     0.00     0.00
   11     100.00     0.00     0.00
   12     100.00     0.00     0.00
   13     100.00     0.00     0.00
   14     100.00     0.00     0.00
   15     100.00     0.00     0.00
   16     100.00     0.00     0.00
   17     100.00     0.00     0.00
   18     100.00     0.00     0.00
   19     100.00     0.00     0.00
   20     100.00     0.00     0.00

IPC_FR:
Horizon   IPC_ES   IPC_FR   IPC_DE
    1       0.00   100.00     0.00
    2       0.00   100.00     0.00
    3       0.00   100.00     0.00
    4       0.00   100.00     0.00
    5       0.00   100.00     0.00
    6       0.00   100.00     0.00
    7       0.00   100.00     0.00
    8       0.00   100.00     0.00
    9       0.00   100.00     0.00
   10       0.00   100.00     0.00
   11       0.00   100.00     0.00
   12       0.00   100.00     0.00
   13       0.00   100.00     0.00
   14       0.00   100.00     0.00
   15       0.00   100.00     0.00
   16       0.00   100.00     0.00
   17       0.00   100.00     0.00
   18       0.00   100.00     0.00
   19       0.00   100.00     0.00
   20       0.00   100.00     0.00

IPC_DE:
Horizon   IPC_ES   IPC_FR   IPC_DE
    1       0.00     0.00   100.00
    2       0.00     0.00   100.00
    3       0.00     0.00   100.00
    4       0.00     0.00   100.00
    5       0.00     0.00   100.00
    6       0.00     0.00   100.00
    7       0.00     0.00   100.00
    8       0.00     0.00   100.00
    9       0.00     0.00   100.00
   10       0.00     0.00   100.00
   11       0.00     0.00   100.00
   12       0.00     0.00   100.00
   13       0.00     0.00   100.00
   14       0.00     0.00   100.00
   15       0.00     0.00   100.00
   16       0.00     0.00   100.00
   17       0.00     0.00   100.00
   18       0.00     0.00   100.00
   19       0.00     0.00   100.00
   20       0.00     0.00   100.00



=============================================================
           MULTIVARIATE RESIDUAL DIAGNOSTICS                
=============================================================

Hosking's Multivariate Portmanteau Test (lag 14):
  Q(126) = 251.8378, p-value = 0.0000
  *** REJECT H0: residuals are not white noise.

Multivariate Jarque-Bera Test (normality):
  JB(6) = 5.8731, p-value = 0.4376
  Cannot reject H0: residuals appear normal.
=============================================================

Normalized model:
mu vector:
      0.001539
      0.001125
      0.001147
phi(1) matrix:
      0.419776      0.000000      0.000000
      0.000000      0.025264      0.000000
      0.000000      0.000000      0.096390
phi(2) matrix:
     -0.094610      0.000000      0.000000
      0.000000      0.070037      0.000000
      0.000000      0.000000      0.082227
phi(3) matrix:
      0.048186      0.000000      0.000000
      0.000000      0.043125      0.000000
      0.000000      0.000000     -0.142957
Q matrix:
      1.220058
      0.000000      0.720415
      0.000000      0.000000      1.012295
Sigma = sigma2 * Q:
      0.000007
      0.000000      0.000004
      0.000000      0.000000      0.000006

Inverse roots of |phi(B)|=0:
      0.448425      0.000000 i  (modulus     0.448425)
     -0.014325     -0.327493 i  (modulus     0.327806)
     -0.014325      0.327493 i  (modulus     0.327806)
      0.426522      0.000000 i  (modulus     0.426522)
     -0.200629     -0.246691 i  (modulus     0.317975)
     -0.200629      0.246691 i  (modulus     0.317975)
     -0.541986      0.000000 i  (modulus     0.541986)
      0.319188     -0.402347 i  (modulus     0.513580)
      0.319188      0.402347 i  (modulus     0.513580)



=============================================================
                RESIDUAL DIAGNOSTICS                         
=============================================================

--- Residual series a[1] (IPC_ES) ---
Unconditional residuals (seasonal period: 12)
215 observations: from 2/2002 to 12/2019

                  Mean:          -0.000001
Standard error of mean:           0.000176
              Variance:           0.000007
    Standard deviation:           0.002577
              Skewness:          -0.054320
              Kurtosis:           0.123955
               Minimum:          -0.008226 at  1/2016 (observation 168)
               Maximum:           0.007224 at  9/2012 (observation 128)

Standardized time series plot (original values on right-side column):

               -3     -2      -1       0      +1      +2     +3   
-------------+--+------+-------+-------+-------+-------+------+--+--------------
   1  2/2002 |         :       :       | *     :       :         |  0.0005187850
   2  3/2002 |         :       :       |    *  :       :         |  0.0016436635
   3  4/2002 |         :       :       |*      :       :         |  0.0001652167
   4  5/2002 |         :       :       | *     :       :         |  0.0004943432
   5  6/2002 |         :       : *     |       :       :         | -0.0018737789
   6  7/2002 |         :       :       |     * :       :         |  0.0019979450
   7  8/2002 |         :       :       *       :       :         |  0.0000534795
   8  9/2002 |         :       :       |     * :       :         |  0.0020625554
   9 10/2002 |         :       :      *|       :       :         | -0.0004424998
  10 11/2002 |         :       :    *  |       :       :         | -0.0010277493
  11 12/2002 +         :       :       |       : *     :         +  0.0034300961
  12  1/2003>|         :       :       |       :       :    *    |> 0.0069157972
  13  2/2003 |         :       :   *   |       :       :         | -0.0013987878
  14  3/2003 |         :       :       | *     :       :         |  0.0006381955
  15  4/2003 |         : *     :       |       :       :         | -0.0046610523
  16  5/2003 |         :       : *     |       :       :         | -0.0020718210
  17  6/2003 |         :       :       |*      :       :         |  0.0002305772
  18  7/2003 |         :       :       |     * :       :         |  0.0019500986
  19  8/2003 |         :       :       |     * :       :         |  0.0018980423
  20  9/2003 |         :       :       | *     :       :         |  0.0005815394
  21 10/2003 |         :      *:       |       :       :         | -0.0029132398
  22 11/2003 |         :       :       |    *  :       :         |  0.0017997465
  23 12/2003 +         :       :       | *     :       :         +  0.0008023063
  24  1/2004 |         :       :       |       :     * :         |  0.0046746465
  25  2/2004 |         :       : *     |       :       :         | -0.0019469696
  26  3/2004 |         :       :       |   *   :       :         |  0.0012517139
  27  4/2004 |         :       :       |  *    :       :         |  0.0010303039
  28  5/2004 |         :       :       |       *       :         |  0.0024874091
  29  6/2004 |         :       :   *   |       :       :         | -0.0011985221
  30  7/2004 |         :       :       |*      :       :         |  0.0002923772
  31  8/2004 |         :       :       |      *:       :         |  0.0021862060
  32  9/2004 |         :       :     * |       :       :         | -0.0007396281
  33 10/2004 |         :       :       |   *   :       :         |  0.0014121062
  34 11/2004 |         :       :     * |       :       :         | -0.0006056727
  35 12/2004 +         :       :   *   |       :       :         + -0.0012248348
  36  1/2005 |         :       :       |       :  *    :         |  0.0037411211
  37  2/2005 |         :       :       | *     :       :         |  0.0006699110
  38  3/2005 |         :       :       |   *   :       :         |  0.0014041380
  39  4/2005 |         :       :       |     * :       :         |  0.0019125792
  40  5/2005 |         :       : *     |       :       :         | -0.0018981745
  41  6/2005 |         :       :       |   *   :       :         |  0.0012578194
  42  7/2005 |         :       :       | *     :       :         |  0.0007475848
  43  8/2005 |         :       :       |     * :       :         |  0.0019372616
  44  9/2005 |         :       :       |       :  *    :         |  0.0036708366
  45 10/2005 |         :       :*      |       :       :         | -0.0023384172
  46 11/2005 |         :       :      *|       :       :         | -0.0003737412
  47 12/2005 +         :       :       |     * :       :         +  0.0018977142
  48  1/2006>|         :       :       |       :       :  *      |> 0.0063156563
  49  2/2006 |         :       *       |       :       :         | -0.0027502273
  50  3/2006 |         :       :       |     * :       :         |  0.0018619081
  51  4/2006 |         :       :       |     * :       :         |  0.0018778929
  52  5/2006 |         :       :       *       :       :         | -0.0001445514
  53  6/2006 |         :       :      *|       :       :         | -0.0002537552
  54  7/2006 |         :       :       |  *    :       :         |  0.0010835229
  55  8/2006 |         :       :      *|       :       :         | -0.0004774554
  56  9/2006 |         :      *:       |       :       :         | -0.0030769368
  57 10/2006 |         :      *:       |       :       :         | -0.0031136714
  58 11/2006 |         :       :       |    *  :       :         |  0.0015924634
  59 12/2006 +         :       :       |     * :       :         +  0.0020512943
  60  1/2007 |         :       :       |       : *     :         |  0.0033755318
  61  2/2007 |         :       :   *   |       :       :         | -0.0013212239
  62  3/2007 |         :       :       |     * :       :         |  0.0020843303
  63  4/2007 |         :       :       |    *  :       :         |  0.0017304692
  64  5/2007 |         :       :    *  |       :       :         | -0.0009045807
  65  6/2007 |         :       :       |*      :       :         |  0.0003896538
  66  7/2007 |         :       :     * |       :       :         | -0.0006740251
  67  8/2007 |         :       :      *|       :       :         | -0.0004069043
  68  9/2007 |         :       :       |     * :       :         |  0.0019427949
  69 10/2007 |         :       :       |       :   *   :         |  0.0038430651
  70 11/2007 |         :       :       |       :*      :         |  0.0030315610
  71 12/2007 +         :       :       |     * :       :         +  0.0020902067
  72  1/2008 |         :       :       |       :*      :         |  0.0028260092
  73  2/2008 |         :       :     * |       :       :         | -0.0005968481
  74  3/2008 |         :       :       |       :*      :         |  0.0031131420
  75  4/2008 |         :       :   *   |       :       :         | -0.0014171916
  76  5/2008 |         :       :       |       :    *  :         |  0.0043382370
  77  6/2008 |         :       :       |      *:       :         |  0.0023015812
  78  7/2008 |         :       :       |*      :       :         |  0.0002780851
  79  8/2008 |         : *     :       |       :       :         | -0.0046054706
  80  9/2008 |         :       :       *       :       :         | -0.0000588663
  81 10/2008 |         :  *    :       |       :       :         | -0.0043180888
  82 11/2008 |         : *     :       |       :       :         | -0.0046935839
  83 12/2008 +         :     * :       |       :       :         + -0.0031998483
  84  1/2009 |         :       :      *|       :       :         | -0.0001826228
  85  2/2009 |         :       :       |*      :       :         |  0.0002654938
  86  3/2009 |         :    *  :       |       :       :         | -0.0035588772
  87  4/2009 |         :       :       | *     :       :         |  0.0007453470
  88  5/2009 |         :      *:       |       :       :         | -0.0029596816
  89  6/2009 |         :       :       |       :    *  :         |  0.0041827475
  90  7/2009 |         :    *  :       |       :       :         | -0.0034556717
  91  8/2009 |         :       :       |       *       :         |  0.0027717250
  92  9/2009 |         :*      :       |       :       :         | -0.0048465823
  93 10/2009 |         :       :       |  *    :       :         |  0.0009089105
  94 11/2009 |         :       :       |       :*      :         |  0.0030140037
  95 12/2009 +         :       : *     |       :       :         + -0.0019216057
  96  1/2010 |         :       :       | *     :       :         |  0.0007091849
  97  2/2010 |         :       *       |       :       :         | -0.0025873898
  98  3/2010 |         :       :       |       :*      :         |  0.0029764211
  99  4/2010 |         :       :    *  |       :       :         | -0.0009464527
 100  5/2010 |         :       :       *       :       :         | -0.0001563877
 101  6/2010 |         :       :       |*      :       :         |  0.0002907233
 102  7/2010 |         :       :       |    *  :       :         |  0.0017997352
 103  8/2010 |         :       :      *|       :       :         | -0.0002177914
 104  9/2010 |         :       :    *  |       :       :         | -0.0008983518
 105 10/2010 |         :       :       |    *  :       :         |  0.0014813221
 106 11/2010 |         :       :       |       *       :         |  0.0024837631
 107 12/2010 +         :       :       |       :     * :         +  0.0044956051
 108  1/2011 |         :       :       |*      :       :         |  0.0003103383
 109  2/2011 |         :       :       *       :       :         |  0.0000516583
 110  3/2011 |         :       :       |     * :       :         |  0.0018108713
 111  4/2011 |         :       :       |   *   :       :         |  0.0012353777
 112  5/2011 |         :    *  :       |       :       :         | -0.0036781293
 113  6/2011 |         :       :  *    |       :       :         | -0.0016768294
 114  7/2011 |         :       :       |    *  :       :         |  0.0016744928
 115  8/2011 |         :       :   *   |       :       :         | -0.0011898090
 116  9/2011 |         :       :       |   *   :       :         |  0.0014248979
 117 10/2011 |         :       :      *|       :       :         | -0.0003658176
 118 11/2011 |         :       :       |    *  :       :         |  0.0017987629
 119 12/2011 +         :       :       *       :       :         +  0.0000078492
 120  1/2012 |         :       :  *    |       :       :         | -0.0016685516
 121  2/2012 |         :       :       |  *    :       :         |  0.0010618379
 122  3/2012 |         :       :       |  *    :       :         |  0.0011084634
 123  4/2012 |         :       :       |       : *     :         |  0.0034339733
 124  5/2012>|        *:       :       |       :       :         |>-0.0055968338
 125  6/2012 |         :       :   *   |       :       :         | -0.0014645520
 126  7/2012 |         :       :       |       :     * :         |  0.0045685690
 127  8/2012 |         :       :       |     * :       :         |  0.0019785695
 128  9/2012>|         :       :       |       :       :     *   |> 0.0072239538
 129 10/2012 |         :       :*      |       :       :         | -0.0023545795
 130 11/2012 |         :     * :       |       :       :         | -0.0033444176
 131 12/2012 +         :       :       |   *   :       :         +  0.0013203007
 132  1/2013 |         :   *   :       |       :       :         | -0.0040415131
 133  2/2013 |         :       :       |       :*      :         |  0.0027984764
 134  3/2013 |         :       :*      |       :       :         | -0.0024096441
 135  4/2013>|         *       :       |       :       :         |>-0.0051746309
 136  5/2013 |         :       :       |    *  :       :         |  0.0016515628
 137  6/2013 |         :       :      *|       :       :         | -0.0003114738
 138  7/2013 |         :       :       |  *    :       :         |  0.0009766962
 139  8/2013 |         :       :       |  *    :       :         |  0.0008937270
 140  9/2013 |         :   *   :       |       :       :         | -0.0038174478
 141 10/2013 |         :       : *     |       :       :         | -0.0019627294
 142 11/2013 |         :       :       |  *    :       :         |  0.0008522527
 143 12/2013 +         :       :       |*      :       :         +  0.0002647196
 144  1/2014 |         :  *    :       |       :       :         | -0.0041555086
 145  2/2014 |         :       :       | *     :       :         |  0.0007517527
 146  3/2014 |         :      *:       |       :       :         | -0.0028609625
 147  4/2014 |         :       :       |*      :       :         |  0.0003238439
 148  5/2014 |         :       : *     |       :       :         | -0.0021313696
 149  6/2014 |         :       :      *|       :       :         | -0.0002931632
 150  7/2014 |         :     * :       |       :       :         | -0.0031865957
 151  8/2014 |         :       :       |  *    :       :         |  0.0011259362
 152  9/2014 |         :       :       *       :       :         | -0.0001342842
 153 10/2014 |         :       *       |       :       :         | -0.0027409967
 154 11/2014 |         :       :  *    |       :       :         | -0.0017877509
 155 12/2014>+        *:       :       |       :       :         +>-0.0054380440
 156  1/2015 |         :  *    :       |       :       :         | -0.0042824994
 157  2/2015 |         :       :       |       :   *   :         |  0.0038496524
 158  3/2015 |         :       :       |*      :       :         |  0.0002465239
 159  4/2015 |         :       :     * |       :       :         | -0.0007843218
 160  5/2015 |         :       :       |       *       :         |  0.0025830842
 161  6/2015 |         :       :       *       :       :         |  0.0000309519
 162  7/2015 |         :    *  :       |       :       :         | -0.0036599256
 163  8/2015 |         :   *   :       |       :       :         | -0.0038140873
 164  9/2015 |         :       *       |       :       :         | -0.0027796059
 165 10/2015 |         :       :       |*      :       :         |  0.0004145688
 166 11/2015 |         :       :       |    *  :       :         |  0.0016646503
 167 12/2015 +         :   *   :       |       :       :         + -0.0039497007
 168  1/2016>|*        :       :       |       :       :         |>-0.0082264232
 169  2/2016 |         :       :      *|       :       :         | -0.0003504633
 170  3/2016 |         :       :       |      *:       :         |  0.0021460912
 171  4/2016 |         :     * :       |       :       :         | -0.0034043403
 172  5/2016 |         :       :       |       :     * :         |  0.0044672541
 173  6/2016 |         :       :       |    *  :       :         |  0.0014826711
 174  7/2016 |         :       :*      |       :       :         | -0.0022280818
 175  8/2016 |         :       :       *       :       :         |  0.0000707796
 176  9/2016 |         :       :  *    |       :       :         | -0.0014923607
 177 10/2016 |         :       :       |       :     * :         |  0.0044500346
 178 11/2016 |         :       :      *|       :       :         | -0.0003842906
 179 12/2016>+         :       :       |       :       *         +> 0.0052333238
 180  1/2017 |         :       :       |   *   :       :         |  0.0013007242
 181  2/2017>|         *       :       |       :       :         |>-0.0052679192
 182  3/2017 |         :     * :       |       :       :         | -0.0034343382
 183  4/2017 |         :       :       |   *   :       :         |  0.0014211951
 184  5/2017 |         :     * :       |       :       :         | -0.0033551396
 185  6/2017 |         :       :       |*      :       :         |  0.0003989612
 186  7/2017 |         :       :    *  |       :       :         | -0.0008998145
 187  8/2017 |         :       :       | *     :       :         |  0.0005546449
 188  9/2017 |         :       :       *       :       :         |  0.0001351828
 189 10/2017 |         :       :       |    *  :       :         |  0.0017072565
 190 11/2017 |         :       :       |    *  :       :         |  0.0015659560
 191 12/2017 +         :       :    *  |       :       :         + -0.0009367878
 192  1/2018 |         :       :  *    |       :       :         | -0.0016100362
 193  2/2018 |         :       :       |   *   :       :         |  0.0013367632
 194  3/2018 |         :  *    :       |       :       :         | -0.0043200873
 195  4/2018 |         :       :       |*      :       :         |  0.0003140023
 196  5/2018>|         :       :       |       :       :   *     |> 0.0066916131
 197  6/2018 |         :       :  *    |       :       :         | -0.0016343881
 198  7/2018 |         :       :   *   |       :       :         | -0.0012937634
 199  8/2018 |         :       :       *       :       :         | -0.0000661038
 200  9/2018 |         :       :       |  *    :       :         |  0.0009122544
 201 10/2018 |         :       :       |    *  :       :         |  0.0015389112
 202 11/2018 |         :   *   :       |       :       :         | -0.0040647478
 203 12/2018 +         :    *  :       |       :       :         + -0.0035615858
 204  1/2019 |         :       :*      |       :       :         | -0.0021960498
 205  2/2019 |         :       :       |       :*      :         |  0.0031153787
 206  3/2019 |         :       :*      |       :       :         | -0.0022668520
 207  4/2019 |         :       :       |   *   :       :         |  0.0014058257
 208  5/2019 |         :       :    *  |       :       :         | -0.0009828488
 209  6/2019 |         :       :*      |       :       :         | -0.0024203580
 210  7/2019 |         :       :       |*      :       :         |  0.0004906706
 211  8/2019 |         :       :*      |       :       :         | -0.0024613366
 212  9/2019 |         :       :      *|       :       :         | -0.0004162354
 213 10/2019 |         :       :       |       *       :         |  0.0027851427
 214 11/2019 |         :       :  *    |       :       :         | -0.0015920298
 215 12/2019 +         :       :     * |       :       :         + -0.0007897906
-------------+--+------+-------+-------+-------+-------+------+--+--------------
               -3     -2      -1       0      +1      +2     +3   

                 +------------------------------------------+
                 |       Table of standardized values       |
                 |       greater than or equal to 2.0       |
                 +------------------------------------------+
                 |                                          |
                 | Observation    Date   Standardized value |
                 |                                          |
                 |     12        1/2003         2.68        |
                 |     48        1/2006         2.45        |
                 |    124        5/2012        -2.17        |
                 |    128        9/2012         2.80        |
                 |    135        4/2013        -2.01        |
                 |    155       12/2014        -2.11        |
                 |    168        1/2016        -3.19        |
                 |    179       12/2016         2.03        |
                 |    181        2/2017        -2.04        |
                 |    196        5/2018         2.60        |
                 +------------------------------------------+

Standardized time series histogram:

       -4      -3      -2      -1       0      +1      +2      +3      +4
        +---+---+---+---+---+---+---+---+---+---+---+---+---+---+---+---+
        |                                 45                            |
        |                                .... 42                         |
        |                                ........                        |
        |                             34 ........                        |
        |                            ............                        |
        |                            ............                        |
        |                         27 ............                        |
        |                        ................                        |
        |                     22 ................                        |
        |                    .................... 17                     |
        |                    ........................                    |
        |                    ........................                    |
        |                 11 ........................                    |
        |                ............................  7                 |
        |              4 ................................     3          |
        |      1     .................................... 2  ....        |
        |    ....    ............................................        |
        +---+---+---+---+---+---+---+---+---+---+---+---+---+---+---+---+
       -4      -3      -2      -1       0      +1      +2      +3      +4

              67 values outside (-1,+1): 31.16 % (31.74 % expected)
              10 values outside (-2,+2):  4.65 % ( 4.56 % expected)

Autocorrelation function (acf bands =  0.136):

            -1                         0                         1  L-B Q  DF
-------------+-------------------------+-------------------------+--------------
   1  -0.001 |                      :  |  :                      | 
   2  -0.002 |                      :  |  :                      | 
   3  -0.013 |                      :  |  :                      | 
   4   0.001 |                      :  |  :                      | 
   5   0.119 |                      :  |***                      | 
   6   0.054 |                      :  |* :                      | 
   7   0.014 |                      :  |  :                      | 
   8   0.014 |                      :  |  :                      | 
   9   0.020 |                      :  |  :                      | 
  10   0.013 |                      :  |  :                      | 
  11   0.028 |                      :  |* :                      | 
  12   0.073 +                      :  |++:                      +   5.43  12
  13   0.021 |                      :  |* :                      | 
  14  -0.027 |                      : *|  :                      | 
  15   0.005 |                      :  |  :                      | 
  16   0.029 |                      :  |* :                      | 
  17   0.042 |                      :  |* :                      | 
  18   0.043 |                      :  |* :                      | 
  19  -0.011 |                      :  |  :                      | 
  20   0.115 |                      :  |***                      | 
  21   0.021 |                      :  |* :                      | 
  22   0.020 |                      :  |  :                      | 
  23  -0.050 |                      : *|  :                      | 
  24   0.050 +                      :  |+ :                      +  11.39  24
  25  -0.041 |                      : *|  :                      | 
  26   0.057 |                      :  |* :                      | 
  27  -0.002 |                      :  |  :                      | 
  28  -0.036 |                      : *|  :                      | 
  29   0.026 |                      :  |* :                      | 
  30   0.082 |                      :  |**:                      | 
  31   0.010 |                      :  |  :                      | 
  32   0.042 |                      :  |* :                      | 
  33  -0.018 |                      :  |  :                      | 
  34   0.020 |                      :  |  :                      | 
  35   0.007 |                      :  |  :                      | 
  36   0.058 +                      :  |+ :                      +  16.33  36
  37  -0.057 |                      : *|  :                      | 
  38   0.036 |                      :  |* :                      | 
  39   0.043 |                      :  |* :                      | 
  40  -0.027 |                      : *|  :                      | 
  41   0.014 |                      :  |  :                      | 
  42  -0.026 |                      : *|  :                      |  18.42  42
-------------+-------------------------+-------------------------+--------------
            -1                         0                         1  L-B Q  DF

Partial autocorrelation function (pacf bands =  0.136):

            -1                         0                         1
-------------+-------------------------+-------------------------+--------------
   1  -0.001 |                      :  |  :                      | 
   2  -0.002 |                      :  |  :                      | 
   3  -0.013 |                      :  |  :                      | 
   4   0.001 |                      :  |  :                      | 
   5   0.119 |                      :  |***                      | 
   6   0.055 |                      :  |* :                      | 
   7   0.015 |                      :  |  :                      | 
   8   0.017 |                      :  |  :                      | 
   9   0.021 |                      :  |* :                      | 
  10  -0.000 |                      :  |  :                      | 
  11   0.016 |                      :  |  :                      | 
  12   0.068 +                      :  |++:                      + 
  13   0.018 |                      :  |  :                      | 
  14  -0.033 |                      : *|  :                      | 
  15   0.002 |                      :  |  :                      | 
  16   0.024 |                      :  |* :                      | 
  17   0.022 |                      :  |* :                      | 
  18   0.032 |                      :  |* :                      | 
  19  -0.007 |                      :  |  :                      | 
  20   0.118 |                      :  |***                      | 
  21   0.016 |                      :  |  :                      | 
  22   0.010 |                      :  |  :                      | 
  23  -0.062 |                      :**|  :                      | 
  24   0.044 +                      :  |+ :                      + 
  25  -0.073 |                      :**|  :                      | 
  26   0.043 |                      :  |* :                      | 
  27  -0.011 |                      :  |  :                      | 
  28  -0.034 |                      : *|  :                      | 
  29   0.008 |                      :  |  :                      | 
  30   0.090 |                      :  |**:                      | 
  31   0.001 |                      :  |  :                      | 
  32   0.031 |                      :  |* :                      | 
  33  -0.018 |                      :  |  :                      | 
  34   0.028 |                      :  |* :                      | 
  35  -0.011 |                      :  |  :                      | 
  36   0.045 +                      :  |+ :                      + 
  37  -0.080 |                      :**|  :                      | 
  38   0.027 |                      :  |* :                      | 
  39   0.035 |                      :  |* :                      | 
  40  -0.036 |                      : *|  :                      | 
  41  -0.005 |                      :  |  :                      | 
  42  -0.035 |                      : *|  :                      | 
-------------+-------------------------+-------------------------+--------------
            -1                         0                         1


--- Residual series a[2] (IPC_FR) ---
Unconditional residuals (seasonal period: 12)
215 observations: from 2/2002 to 12/2019

                  Mean:           0.000003
Standard error of mean:           0.000135
              Variance:           0.000004
    Standard deviation:           0.001980
              Skewness:          -0.061578
              Kurtosis:           0.636760
               Minimum:          -0.006495 at  1/2015 (observation 156)
               Maximum:           0.006093 at  1/2003 (observation  12)

Standardized time series plot (original values on right-side column):

               -3      -2     -1       0      +1     +2      +3   
-------------+--+-------+------+-------+-------+------+-------+--+--------------
   1  2/2002 |          :    * :       |       :      :          | -0.0025713916
   2  3/2002 |          :     *:       |       :      :          | -0.0022508432
   3  4/2002 |          :      :       |       *      :          |  0.0020450144
   4  5/2002 |          :      :     * |       :      :          | -0.0004691861
   5  6/2002 |          :      :   *   |       :      :          | -0.0009159659
   6  7/2002 |          :      :       |       :   *  :          |  0.0031899988
   7  8/2002 |          :      :*      |       :      :          | -0.0018822516
   8  9/2002 |          :      :       |       :   *  :          |  0.0030635581
   9 10/2002 |          :      :       |  *    :      :          |  0.0007651816
  10 11/2002 |          :      :       *       :      :          | -0.0000355283
  11 12/2002 +          :      :   *   |       :      :          + -0.0009721893
  12  1/2003>|          :      :       |       :      :       *  |> 0.0060926716
  13  2/2003 |          :      :       |       :   *  :          |  0.0030226983
  14  3/2003 |          :  *   :       |       :      :          | -0.0030207179
  15  4/2003 |          *      :       |       :      :          | -0.0037922354
  16  5/2003 |          :   *  :       |       :      :          | -0.0029588004
  17  6/2003 |          :      :       |     * :      :          |  0.0015339434
  18  7/2003 |          :      :       |       :*     :          |  0.0023801075
  19  8/2003 |          :      :*      |       :      :          | -0.0017590247
  20  9/2003>|          :      :       |       :      :   *      |> 0.0049789203
  21 10/2003 |          :      :       |    *  :      :          |  0.0013044879
  22 11/2003 |          :      :       |   *   :      :          |  0.0009569097
  23 12/2003 +          :      :*      |       :      :          + -0.0017163720
  24  1/2004>|          :      :       |       :      *          |> 0.0039852456
  25  2/2004 |          :      :       | *     :      :          |  0.0004250294
  26  3/2004 |          :   *  :       |       :      :          | -0.0027631748
  27  4/2004 |          :      :       | *     :      :          |  0.0004826653
  28  5/2004 |          :      :       |       *      :          |  0.0019795250
  29  6/2004 |          :      :     * |       :      :          | -0.0004356345
  30  7/2004 |          :      :       |    *  :      :          |  0.0012475449
  31  8/2004 |          :      :*      |       :      :          | -0.0019463336
  32  9/2004 |          :      :       |       *      :          |  0.0021841105
  33 10/2004 |          :      :       |      *:      :          |  0.0018221428
  34 11/2004 |          :      :       | *     :      :          |  0.0005307639
  35 12/2004 +          :      : *     |       :      :          + -0.0014839977
  36  1/2005 |          :      : *     |       :      :          | -0.0015981120
  37  2/2005 |          :      :       |       : *    :          |  0.0025097399
  38  3/2005 |          :      :       *       :      :          |  0.0000040329
  39  4/2005 |          :      :       *       :      :          | -0.0000762962
  40  5/2005 |          :      :  *    |       :      :          | -0.0012794051
  41  6/2005 |          :      :       |*      :      :          |  0.0003668526
  42  7/2005 |          :      :       |     * :      :          |  0.0015380720
  43  8/2005 |          :      :      *|       :      :          | -0.0001542627
  44  9/2005>|          :      :       |       :      :   *      |> 0.0049831297
  45 10/2005 |          :      :   *   |       :      :          | -0.0011428164
  46 11/2005 |          :     *:       |       :      :          | -0.0023044813
  47 12/2005 +          :      :  *    |       :      :          + -0.0012329899
  48  1/2006 |          :      :       |       :   *  :          |  0.0031097776
  49  2/2006 |          :      :       |*      :      :          |  0.0002985787
  50  3/2006 |          :*     :       |       :      :          | -0.0036482356
  51  4/2006 |          :      :       |       :*     :          |  0.0023187887
  52  5/2006 |          :      :       |       : *    :          |  0.0025833671
  53  6/2006 |          :      :    *  |       :      :          | -0.0008897371
  54  7/2006 |          :      :       |   *   :      :          |  0.0009415400
  55  8/2006 |          :      :    *  |       :      :          | -0.0006865606
  56  9/2006 |          :      :   *   |       :      :          | -0.0010580363
  57 10/2006 |          :   *  :       |       :      :          | -0.0029558193
  58 11/2006 |          :      :       |    *  :      :          |  0.0013315512
  59 12/2006 +          :      :       |*      :      :          +  0.0002073366
  60  1/2007 |          :      :       | *     :      :          |  0.0004456195
  61  2/2007 |          :      :*      |       :      :          | -0.0017579625
  62  3/2007 |          :      *       |       :      :          | -0.0019992198
  63  4/2007 |          :      :       |       :   *  :          |  0.0031476408
  64  5/2007 |          :      :       |  *    :      :          |  0.0007324774
  65  6/2007 |          :      :       |*      :      :          |  0.0002625269
  66  7/2007 |          :      :       *       :      :          |  0.0001006634
  67  8/2007 |          :      :       *       :      :          |  0.0000962614
  68  9/2007 |          :      :       |       :*     :          |  0.0022353327
  69 10/2007 |          :      :       |      *:      :          |  0.0016971899
  70 11/2007>|          :      :       |       :      :    *     |> 0.0052664884
  71 12/2007 +          :      :       |   *   :      :          +  0.0010093519
  72  1/2008 |          :      :       |       *      :          |  0.0020311023
  73  2/2008 |          :      :*      |       :      :          | -0.0017547116
  74  3/2008 |          :      :       |   *   :      :          |  0.0011600312
  75  4/2008 |          :      :       |    *  :      :          |  0.0014210305
  76  5/2008 |          :      :       |       :    * :          |  0.0034746239
  77  6/2008 |          :      :       |       : *    :          |  0.0025581747
  78  7/2008 |          :      :       |*      :      :          |  0.0001697948
  79  8/2008>|        * :      :       |       :      :          |>-0.0045179895
  80  9/2008 |          :      :       | *     :      :          |  0.0004110833
  81 10/2008 |          :      :   *   |       :      :          | -0.0010349415
  82 11/2008>|        * :      :       |       :      :          |>-0.0045333098
  83 12/2008>+       *  :      :       |       :      :          +>-0.0045897670
  84  1/2009 |          :      :       *       :      :          |  0.0000997461
  85  2/2009 |          :      :       |  *    :      :          |  0.0008018084
  86  3/2009>|          *      :       |       :      :          |>-0.0040123665
  87  4/2009 |          :      :      *|       :      :          | -0.0001507301
  88  5/2009 |          :      :       *       :      :          | -0.0000255163
  89  6/2009 |          :      :       |  *    :      :          |  0.0006712506
  90  7/2009 |          :      :*      |       :      :          | -0.0017762205
  91  8/2009 |          :      :       |    *  :      :          |  0.0013268136
  92  9/2009 |          :      :  *    |       :      :          | -0.0012772129
  93 10/2009 |          :      :       |*      :      :          |  0.0002284012
  94 11/2009 |          :      :       |    *  :      :          |  0.0014136898
  95 12/2009 +          :      :       |*      :      :          +  0.0003713297
  96  1/2010 |          :      :       |    *  :      :          |  0.0012803146
  97  2/2010 |          :      :       |      *:      :          |  0.0019210739
  98  3/2010 |          :      :  *    |       :      :          | -0.0012891769
  99  4/2010 |          :      :       | *     :      :          |  0.0005062193
 100  5/2010 |          :      :    *  |       :      :          | -0.0006750084
 101  6/2010 |          :      :   *   |       :      :          | -0.0009192011
 102  7/2010 |          :      :      *|       :      :          | -0.0001632431
 103  8/2010 |          :      :  *    |       :      :          | -0.0013834519
 104  9/2010 |          :      :       | *     :      :          |  0.0004336021
 105 10/2010 |          :      :       | *     :      :          |  0.0006071395
 106 11/2010 |          :      :       |   *   :      :          |  0.0011583666
 107 12/2010 +          :      :       |       *      :          +  0.0021474326
 108  1/2011 |          :      :       |   *   :      :          |  0.0009855661
 109  2/2011 |          :      :       |   *   :      :          |  0.0010246131
 110  3/2011 |          :      :       |       *      :          |  0.0019972726
 111  4/2011 |          :      :       |    *  :      :          |  0.0013853354
 112  5/2011 |          :      : *     |       :      :          | -0.0015282522
 113  6/2011 |          :      :      *|       :      :          | -0.0001815865
 114  7/2011 |          :      :*      |       :      :          | -0.0018559780
 115  8/2011 |          :      :       |     * :      :          |  0.0015245866
 116  9/2011 |          :      :       | *     :      :          |  0.0004054210
 117 10/2011 |          :      :       |     * :      :          |  0.0015735091
 118 11/2011 |          :      :       |       : *    :          |  0.0025970227
 119 12/2011 +          :      :       |     * :      :          +  0.0015412437
 120  1/2012 |          :      :      *|       :      :          | -0.0003372542
 121  2/2012 |          :      :       | *     :      :          |  0.0004564055
 122  3/2012 |          :      :       |       :*     :          |  0.0023455203
 123  4/2012 |          :      :     * |       :      :          | -0.0006183828
 124  5/2012 |          :    * :       |       :      :          | -0.0024794870
 125  6/2012 |          :      :     * |       :      :          | -0.0005489750
 126  7/2012 |          :      : *     |       :      :          | -0.0016673749
 127  8/2012 |          :      :       |       :   *  :          |  0.0030756611
 128  9/2012 |          :      :  *    |       :      :          | -0.0013585490
 129 10/2012 |          :      :       |   *   :      :          |  0.0009582066
 130 11/2012 |          :      : *     |       :      :          | -0.0016348473
 131 12/2012 +          :      :       |   *   :      :          +  0.0009180523
 132  1/2013 |          :      : *     |       :      :          | -0.0016178269
 133  2/2013 |          :      :     * |       :      :          | -0.0004878477
 134  3/2013 |          :      :       |      *:      :          |  0.0018874091
 135  4/2013 |          : *    :       |       :      :          | -0.0032694205
 136  5/2013 |          :      :  *    |       :      :          | -0.0011931491
 137  6/2013 |          :      :       |   *   :      :          |  0.0009519267
 138  7/2013 |          :      :      *|       :      :          | -0.0003422453
 139  8/2013 |          :      :       |   *   :      :          |  0.0009563864
 140  9/2013 |          :      :  *    |       :      :          | -0.0013546075
 141 10/2013 |          :      *       |       :      :          | -0.0020923743
 142 11/2013 |          :      :      *|       :      :          | -0.0003718193
 143 12/2013 +          :      :       |    *  :      :          +  0.0013916180
 144  1/2014 |          :      *       |       :      :          | -0.0021653359
 145  2/2014 |          :      :       |       *      :          |  0.0021572603
 146  3/2014 |          :      :  *    |       :      :          | -0.0011713744
 147  4/2014 |          :     *:       |       :      :          | -0.0022417238
 148  5/2014 |          :      : *     |       :      :          | -0.0015260569
 149  6/2014 |          :      :   *   |       :      :          | -0.0009986888
 150  7/2014 |          :      :     * |       :      :          | -0.0005143252
 151  8/2014 |          :      :       |  *    :      :          |  0.0009104768
 152  9/2014 |          :   *  :       |       :      :          | -0.0027469953
 153 10/2014 |          :      :     * |       :      :          | -0.0004272851
 154 11/2014 |          :      : *     |       :      :          | -0.0016010749
 155 12/2014 +          :      :  *    |       :      :          + -0.0012292482
 156  1/2015>|*         :      :       |       :      :          |>-0.0064950387
 157  2/2015 |          :      :       |       :     *:          |  0.0036228820
 158  3/2015 |          :      :       |    *  :      :          |  0.0012240751
 159  4/2015 |          :      :    *  |       :      :          | -0.0006800700
 160  5/2015 |          :      :       | *     :      :          |  0.0004459081
 161  6/2015 |          :      : *     |       :      :          | -0.0016445209
 162  7/2015 |          :      : *     |       :      :          | -0.0016224960
 163  8/2015 |          :      :      *|       :      :          | -0.0003340365
 164  9/2015 |          :   *  :       |       :      :          | -0.0028356236
 165 10/2015 |          :      :       *       :      :          |  0.0000002398
 166 11/2015 |          :      :*      |       :      :          | -0.0017425373
 167 12/2015 +          :      :       |*      :      :          +  0.0001631128
 168  1/2016>| *        :      :       |       :      :          |>-0.0061175889
 169  2/2016 |          :      :     * |       :      :          | -0.0005940705
 170  3/2016 |          :      :       |     * :      :          |  0.0016432191
 171  4/2016 |          :      :    *  |       :      :          | -0.0008196216
 172  5/2016 |          :      :       |       :*     :          |  0.0023067826
 173  6/2016 |          :      :       | *     :      :          |  0.0004178684
 174  7/2016 |          :      : *     |       :      :          | -0.0014772742
 175  8/2016 |          :      :     * |       :      :          | -0.0004635534
 176  9/2016 |          :      :  *    |       :      :          | -0.0013497160
 177 10/2016 |          :      :      *|       :      :          | -0.0003623171
 178 11/2016 |          :      :      *|       :      :          | -0.0001554655
 179 12/2016 +          :      :       |  *    :      :          +  0.0008613706
 180  1/2017 |          :      :       |   *   :      :          |  0.0009481852
 181  2/2017 |          :      *       |       :      :          | -0.0021965624
 182  3/2017 |          :      :       | *     :      :          |  0.0006158012
 183  4/2017 |          :      :    *  |       :      :          | -0.0008280995
 184  5/2017 |          :      :  *    |       :      :          | -0.0012038008
 185  6/2017 |          :      :    *  |       :      :          | -0.0006821513
 186  7/2017 |          :      :    *  |       :      :          | -0.0009050334
 187  8/2017 |          :      :       |     * :      :          |  0.0016398349
 188  9/2017 |          :      :     * |       :      :          | -0.0005738276
 189 10/2017 |          :      :       |*      :      :          |  0.0001573522
 190 11/2017 |          :      :       |  *    :      :          |  0.0008629093
 191 12/2017 +          :      :       |   *   :      :          +  0.0009241504
 192  1/2018 |          :      :       |       *      :          |  0.0021781372
 193  2/2018 |          :*     :       |       :      :          | -0.0037495590
 194  3/2018>|          :      :       |       :      : *        |> 0.0043393637
 195  4/2018 |          :      :       *       :      :          | -0.0001035534
 196  5/2018 |          :      :       |       :*     :          |  0.0023681772
 197  6/2018 |          :      :   *   |       :      :          | -0.0010032126
 198  7/2018 |          :      :       |    *  :      :          |  0.0013132712
 199  8/2018 |          :      :       |   *   :      :          |  0.0011613829
 200  9/2018 |          :      :  *    |       :      :          | -0.0013331661
 201 10/2018 |          :      :       |*      :      :          |  0.0001491937
 202 11/2018 |          :     *:       |       :      :          | -0.0022135334
 203 12/2018 +          :      :*      |       :      :          + -0.0019078151
 204  1/2019 |          :      :   *   |       :      :          | -0.0010564951
 205  2/2019 |          :    * :       |       :      :          | -0.0025159092
 206  3/2019 |          :      :       |       : *    :          |  0.0026937506
 207  4/2019 |          :      :       |     * :      :          |  0.0015718448
 208  5/2019 |          :      :    *  |       :      :          | -0.0007781221
 209  6/2019 |          :      :       |    *  :      :          |  0.0013573682
 210  7/2019 |          :      :       |*      :      :          |  0.0003316999
 211  8/2019 |          :      :       |   *   :      :          |  0.0009501203
 212  9/2019 |          :    * :       |       :      :          | -0.0026884184
 213 10/2019 |          :      :  *    |       :      :          | -0.0012017657
 214 11/2019 |          :      :       | *     :      :          |  0.0006125700
 215 12/2019 +          :      :       |       :*     :          +  0.0023899387
-------------+--+-------+------+-------+-------+------+-------+--+--------------
               -3      -2     -1       0      +1     +2      +3   

                 +------------------------------------------+
                 |       Table of standardized values       |
                 |       greater than or equal to 2.0       |
                 +------------------------------------------+
                 |                                          |
                 | Observation    Date   Standardized value |
                 |                                          |
                 |     12        1/2003         3.08        |
                 |     20        9/2003         2.51        |
                 |     24        1/2004         2.01        |
                 |     44        9/2005         2.52        |
                 |     70       11/2007         2.66        |
                 |     79        8/2008        -2.28        |
                 |     82       11/2008        -2.29        |
                 |     83       12/2008        -2.32        |
                 |     86        3/2009        -2.03        |
                 |    156        1/2015        -3.28        |
                 |    168        1/2016        -3.09        |
                 |    194        3/2018         2.19        |
                 +------------------------------------------+

Standardized time series histogram:

       -4      -3      -2      -1       0      +1      +2      +3      +4
        +---+---+---+---+---+---+---+---+---+---+---+---+---+---+---+---+
        |                                 46                            |
        |                         41     ....                            |
        |                        ....    ....                            |
        |                        .... 37 ....                            |
        |                        ............                            |
        |                        ............ 30                         |
        |                        ................                        |
        |                        ................                        |
        |                        ................                        |
        |                        ................ 19                     |
        |                     17 ....................                    |
        |                    ........................                    |
        |                    ........................                    |
        |                    ........................  8                 |
        |              4  5  ............................    3           |
        |      2     .................................... 2  ....1       |
        |    ....    ................................................    |
        +---+---+---+---+---+---+---+---+---+---+---+---+---+---+---+---+
       -4      -3      -2      -1       0      +1      +2      +3      +4

              61 values outside (-1,+1): 28.37 % (31.74 % expected)
              12 values outside (-2,+2):  5.58 % ( 4.56 % expected)

Autocorrelation function (acf bands =  0.136):

            -1                         0                         1  L-B Q  DF
-------------+-------------------------+-------------------------+--------------
   1  -0.005 |                      :  |  :                      | 
   2  -0.009 |                      :  |  :                      | 
   3  -0.001 |                      :  |  :                      | 
   4   0.104 |                      :  |***                      | 
   5   0.014 |                      :  |  :                      | 
   6  -0.066 |                      :**|  :                      | 
   7   0.075 |                      :  |**:                      | 
   8   0.029 |                      :  |* :                      | 
   9  -0.003 |                      :  |  :                      | 
  10   0.017 |                      :  |  :                      | 
  11  -0.092 |                      :**|  :                      | 
  12   0.230 +                      :  |++++++                   +  19.02  12
  13  -0.170 |                     ****|  :                      | 
  14  -0.011 |                      :  |  :                      | 
  15   0.041 |                      :  |* :                      | 
  16   0.011 |                      :  |  :                      | 
  17  -0.011 |                      :  |  :                      | 
  18  -0.084 |                      :**|  :                      | 
  19   0.030 |                      :  |* :                      | 
  20   0.078 |                      :  |**:                      | 
  21   0.099 |                      :  |**:                      | 
  22   0.033 |                      :  |* :                      | 
  23  -0.126 |                      ***|  :                      | 
  24   0.128 +                      :  |+++                      +  40.02  24
  25  -0.045 |                      : *|  :                      | 
  26   0.029 |                      :  |* :                      | 
  27   0.016 |                      :  |  :                      | 
  28  -0.038 |                      : *|  :                      | 
  29  -0.025 |                      : *|  :                      | 
  30  -0.021 |                      : *|  :                      | 
  31   0.018 |                      :  |  :                      | 
  32   0.025 |                      :  |* :                      | 
  33   0.006 |                      :  |  :                      | 
  34  -0.011 |                      :  |  :                      | 
  35  -0.052 |                      : *|  :                      | 
  36   0.070 +                      :  |++:                      +  43.68  36
  37  -0.054 |                      : *|  :                      | 
  38  -0.048 |                      : *|  :                      | 
  39  -0.003 |                      :  |  :                      | 
  40   0.015 |                      :  |  :                      | 
  41   0.016 |                      :  |  :                      | 
  42   0.003 |                      :  |  :                      |  45.16  42
-------------+-------------------------+-------------------------+--------------
            -1                         0                         1  L-B Q  DF

Partial autocorrelation function (pacf bands =  0.136):

            -1                         0                         1
-------------+-------------------------+-------------------------+--------------
   1  -0.005 |                      :  |  :                      | 
   2  -0.009 |                      :  |  :                      | 
   3  -0.002 |                      :  |  :                      | 
   4   0.104 |                      :  |***                      | 
   5   0.016 |                      :  |  :                      | 
   6  -0.065 |                      :**|  :                      | 
   7   0.076 |                      :  |**:                      | 
   8   0.019 |                      :  |  :                      | 
   9  -0.006 |                      :  |  :                      | 
  10   0.032 |                      :  |* :                      | 
  11  -0.108 |                      ***|  :                      | 
  12   0.226 +                      :  |++++++                   + 
  13  -0.181 |                    *****|  :                      | 
  14  -0.004 |                      :  |  :                      | 
  15   0.065 |                      :  |**:                      | 
  16  -0.049 |                      : *|  :                      | 
  17   0.018 |                      :  |  :                      | 
  18  -0.049 |                      : *|  :                      | 
  19  -0.029 |                      : *|  :                      | 
  20   0.117 |                      :  |***                      | 
  21   0.108 |                      :  |***                      | 
  22   0.011 |                      :  |  :                      | 
  23  -0.077 |                      :**|  :                      | 
  24   0.032 +                      :  |+ :                      + 
  25   0.011 |                      :  |  :                      | 
  26   0.023 |                      :  |* :                      | 
  27   0.004 |                      :  |  :                      | 
  28  -0.057 |                      : *|  :                      | 
  29  -0.050 |                      : *|  :                      | 
  30   0.024 |                      :  |* :                      | 
  31  -0.012 |                      :  |  :                      | 
  32   0.025 |                      :  |* :                      | 
  33   0.005 |                      :  |  :                      | 
  34  -0.021 |                      : *|  :                      | 
  35   0.022 |                      :  |* :                      | 
  36  -0.017 +                      :  |  :                      + 
  37  -0.020 |                      :  |  :                      | 
  38  -0.028 |                      : *|  :                      | 
  39  -0.005 |                      :  |  :                      | 
  40   0.028 |                      :  |* :                      | 
  41  -0.014 |                      :  |  :                      | 
  42  -0.006 |                      :  |  :                      | 
-------------+-------------------------+-------------------------+--------------
            -1                         0                         1


--- Residual series a[3] (IPC_DE) ---
Unconditional residuals (seasonal period: 12)
215 observations: from 2/2002 to 12/2019

                  Mean:          -0.000001
Standard error of mean:           0.000160
              Variance:           0.000006
    Standard deviation:           0.002347
              Skewness:           0.124092
              Kurtosis:           0.382370
               Minimum:          -0.005705 at 12/2014 (observation 155)
               Maximum:           0.007502 at 11/2007 (observation  70)

Standardized time series plot (original values on right-side column):

               -3     -2      -1       0      +1      +2     +3   
-------------+--+------+-------+-------+-------+-------+------+--+--------------
   1  2/2002 |         :       :  *    |       :       :         | -0.0013974425
   2  3/2002 |         :       :   *   |       :       :         | -0.0012012330
   3  4/2002 |         :       :*      |       :       :         | -0.0020111818
   4  5/2002 |         :       :      *|       :       :         | -0.0002913445
   5  6/2002 |         :       :  *    |       :       :         | -0.0015218135
   6  7/2002 |         :       :*      |       :       :         | -0.0021949982
   7  8/2002 |         :       :    *  |       :       :         | -0.0010058918
   8  9/2002 |         :       :       | *     :       :         |  0.0005051398
   9 10/2002 |         :       :  *    |       :       :         | -0.0014321220
  10 11/2002 |         :       :  *    |       :       :         | -0.0014451268
  11 12/2002 +         :       :       |       :    *  :         +  0.0038445936
  12  1/2003>|         :       :       |       :       *         |> 0.0048925872
  13  2/2003 |         :       :       *       :       :         |  0.0001237702
  14  3/2003 |         :  *    :       |       :       :         | -0.0039062563
  15  4/2003 |         :       *       |       :       :         | -0.0024873442
  16  5/2003 |         :    *  :       |       :       :         | -0.0034206722
  17  6/2003 |         :       :       |       *       :         |  0.0024061083
  18  7/2003 |         :       *       |       :       :         | -0.0024205531
  19  8/2003 |         :       :     * |       :       :         | -0.0005957139
  20  9/2003 |         :       :       |  *    :       :         |  0.0009116549
  21 10/2003 |         :       :      *|       :       :         | -0.0002669968
  22 11/2003 |         :       :       *       :       :         | -0.0001169568
  23 12/2003 +         :       :       |       *       :         +  0.0022974979
  24  1/2004>|         :       :       |       :       :*        |> 0.0050237519
  25  2/2004 |         :    *  :       |       :       :         | -0.0033596606
  26  3/2004 |         :       :       *       :       :         |  0.0000608000
  27  4/2004 |         :       :       |       *       :         |  0.0024844069
  28  5/2004 |         :       :       |*      :       :         |  0.0002920720
  29  6/2004 |         :       : *     |       :       :         | -0.0017605557
  30  7/2004 |         :       : *     |       :       :         | -0.0017331560
  31  8/2004 |         :       :       |     * :       :         |  0.0016638710
  32  9/2004 |         :       *       |       :       :         | -0.0022713884
  33 10/2004 |         :       :       |   *   :       :         |  0.0011019476
  34 11/2004 |         :       :       |    *  :       :         |  0.0013702781
  35 12/2004>+         :       :       |       :       : *       +> 0.0053588401
  36  1/2005 |         :      *:       |       :       :         | -0.0027667869
  37  2/2005 |         :       :  *    |       :       :         | -0.0015029210
  38  3/2005 |         :       :       |       *       :         |  0.0022925769
  39  4/2005>|        *:       :       |       :       :         |>-0.0050135758
  40  5/2005 |         :       :       |  *    :       :         |  0.0009480714
  41  6/2005 |         :       :       |*      :       :         |  0.0001623524
  42  7/2005 |         :       :       |  *    :       :         |  0.0009655704
  43  8/2005 |         :       :       |   *   :       :         |  0.0011642681
  44  9/2005 |         :       :       |   *   :       :         |  0.0012931808
  45 10/2005 |         :       :       *       :       :         |  0.0000112250
  46 11/2005 |         :       :       *       :       :         | -0.0000769853
  47 12/2005 +         :       :       |       *       :         +  0.0023523929
  48  1/2006 |         :       :       |   *   :       :         |  0.0011774608
  49  2/2006 |         :       :     * |       :       :         | -0.0005103142
  50  3/2006 |         :   *   :       |       :       :         | -0.0035505825
  51  4/2006 |         :       :       |       :  *    :         |  0.0032140414
  52  5/2006 |         :       :  *    |       :       :         | -0.0016409600
  53  6/2006 |         :       :       |*      :       :         |  0.0002911595
  54  7/2006 |         :       :       |  *    :       :         |  0.0008411009
  55  8/2006 |         :      *:       |       :       :         | -0.0028228590
  56  9/2006 |         :     * :       |       :       :         | -0.0029493375
  57 10/2006 |         :       :       |     * :       :         |  0.0017982799
  58 11/2006 |         :       :       |      *:       :         |  0.0020833982
  59 12/2006 +         :       :       |       *       :         +  0.0024823329
  60  1/2007 |         :       :       |       :      *:         |  0.0045827409
  61  2/2007 |         :       : *     |       :       :         | -0.0018115089
  62  3/2007 |         :       :   *   |       :       :         | -0.0011311392
  63  4/2007>|         :       :       |       :       *         |> 0.0046998136
  64  5/2007 |         :       :*      |       :       :         | -0.0021102132
  65  6/2007 |         :       :     * |       :       :         | -0.0006796112
  66  7/2007 |         :       :       |       *       :         |  0.0022707567
  67  8/2007 |         :       :  *    |       :       :         | -0.0016223096
  68  9/2007 |         :       :       |    *  :       :         |  0.0014366171
  69 10/2007 |         :       :       |       *       :         |  0.0025179017
  70 11/2007>|         :       :       |       :       :        *|> 0.0075016613
  71 12/2007 +         :       :       *       :       :         +  0.0000543876
  72  1/2008 |         :       :       |  *    :       :         |  0.0008534662
  73  2/2008 |         :       :       | *     :       :         |  0.0007299898
  74  3/2008 |         :       :       |  *    :       :         |  0.0010234691
  75  4/2008 |         :    *  :       |       :       :         | -0.0032131522
  76  5/2008 |         :       :       |       :     * :         |  0.0043356574
  77  6/2008 |         :       :       |      *:       :         |  0.0019516711
  78  7/2008 |         :       :       |    *  :       :         |  0.0016252699
  79  8/2008 |         :    *  :       |       :       :         | -0.0033716359
  80  9/2008 |         :       :       | *     :       :         |  0.0006721039
  81 10/2008 |         :       : *     |       :       :         | -0.0016998816
  82 11/2008 |         :      *:       |       :       :         | -0.0027741017
  83 12/2008 +         :       :*      |       :       :         + -0.0021944639
  84  1/2009 |         :       :       |*      :       :         |  0.0002103556
  85  2/2009 |         :       :       |  *    :       :         |  0.0007656703
  86  3/2009>|        *:       :       |       :       :         |>-0.0052427127
  87  4/2009 |         :       :     * |       :       :         | -0.0006067012
  88  5/2009 |         :       :    *  |       :       :         | -0.0010242483
  89  6/2009 |         :       :       |    *  :       :         |  0.0014914585
  90  7/2009 |         :    *  :       |       :       :         | -0.0033037321
  91  8/2009 |         :       :       |      *:       :         |  0.0020892309
  92  9/2009 |         :  *    :       |       :       :         | -0.0039972753
  93 10/2009 |         :       :       |  *    :       :         |  0.0008927180
  94 11/2009 |         :       :       |    *  :       :         |  0.0015294189
  95 12/2009 +         :       :       |       *       :         +  0.0022536398
  96  1/2010 |         :       :   *   |       :       :         | -0.0012814365
  97  2/2010 |         :       :  *    |       :       :         | -0.0013950440
  98  3/2010 |         :       :       |       :*      :         |  0.0027495414
  99  4/2010 |         :       :   *   |       :       :         | -0.0012454984
 100  5/2010 |         :       : *     |       :       :         | -0.0019096802
 101  6/2010 |         :       :    *  |       :       :         | -0.0009710826
 102  7/2010 |         :       : *     |       :       :         | -0.0018165590
 103  8/2010 |         :       :       |   *   :       :         |  0.0010932244
 104  9/2010 |         :       :    *  |       :       :         | -0.0010326998
 105 10/2010 |         :       :       |  *    :       :         |  0.0007945473
 106 11/2010 |         :       :       |       :  *    :         |  0.0033133147
 107 12/2010 +         :       :       |   *   :       :         +  0.0013477059
 108  1/2011 |         :       :       |  *    :       :         |  0.0008895124
 109  2/2011 |         :       :       |      *:       :         |  0.0021680662
 110  3/2011 |         :       :       |      *:       :         |  0.0020100022
 111  4/2011 |         :       :   *   |       :       :         | -0.0011979702
 112  5/2011 |         :       :  *    |       :       :         | -0.0014143238
 113  6/2011 |         :       :       *       :       :         |  0.0001408534
 114  7/2011 |         :       :    *  |       :       :         | -0.0007954886
 115  8/2011 |         :       :       |  *    :       :         |  0.0008476980
 116  9/2011 |         :       :       |   *   :       :         |  0.0012527192
 117 10/2011 |         :       :       | *     :       :         |  0.0006949056
 118 11/2011 |         :       :       |       : *     :         |  0.0030289958
 119 12/2011 +         :      *:       |       :       :         + -0.0027935989
 120  1/2012 |         :       :       |       :   *   :         |  0.0034762927
 121  2/2012 |         :       :       |      *:       :         |  0.0022485532
 122  3/2012 |         :       :       |   *   :       :         |  0.0011338446
 123  4/2012 |         :       :*      |       :       :         | -0.0019727831
 124  5/2012 |         :       *       |       :       :         | -0.0023966577
 125  6/2012 |         :       : *     |       :       :         | -0.0018769516
 126  7/2012 |         :       :       |*      :       :         |  0.0004388008
 127  8/2012 |         :       :       |       :    *  :         |  0.0040018026
 128  9/2012 |         :       :       | *     :       :         |  0.0004853715
 129 10/2012 |         :       :     * |       :       :         | -0.0005387768
 130 11/2012 |         :       :       |       *       :         |  0.0024409444
 131 12/2012 +         :       :  *    |       :       :         + -0.0014872071
 132  1/2013 |         :       :       *       :       :         | -0.0000187092
 133  2/2013 |         :       :       |   *   :       :         |  0.0011842868
 134  3/2013 |         :       :       | *     :       :         |  0.0005518903
 135  4/2013>|       * :       :       |       :       :         |>-0.0054697440
 136  5/2013 |         :       :       |       :  *    :         |  0.0032582906
 137  6/2013 |         :       :       *       :       :         | -0.0001174002
 138  7/2013 |         :       :       |*      :       :         |  0.0003707957
 139  8/2013 |         :       :       *       :       :         |  0.0001143333
 140  9/2013 |         :       :       *       :       :         |  0.0000264282
 141 10/2013 |         :       :*      |       :       :         | -0.0020775604
 142 11/2013 |         :       :       |       :     * :         |  0.0042115452
 143 12/2013 +         :       :     * |       :       :         + -0.0005996756
 144  1/2014 |         :      *:       |       :       :         | -0.0027503645
 145  2/2014 |         :       :       |    *  :       :         |  0.0015785101
 146  3/2014 |         :       :   *   |       :       :         | -0.0012682346
 147  4/2014 |         :       *       |       :       :         | -0.0023210453
 148  5/2014 |         :       *       |       :       :         | -0.0022559555
 149  6/2014 |         :       :       |  *    :       :         |  0.0008856376
 150  7/2014 |         :       :       *       :       :         |  0.0000879117
 151  8/2014 |         :       :     * |       :       :         | -0.0006446279
 152  9/2014 |         :       :       |*      :       :         |  0.0002568082
 153 10/2014 |         :       :*      |       :       :         | -0.0022216808
 154 11/2014 |         :       :       |      *:       :         |  0.0020500330
 155 12/2014>+      *  :       :       |       :       :         +>-0.0057053310
 156  1/2015>|       * :       :       |       :       :         |>-0.0052592135
 157  2/2015 |         :       :       |       :     * :         |  0.0041499119
 158  3/2015 |         :       :       |   *   :       :         |  0.0012182617
 159  4/2015 |         :       :       |      *:       :         |  0.0020381672
 160  5/2015 |         :       :       | *     :       :         |  0.0004584802
 161  6/2015 |         :       :  *    |       :       :         | -0.0015298385
 162  7/2015 |         :       :      *|       :       :         | -0.0002782412
 163  8/2015 |         :       :    *  |       :       :         | -0.0009742317
 164  9/2015 |         :       :    *  |       :       :         | -0.0009211212
 165 10/2015 |         :       :       *       :       :         | -0.0000679684
 166 11/2015 |         :*      :       |       :       :         | -0.0045663190
 167 12/2015 +         : *     :       |       :       :         + -0.0043484522
 168  1/2016 |         :       *       |       :       :         | -0.0023963353
 169  2/2016 |         :       :   *   |       :       :         | -0.0013173952
 170  3/2016 |         :       :       |       :*      :         |  0.0026626626
 171  4/2016 |         :       :     * |       :       :         | -0.0005838679
 172  5/2016 |         :       :       |       :  *    :         |  0.0032325006
 173  6/2016 |         :       :      *|       :       :         | -0.0003695568
 174  7/2016 |         :       :       *       :       :         | -0.0000441839
 175  8/2016 |         :       :     * |       :       :         | -0.0007092248
 176  9/2016 |         :       :       |   *   :       :         |  0.0012402244
 177 10/2016 |         :       :       |  *    :       :         |  0.0009200117
 178 11/2016>|         *       :       |       :       :         |>-0.0048145539
 179 12/2016 +         :       :       |      *:       :         +  0.0021874419
 180  1/2017 |         :       :     * |       :       :         | -0.0007365534
 181  2/2017 |         :       :       *       :       :         |  0.0000558452
 182  3/2017 |         :       :    *  |       :       :         | -0.0010513794
 183  4/2017 |         :       :       |       : *     :         |  0.0030650511
 184  5/2017 |         :       : *     |       :       :         | -0.0016880201
 185  6/2017 |         :       :       |   *   :       :         |  0.0013455016
 186  7/2017 |         :       :       |     * :       :         |  0.0016514370
 187  8/2017 |         :       :       |*      :       :         |  0.0003391637
 188  9/2017 |         :       :       |*      :       :         |  0.0001828634
 189 10/2017 |         :       :   *   |       :       :         | -0.0010948504
 190 11/2017 |         :       :*      |       :       :         | -0.0021162543
 191 12/2017 +         :       :       *       :       :         + -0.0001030532
 192  1/2018 |         :       :    *  |       :       :         | -0.0010075313
 193  2/2018 |         :       :  *    |       :       :         | -0.0015568168
 194  3/2018 |         :       :       |     * :       :         |  0.0019438690
 195  4/2018 |         :       :       |     * :       :         |  0.0018508036
 196  5/2018>|         :       :       |       :       :*        |> 0.0050303968
 197  6/2018 |         :       :    *  |       :       :         | -0.0009052094
 198  7/2018 |         :       :       |   *   :       :         |  0.0010648288
 199  8/2018 |         :       :       |    *  :       :         |  0.0015039135
 200  9/2018 |         :       :       |     * :       :         |  0.0018914999
 201 10/2018 |         :       :       | *     :       :         |  0.0007298292
 202 11/2018 |         :*      :       |       :       :         | -0.0044765070
 203 12/2018 +         :  *    :       |       :       :         + -0.0038590888
 204  1/2019 |         :    *  :       |       :       :         | -0.0032147356
 205  2/2019 |         :       :      *|       :       :         | -0.0001922500
 206  3/2019 |         :       :       | *     :       :         |  0.0004577313
 207  4/2019>|         :       :       |       :       :        *|> 0.0074475532
 208  5/2019 |         :       :     * |       :       :         | -0.0004567231
 209  6/2019 |         :       :       |  *    :       :         |  0.0009412851
 210  7/2019 |         :       :       |      *:       :         |  0.0021175938
 211  8/2019 |         :       :  *    |       :       :         | -0.0014204765
 212  9/2019 |         :       :       |*      :       :         |  0.0003341570
 213 10/2019 |         :       :       *       :       :         |  0.0000670621
 214 11/2019>|       * :       :       |       :       :         |>-0.0054667628
 215 12/2019 +         :       :       |   *   :       :         +  0.0010741625
-------------+--+------+-------+-------+-------+-------+------+--+--------------
               -3     -2      -1       0      +1      +2     +3   

                 +------------------------------------------+
                 |       Table of standardized values       |
                 |       greater than or equal to 2.0       |
                 +------------------------------------------+
                 |                                          |
                 | Observation    Date   Standardized value |
                 |                                          |
                 |     12        1/2003         2.08        |
                 |     24        1/2004         2.14        |
                 |     35       12/2004         2.28        |
                 |     39        4/2005        -2.14        |
                 |     63        4/2007         2.00        |
                 |     70       11/2007         3.20        |
                 |     86        3/2009        -2.23        |
                 |    135        4/2013        -2.33        |
                 |    155       12/2014        -2.43        |
                 |    156        1/2015        -2.24        |
                 |    178       11/2016        -2.05        |
                 |    196        5/2018         2.14        |
                 |    207        4/2019         3.17        |
                 |    214       11/2019        -2.33        |
                 +------------------------------------------+

Standardized time series histogram:

       -4      -3      -2      -1       0      +1      +2      +3      +4
        +---+---+---+---+---+---+---+---+---+---+---+---+---+---+---+---+
        |                                 49                            |
        |                                ....                            |
        |                                ....                            |
        |                         38     ....                            |
        |                        .... 35 ....35                          |
        |                        ................                        |
        |                        ................                        |
        |                        ................                        |
        |                        ................                        |
        |                        ................                        |
        |                     16 ................                        |
        |                    .................... 15                     |
        |                    ........................                    |
        |              7  7  ........................                    |
        |            ................................  6  5              |
        |            ........................................      2     |
        |            ........................................    ....    |
        +---+---+---+---+---+---+---+---+---+---+---+---+---+---+---+---+
       -4      -3      -2      -1       0      +1      +2      +3      +4

              58 values outside (-1,+1): 26.98 % (31.74 % expected)
              14 values outside (-2,+2):  6.51 % ( 4.56 % expected)

Autocorrelation function (acf bands =  0.136):

            -1                         0                         1  L-B Q  DF
-------------+-------------------------+-------------------------+--------------
   1  -0.007 |                      :  |  :                      | 
   2  -0.014 |                      :  |  :                      | 
   3   0.009 |                      :  |  :                      | 
   4  -0.038 |                      : *|  :                      | 
   5  -0.149 |                     ****|  :                      | 
   6  -0.021 |                      : *|  :                      | 
   7   0.006 |                      :  |  :                      | 
   8  -0.106 |                      ***|  :                      | 
   9   0.015 |                      :  |  :                      | 
  10   0.001 |                      :  |  :                      | 
  11   0.217 |                      :  |*****                    | 
  12   0.149 +                      :  |++++                     +  23.92  12
  13   0.039 |                      :  |* :                      | 
  14  -0.050 |                      : *|  :                      | 
  15   0.026 |                      :  |* :                      | 
  16  -0.042 |                      : *|  :                      | 
  17  -0.086 |                      :**|  :                      | 
  18  -0.043 |                      : *|  :                      | 
  19  -0.056 |                      : *|  :                      | 
  20  -0.064 |                      :**|  :                      | 
  21  -0.023 |                      : *|  :                      | 
  22   0.038 |                      :  |* :                      | 
  23   0.041 |                      :  |* :                      | 
  24   0.035 +                      :  |+ :                      +  30.54  24
  25   0.080 |                      :  |**:                      | 
  26  -0.064 |                      :**|  :                      | 
  27  -0.017 |                      :  |  :                      | 
  28  -0.092 |                      :**|  :                      | 
  29  -0.069 |                      :**|  :                      | 
  30  -0.038 |                      : *|  :                      | 
  31  -0.030 |                      : *|  :                      | 
  32  -0.025 |                      : *|  :                      | 
  33  -0.031 |                      : *|  :                      | 
  34  -0.012 |                      :  |  :                      | 
  35   0.004 |                      :  |  :                      | 
  36   0.184 +                      :  |+++++                    +  46.32  36
  37   0.048 |                      :  |* :                      | 
  38  -0.045 |                      : *|  :                      | 
  39  -0.033 |                      : *|  :                      | 
  40  -0.050 |                      : *|  :                      | 
  41  -0.106 |                      ***|  :                      | 
  42   0.005 |                      :  |  :                      |  51.46  42
-------------+-------------------------+-------------------------+--------------
            -1                         0                         1  L-B Q  DF

Partial autocorrelation function (pacf bands =  0.136):

            -1                         0                         1
-------------+-------------------------+-------------------------+--------------
   1  -0.007 |                      :  |  :                      | 
   2  -0.014 |                      :  |  :                      | 
   3   0.009 |                      :  |  :                      | 
   4  -0.038 |                      : *|  :                      | 
   5  -0.150 |                     ****|  :                      | 
   6  -0.026 |                      : *|  :                      | 
   7   0.002 |                      :  |  :                      | 
   8  -0.109 |                      ***|  :                      | 
   9   0.001 |                      :  |  :                      | 
  10  -0.027 |                      : *|  :                      | 
  11   0.218 |                      :  |*****                    | 
  12   0.159 +                      :  |++++                     + 
  13   0.027 |                      :  |* :                      | 
  14  -0.053 |                      : *|  :                      | 
  15   0.039 |                      :  |* :                      | 
  16   0.024 |                      :  |* :                      | 
  17  -0.035 |                      : *|  :                      | 
  18  -0.059 |                      : *|  :                      | 
  19  -0.040 |                      : *|  :                      | 
  20  -0.036 |                      : *|  :                      | 
  21  -0.027 |                      : *|  :                      | 
  22  -0.049 |                      : *|  :                      | 
  23  -0.039 |                      : *|  :                      | 
  24  -0.019 +                      :  |  :                      + 
  25   0.081 |                      :  |**:                      | 
  26  -0.077 |                      :**|  :                      | 
  27  -0.033 |                      : *|  :                      | 
  28  -0.089 |                      :**|  :                      | 
  29  -0.030 |                      : *|  :                      | 
  30   0.008 |                      :  |  :                      | 
  31  -0.024 |                      : *|  :                      | 
  32  -0.019 |                      :  |  :                      | 
  33  -0.036 |                      : *|  :                      | 
  34  -0.052 |                      : *|  :                      | 
  35  -0.013 |                      :  |  :                      | 
  36   0.139 +                      :  |+++                      + 
  37   0.059 |                      :  |* :                      | 
  38  -0.039 |                      : *|  :                      | 
  39  -0.010 |                      :  |  :                      | 
  40  -0.017 |                      :  |  :                      | 
  41  -0.042 |                      : *|  :                      | 
  42   0.015 |                      :  |  :                      | 
-------------+-------------------------+-------------------------+--------------
            -1                         0                         1


--- Cross-correlation functions between residuals ---

CROSS CORRELATION a[2] (IPC_FR) - a[1] (IPC_ES)
      IPC_FR --> IPC_ES IF k > 0
      IPC_ES --> IPC_FR IF k < 0
CCF BANDS  2.0/SQRT(N) =  0.13640:

            -1                         0                         1
-------------+-------------------------+-------------------------+--------------
  -9  -0.028 |                      : *|  :                      |                            
  -8   0.082 |                      :  |**:                      |                            
  -7  -0.091 |                      :**|  :                      |                            
  -6   0.163 |                      :  |****                     |                            
  -5   0.013 |                      :  |  :                      |                            
  -4   0.038 |                      :  |* :                      |                            
  -3  -0.014 |                      :  |  :                      |                            
  -2  -0.017 |                      :  |  :                      |                            
  -1   0.296 |                      :  |*******                  |                            
   0   0.464 |                      :  |************             |                            
   1   0.008 |                      :  |  :                      |                            
   2   0.078 |                      :  |**:                      |                            
   3  -0.029 |                      : *|  :                      |                            
   4   0.080 |                      :  |**:                      |                            
   5  -0.071 |                      :**|  :                      |                            
   6   0.202 |                      :  |*****                    |                            
   7   0.060 |                      :  |* :                      |                            
   8  -0.036 |                      : *|  :                      |                            
   9   0.060 |                      :  |**:                      |                            
-------------+-------------------------+-------------------------+--------------
            -1                         0                         1
Q(10) = 61.888     k >= 0      Q( 9) = 15.071      k > 0
Q(10) = 75.800     k <= 0      Q( 9) = 28.983      k < 0

CROSS CORRELATION a[3] (IPC_DE) - a[1] (IPC_ES)
      IPC_DE --> IPC_ES IF k > 0
      IPC_ES --> IPC_DE IF k < 0
CCF BANDS  2.0/SQRT(N) =  0.13640:

            -1                         0                         1
-------------+-------------------------+-------------------------+--------------
  -9   0.024 |                      :  |* :                      |                            
  -8  -0.039 |                      : *|  :                      |                            
  -7   0.020 |                      :  |* :                      |                            
  -6  -0.012 |                      :  |  :                      |                            
  -5   0.039 |                      :  |* :                      |                            
  -4   0.069 |                      :  |**:                      |                            
  -3  -0.026 |                      : *|  :                      |                            
  -2  -0.015 |                      :  |  :                      |                            
  -1  -0.007 |                      :  |  :                      |                            
   0   0.508 |                      :  |*************            |                            
   1   0.146 |                      :  |****                     |                            
   2   0.004 |                      :  |  :                      |                            
   3  -0.020 |                      :  |  :                      |                            
   4  -0.047 |                      : *|  :                      |                            
   5  -0.063 |                      :**|  :                      |                            
   6   0.055 |                      :  |* :                      |                            
   7   0.092 |                      :  |**:                      |                            
   8  -0.037 |                      : *|  :                      |                            
   9   0.004 |                      :  |  :                      |                            
-------------+-------------------------+-------------------------+--------------
            -1                         0                         1
Q(10) = 65.056     k >= 0      Q( 9) =  8.986      k > 0
Q(10) = 58.257     k <= 0      Q( 9) =  2.187      k < 0

CROSS CORRELATION a[3] (IPC_DE) - a[2] (IPC_FR)
      IPC_DE --> IPC_FR IF k > 0
      IPC_FR --> IPC_DE IF k < 0
CCF BANDS  2.0/SQRT(N) =  0.13640:

            -1                         0                         1
-------------+-------------------------+-------------------------+--------------
  -9   0.051 |                      :  |* :                      |                            
  -8  -0.109 |                      ***|  :                      |                            
  -7   0.039 |                      :  |* :                      |                            
  -6   0.016 |                      :  |  :                      |                            
  -5  -0.004 |                      :  |  :                      |                            
  -4   0.023 |                      :  |* :                      |                            
  -3   0.073 |                      :  |**:                      |                            
  -2   0.049 |                      :  |* :                      |                            
  -1   0.012 |                      :  |  :                      |                            
   0   0.467 |                      :  |************             |                            
   1   0.248 |                      :  |******                   |                            
   2  -0.059 |                      : *|  :                      |                            
   3  -0.065 |                      :**|  :                      |                            
   4  -0.017 |                      :  |  :                      |                            
   5  -0.096 |                      :**|  :                      |                            
   6  -0.001 |                      :  |  :                      |                            
   7   0.034 |                      :  |* :                      |                            
   8   0.027 |                      :  |* :                      |                            
   9   0.054 |                      :  |* :                      |                            
-------------+-------------------------+-------------------------+--------------
            -1                         0                         1
Q(10) = 65.674     k >= 0      Q( 9) = 18.287      k > 0
Q(10) = 52.907     k <= 0      Q( 9) =  5.520      k < 0

=============================================================
